language,benchmark_name,execution_time_ms,memory_usage_mb,lines_of_code,cpu_cores,year,paradigm,typing,gc,popularity_index
Julia,regex_match,82.65,17.12,14,2,2025,multi-paradigm,dynamic,yes,0.88
JavaScript,mandelbrot,690.4,50.09,49,4,2023,multi-paradigm,dynamic,yes,16.16
Julia,fibonacci,38.31,6.25,18,2,2023,multi-paradigm,dynamic,yes,0.7
Python,fibonacci,1354.43,14.76,19,4,2022,multi-paradigm,dynamic,yes,26.04
Swift,mandelbrot,682.91,18.88,45,1,2021,multi-paradigm,static,optional,2.98
C++,regex_match,51.19,7.66,29,4,2023,multi-paradigm,static,no,10.39
Python,fibonacci,1515.54,15.48,14,4,2023,multi-paradigm,dynamic,yes,27.16
R,binary_trees,12041.39,1595.29,29,2,2024,multi-paradigm,dynamic,yes,1.5
Go,sort_large_array,278.55,248.68,30,2,2020,multi-paradigm,static,yes,3.15
Java,spectral_norm,735.75,43.3,59,1,2025,oop,static,yes,14.55
Scala,mandelbrot,1280.27,65.55,44,1,2024,multi-paradigm,static,yes,1.2
Rust,spectral_norm,231.93,9.05,53,1,2024,multi-paradigm,static,no,3.0
Scala,json_parse,151.39,120.85,23,2,2020,multi-paradigm,static,yes,1.38
Java,fibonacci,135.68,8.68,32,1,2022,oop,static,yes,15.6
Python,sort_large_array,2211.56,994.62,24,8,2021,multi-paradigm,dynamic,yes,24.36
C++,binary_trees,128.55,516.33,72,16,2024,multi-paradigm,static,no,10.5
Kotlin,json_parse,94.2,206.31,20,8,2025,multi-paradigm,static,yes,2.94
Swift,matrix_multiply,395.57,112.73,33,1,2025,multi-paradigm,static,optional,3.57
Rust,json_parse,45.75,22.81,36,1,2023,multi-paradigm,static,no,2.55
Haskell,json_parse,108.56,94.47,19,4,2024,functional,static,yes,0.5
Java,file_io,338.2,79.0,47,1,2025,oop,static,yes,14.55
Rust,matrix_multiply,54.73,145.41,41,16,2024,multi-paradigm,static,no,3.0
R,file_io,3330.23,116.77,26,2,2025,multi-paradigm,dynamic,yes,1.44
Rust,regex_match,31.77,5.97,22,2,2023,multi-paradigm,static,no,2.55
Kotlin,matrix_multiply,612.37,198.4,36,1,2021,multi-paradigm,static,yes,2.02
JavaScript,sort_large_array,714.42,474.5,30,1,2024,multi-paradigm,dynamic,yes,16.0
Python,binary_trees,12529.0,1151.39,33,1,2023,multi-paradigm,dynamic,yes,27.16
Kotlin,spectral_norm,759.61,45.04,33,1,2025,multi-paradigm,static,yes,2.94
Python,spectral_norm,5048.85,64.35,30,2,2023,multi-paradigm,dynamic,yes,27.16
R,http_server,5889.57,261.67,45,1,2025,multi-paradigm,dynamic,yes,1.44
Haskell,matrix_multiply,479.96,163.04,23,2,2024,functional,static,yes,0.5
Python,binary_trees,6379.23,1963.2,32,8,2023,multi-paradigm,dynamic,yes,27.16
R,json_parse,951.65,197.42,21,4,2020,multi-paradigm,dynamic,yes,1.8
Swift,mandelbrot,586.85,19.07,40,1,2023,multi-paradigm,static,optional,3.32
Haskell,json_parse,106.42,135.28,22,8,2021,functional,static,yes,0.53
Rust,binary_trees,314.73,258.57,51,2,2023,multi-paradigm,static,no,2.55
Ruby,mandelbrot,5675.15,78.92,39,2,2023,oop,dynamic,yes,1.89
Scala,fibonacci,138.02,15.38,17,4,2021,multi-paradigm,static,yes,1.32
Java,http_server,505.87,151.77,90,1,2020,oop,static,yes,16.5
Rust,regex_match,29.44,6.14,21,4,2025,multi-paradigm,static,no,3.45
Kotlin,matrix_multiply,337.18,331.41,30,2,2022,multi-paradigm,static,yes,2.32
TypeScript,spectral_norm,884.21,39.54,36,2,2023,multi-paradigm,gradual,yes,7.65
C#,regex_match,160.39,21.25,23,1,2024,oop,static,yes,7.0
Swift,sort_large_array,167.84,216.75,35,2,2024,multi-paradigm,static,optional,3.5
Go,spectral_norm,583.63,21.59,53,1,2023,multi-paradigm,static,yes,4.19
Scala,binary_trees,1535.88,1070.79,27,1,2020,multi-paradigm,static,yes,1.38
Scala,matrix_multiply,420.19,315.63,21,2,2021,multi-paradigm,static,yes,1.32
C#,file_io,412.33,66.68,33,2,2024,oop,static,yes,7.0
Haskell,json_parse,140.21,65.08,19,1,2020,functional,static,yes,0.55
Rust,binary_trees,313.6,225.84,63,2,2025,multi-paradigm,static,no,3.45
JavaScript,fibonacci,225.9,12.23,22,4,2022,multi-paradigm,dynamic,yes,16.32
Julia,binary_trees,543.23,683.07,36,2,2021,multi-paradigm,dynamic,yes,0.5
Python,spectral_norm,3101.8,61.65,28,4,2025,multi-paradigm,dynamic,yes,28.56
Kotlin,matrix_multiply,752.42,293.09,36,1,2020,multi-paradigm,static,yes,1.68
Ruby,mandelbrot,4346.94,83.13,36,4,2023,oop,dynamic,yes,1.89
Swift,fibonacci,81.8,4.92,15,4,2021,multi-paradigm,static,optional,2.98
Rust,spectral_norm,165.99,8.18,54,2,2022,multi-paradigm,static,no,2.1
Go,http_server,59.83,125.79,78,8,2021,multi-paradigm,static,yes,3.51
JavaScript,http_server,352.06,165.49,62,2,2022,multi-paradigm,dynamic,yes,16.32
Scala,matrix_multiply,224.48,581.8,26,8,2023,multi-paradigm,static,yes,1.22
Rust,binary_trees,390.92,207.25,49,1,2024,multi-paradigm,static,no,3.0
Julia,sort_large_array,126.85,409.73,25,4,2025,multi-paradigm,dynamic,yes,0.88
Java,regex_match,154.29,22.68,27,1,2025,oop,static,yes,14.55
Scala,json_parse,158.79,137.57,18,1,2024,multi-paradigm,static,yes,1.2
Haskell,http_server,360.58,129.25,35,4,2022,functional,static,yes,0.51
Kotlin,matrix_multiply,289.21,350.34,32,4,2024,multi-paradigm,static,yes,2.8
Kotlin,fibonacci,174.29,11.74,17,1,2020,multi-paradigm,static,yes,1.68
Swift,file_io,327.09,24.54,26,1,2022,multi-paradigm,static,optional,3.15
Rust,http_server,111.9,37.2,79,4,2020,multi-paradigm,static,no,1.2
R,mandelbrot,6946.0,91.57,39,2,2023,multi-paradigm,dynamic,yes,1.53
C++,fibonacci,40.58,2.13,37,4,2025,multi-paradigm,static,no,10.61
R,json_parse,871.05,172.7,20,4,2024,multi-paradigm,dynamic,yes,1.5
C#,http_server,830.97,114.64,59,1,2022,oop,static,yes,6.72
Swift,spectral_norm,495.3,18.72,33,1,2023,multi-paradigm,static,optional,3.32
TypeScript,regex_match,366.82,25.68,17,1,2020,multi-paradigm,gradual,yes,4.68
Elixir,sort_large_array,482.63,670.24,24,4,2025,functional,dynamic,yes,0.65
Haskell,http_server,843.62,129.05,42,1,2022,functional,static,yes,0.51
Ruby,regex_match,1911.01,40.68,11,4,2024,oop,dynamic,yes,1.8
Elixir,binary_trees,1856.36,1080.75,30,2,2025,functional,dynamic,yes,0.65
Python,json_parse,1003.88,144.72,20,4,2022,multi-paradigm,dynamic,yes,26.04
Java,binary_trees,816.51,1100.41,74,1,2024,oop,static,yes,15.0
C#,json_parse,93.6,91.83,32,4,2025,oop,static,yes,7.07
Swift,regex_match,78.28,10.41,16,4,2021,multi-paradigm,static,optional,2.98
JavaScript,file_io,444.78,149.89,28,16,2023,multi-paradigm,dynamic,yes,16.16
Elixir,sort_large_array,592.84,559.19,26,4,2022,functional,dynamic,yes,0.48
Haskell,sort_large_array,407.7,295.73,19,1,2023,functional,static,yes,0.51
Haskell,regex_match,145.37,31.05,13,8,2020,functional,static,yes,0.55
C++,http_server,123.05,84.87,85,16,2023,multi-paradigm,static,no,10.39
TypeScript,binary_trees,1430.15,1138.33,44,2,2022,multi-paradigm,gradual,yes,6.63
Java,fibonacci,117.09,8.43,32,2,2024,oop,static,yes,15.0
Go,matrix_multiply,303.8,144.05,41,2,2020,multi-paradigm,static,yes,3.15
Julia,binary_trees,636.97,512.39,24,1,2023,multi-paradigm,dynamic,yes,0.7
Kotlin,http_server,795.98,177.76,51,1,2020,multi-paradigm,static,yes,1.68
C++,mandelbrot,335.88,10.37,87,1,2024,multi-paradigm,static,no,10.5
JavaScript,file_io,765.23,71.53,33,2,2020,multi-paradigm,dynamic,yes,16.8
TypeScript,matrix_multiply,344.1,471.4,40,8,2025,multi-paradigm,gradual,yes,9.18
Go,regex_match,84.9,18.0,18,4,2022,multi-paradigm,static,yes,3.82
Kotlin,fibonacci,160.81,12.87,18,1,2021,multi-paradigm,static,yes,2.02
Scala,sort_large_array,515.92,596.88,25,1,2023,multi-paradigm,static,yes,1.22
C#,regex_match,130.68,28.6,16,4,2022,oop,static,yes,6.72
Kotlin,http_server,814.28,176.79,41,1,2025,multi-paradigm,static,yes,2.94
TypeScript,http_server,518.9,192.03,45,4,2022,multi-paradigm,gradual,yes,6.63
Kotlin,file_io,450.65,130.0,28,4,2021,multi-paradigm,static,yes,2.02
C#,http_server,683.58,128.51,61,1,2024,oop,static,yes,7.0
Java,mandelbrot,369.12,61.82,62,4,2020,oop,static,yes,16.5
Haskell,binary_trees,1261.36,525.6,31,1,2024,functional,static,yes,0.5
Swift,spectral_norm,209.31,20.98,37,4,2022,multi-paradigm,static,optional,3.15
Julia,matrix_multiply,89.68,147.22,32,2,2023,multi-paradigm,dynamic,yes,0.7
Julia,binary_trees,598.14,679.3,38,2,2020,multi-paradigm,dynamic,yes,0.4
R,http_server,3271.11,287.56,34,2,2023,multi-paradigm,dynamic,yes,1.53
Java,json_parse,135.33,108.04,33,1,2022,oop,static,yes,15.6
Swift,file_io,293.09,43.35,37,4,2023,multi-paradigm,static,optional,3.32
Elixir,http_server,152.93,338.74,46,16,2025,functional,dynamic,yes,0.65
C++,spectral_norm,88.99,19.28,68,16,2022,multi-paradigm,static,no,10.29
Java,json_parse,103.04,147.53,37,4,2024,oop,static,yes,15.0
Rust,spectral_norm,121.01,10.88,61,4,2022,multi-paradigm,static,no,2.1
Julia,json_parse,100.61,56.49,14,2,2023,multi-paradigm,dynamic,yes,0.7
Ruby,file_io,2911.74,136.3,28,2,2023,oop,dynamic,yes,1.89
Kotlin,mandelbrot,1099.97,60.38,51,1,2022,multi-paradigm,static,yes,2.32
Rust,json_parse,30.26,30.27,29,4,2025,multi-paradigm,static,no,3.45
C#,http_server,276.66,147.13,81,4,2022,oop,static,yes,6.72
TypeScript,fibonacci,310.09,10.04,17,1,2020,multi-paradigm,gradual,yes,4.68
Swift,binary_trees,545.95,515.25,47,2,2023,multi-paradigm,static,optional,3.32
Go,spectral_norm,256.8,25.87,44,4,2025,multi-paradigm,static,yes,4.63
C++,binary_trees,155.06,405.72,59,8,2025,multi-paradigm,static,no,10.61
Julia,file_io,334.76,38.65,23,1,2024,multi-paradigm,dynamic,yes,0.8
Java,spectral_norm,225.49,68.58,52,8,2023,oop,static,yes,15.3
Swift,matrix_multiply,204.24,90.58,40,2,2021,multi-paradigm,static,optional,2.98
Scala,fibonacci,127.55,18.45,18,8,2023,multi-paradigm,static,yes,1.22
Elixir,fibonacci,386.15,11.69,17,1,2023,functional,dynamic,yes,0.54
TypeScript,file_io,614.97,92.77,26,2,2022,multi-paradigm,gradual,yes,6.63
TypeScript,mandelbrot,395.53,115.32,50,16,2022,multi-paradigm,gradual,yes,6.63
Python,sort_large_array,4405.3,710.42,22,1,2025,multi-paradigm,dynamic,yes,28.56
R,spectral_norm,7198.87,80.73,24,2,2025,multi-paradigm,dynamic,yes,1.44
Swift,fibonacci,81.44,4.17,19,1,2023,multi-paradigm,static,optional,3.32
R,file_io,4267.19,148.35,20,1,2023,multi-paradigm,dynamic,yes,1.53
Java,file_io,285.19,92.88,48,4,2020,oop,static,yes,16.5
R,binary_trees,7754.39,2700.44,34,8,2025,multi-paradigm,dynamic,yes,1.44
C#,file_io,375.74,75.25,40,2,2021,oop,static,yes,6.51
Java,mandelbrot,386.02,63.39,68,4,2025,oop,static,yes,14.55
C#,fibonacci,101.36,7.9,25,2,2025,oop,static,yes,7.07
Julia,mandelbrot,191.81,38.34,47,4,2025,multi-paradigm,dynamic,yes,0.88
Ruby,mandelbrot,6223.67,82.09,27,2,2023,oop,dynamic,yes,1.89
Elixir,spectral_norm,656.8,108.34,36,16,2023,functional,dynamic,yes,0.54
JavaScript,json_parse,78.01,89.05,30,1,2021,multi-paradigm,dynamic,yes,16.48
Julia,sort_large_array,261.76,334.2,25,1,2023,multi-paradigm,dynamic,yes,0.7
Julia,sort_large_array,86.46,768.19,17,16,2025,multi-paradigm,dynamic,yes,0.88
Haskell,http_server,468.24,125.55,35,2,2023,functional,static,yes,0.51
Haskell,matrix_multiply,555.29,204.08,25,2,2023,functional,static,yes,0.51
Swift,sort_large_array,153.48,237.54,25,4,2020,multi-paradigm,static,optional,2.8
Scala,fibonacci,202.96,11.98,16,1,2022,multi-paradigm,static,yes,1.26
Kotlin,json_parse,138.11,103.1,22,1,2020,multi-paradigm,static,yes,1.68
C++,regex_match,51.19,7.55,28,4,2024,multi-paradigm,static,no,10.5
Ruby,http_server,2524.72,254.74,41,2,2024,oop,dynamic,yes,1.8
R,sort_large_array,4305.37,965.03,23,2,2025,multi-paradigm,dynamic,yes,1.44
C++,http_server,175.74,39.8,103,4,2024,multi-paradigm,static,no,10.5
Julia,spectral_norm,378.4,30.19,32,1,2024,multi-paradigm,dynamic,yes,0.8
Swift,mandelbrot,624.37,18.93,56,1,2022,multi-paradigm,static,optional,3.15
Swift,regex_match,103.66,13.53,17,2,2023,multi-paradigm,static,optional,3.32
JavaScript,fibonacci,267.57,10.41,25,1,2023,multi-paradigm,dynamic,yes,16.16
Elixir,spectral_norm,1304.13,41.91,31,2,2024,functional,dynamic,yes,0.6
Scala,mandelbrot,687.75,67.68,46,2,2023,multi-paradigm,static,yes,1.22
Java,spectral_norm,340.58,49.36,50,4,2025,oop,static,yes,14.55
R,http_server,6543.25,277.16,43,1,2024,multi-paradigm,dynamic,yes,1.5
Elixir,spectral_norm,955.19,61.57,37,4,2023,functional,dynamic,yes,0.54
Java,file_io,341.15,66.27,39,1,2022,oop,static,yes,15.6
Python,mandelbrot,6114.37,68.59,34,2,2022,multi-paradigm,dynamic,yes,26.04
Kotlin,json_parse,120.98,162.31,20,4,2021,multi-paradigm,static,yes,2.02
Haskell,matrix_multiply,791.42,168.17,28,1,2025,functional,static,yes,0.49
C++,file_io,272.06,15.8,48,1,2020,multi-paradigm,static,no,9.97
Swift,http_server,318.26,65.22,52,2,2023,multi-paradigm,static,optional,3.32
R,binary_trees,17417.95,1795.71,25,1,2020,multi-paradigm,dynamic,yes,1.8
Python,binary_trees,11249.84,1616.45,31,2,2021,multi-paradigm,dynamic,yes,24.36
JavaScript,fibonacci,307.26,9.35,22,1,2020,multi-paradigm,dynamic,yes,16.8
Julia,file_io,299.5,59.64,21,4,2024,multi-paradigm,dynamic,yes,0.8
Rust,file_io,124.69,41.42,39,16,2020,multi-paradigm,static,no,1.2
Swift,file_io,342.89,41.32,36,4,2021,multi-paradigm,static,optional,2.98
TypeScript,sort_large_array,513.66,426.76,29,2,2021,multi-paradigm,gradual,yes,5.53
Rust,file_io,182.43,14.32,38,1,2020,multi-paradigm,static,no,1.2
Go,mandelbrot,422.09,25.91,54,2,2023,multi-paradigm,static,yes,4.19
JavaScript,sort_large_array,358.55,484.25,33,4,2025,multi-paradigm,dynamic,yes,15.68
Elixir,matrix_multiply,448.11,693.07,31,16,2023,functional,dynamic,yes,0.54
Python,regex_match,2425.86,27.24,12,1,2023,multi-paradigm,dynamic,yes,27.16
Python,binary_trees,9184.16,1295.48,28,2,2021,multi-paradigm,dynamic,yes,24.36
Elixir,regex_match,419.64,29.29,15,2,2024,functional,dynamic,yes,0.6
Python,spectral_norm,7791.18,45.35,25,1,2022,multi-paradigm,dynamic,yes,26.04
Ruby,fibonacci,1574.07,13.65,20,1,2025,oop,dynamic,yes,1.71
Go,mandelbrot,863.04,22.19,53,1,2024,multi-paradigm,static,yes,4.5
Python,spectral_norm,4322.18,63.79,20,4,2020,multi-paradigm,dynamic,yes,22.4
Java,file_io,241.57,175.08,45,16,2023,oop,static,yes,15.3
R,binary_trees,17311.57,1618.66,31,1,2024,multi-paradigm,dynamic,yes,1.5
R,spectral_norm,6134.86,78.94,29,2,2022,multi-paradigm,dynamic,yes,1.59
Go,matrix_multiply,151.11,235.5,44,8,2025,multi-paradigm,static,yes,4.63
Rust,sort_large_array,162.92,106.5,40,1,2021,multi-paradigm,static,no,1.65
Rust,mandelbrot,406.28,11.68,65,1,2024,multi-paradigm,static,no,3.0
Haskell,spectral_norm,339.74,43.02,34,4,2022,functional,static,yes,0.51
Java,file_io,289.06,99.16,41,4,2023,oop,static,yes,15.3
Rust,http_server,113.12,44.06,69,4,2022,multi-paradigm,static,no,2.1
C++,http_server,468.37,25.91,110,1,2024,multi-paradigm,static,no,10.5
Elixir,sort_large_array,482.32,545.69,23,8,2022,functional,dynamic,yes,0.48
Elixir,mandelbrot,1672.01,43.5,38,2,2024,functional,dynamic,yes,0.6
Julia,binary_trees,649.59,698.36,32,2,2020,multi-paradigm,dynamic,yes,0.4
Julia,mandelbrot,136.08,60.68,45,16,2025,multi-paradigm,dynamic,yes,0.88
Go,regex_match,76.26,22.55,20,8,2023,multi-paradigm,static,yes,4.19
Haskell,json_parse,104.59,147.05,17,16,2023,functional,static,yes,0.51
Ruby,json_parse,557.65,344.77,17,16,2021,oop,dynamic,yes,2.16
Rust,mandelbrot,354.61,11.63,67,1,2025,multi-paradigm,static,no,3.45
Elixir,fibonacci,329.7,12.68,16,4,2024,functional,dynamic,yes,0.6
Scala,file_io,468.89,118.95,27,4,2025,multi-paradigm,static,yes,1.16
C#,regex_match,142.75,24.75,22,4,2021,oop,static,yes,6.51
Java,regex_match,188.31,22.64,20,1,2022,oop,static,yes,15.6
Elixir,mandelbrot,1691.3,53.28,44,2,2020,functional,dynamic,yes,0.36
Go,sort_large_array,194.5,308.55,29,4,2021,multi-paradigm,static,yes,3.51
R,fibonacci,1647.82,22.33,16,4,2020,multi-paradigm,dynamic,yes,1.8
Rust,matrix_multiply,241.0,59.36,44,1,2020,multi-paradigm,static,no,1.2
Python,file_io,2935.23,115.37,21,4,2020,multi-paradigm,dynamic,yes,22.4
C++,mandelbrot,346.63,11.02,63,1,2024,multi-paradigm,static,no,10.5
Ruby,spectral_norm,6793.54,55.51,34,1,2025,oop,dynamic,yes,1.71
Scala,fibonacci,196.37,12.48,16,1,2025,multi-paradigm,static,yes,1.16
Rust,json_parse,29.64,46.6,23,16,2023,multi-paradigm,static,no,2.55
Kotlin,regex_match,190.86,28.17,18,1,2024,multi-paradigm,static,yes,2.8
Python,mandelbrot,10388.14,54.26,36,1,2023,multi-paradigm,dynamic,yes,27.16
R,fibonacci,2306.35,15.33,16,1,2020,multi-paradigm,dynamic,yes,1.8
Julia,sort_large_array,184.09,335.61,23,2,2022,multi-paradigm,dynamic,yes,0.6
R,http_server,3696.73,200.44,34,2,2025,multi-paradigm,dynamic,yes,1.44
JavaScript,regex_match,204.47,63.66,18,16,2023,multi-paradigm,dynamic,yes,16.16
Scala,spectral_norm,386.05,64.85,31,4,2023,multi-paradigm,static,yes,1.22
Haskell,fibonacci,78.75,7.94,15,2,2024,functional,static,yes,0.5
R,binary_trees,10751.83,1638.33,32,2,2025,multi-paradigm,dynamic,yes,1.44
Ruby,fibonacci,1274.01,18.38,16,4,2025,oop,dynamic,yes,1.71
Java,http_server,270.43,187.32,70,2,2025,oop,static,yes,14.55
C#,spectral_norm,280.46,41.95,47,4,2023,oop,static,yes,6.86
Scala,fibonacci,145.22,28.21,24,16,2023,multi-paradigm,static,yes,1.22
C#,sort_large_array,196.08,507.64,35,4,2025,oop,static,yes,7.07
Rust,sort_large_array,60.68,174.37,30,8,2022,multi-paradigm,static,no,2.1
R,json_parse,980.83,136.84,16,2,2025,multi-paradigm,dynamic,yes,1.44
Kotlin,json_parse,97.36,124.72,21,2,2023,multi-paradigm,static,yes,2.58
C++,file_io,273.43,17.94,41,4,2024,multi-paradigm,static,no,10.5
Scala,mandelbrot,487.18,78.89,42,4,2021,multi-paradigm,static,yes,1.32
Ruby,fibonacci,1302.14,18.53,14,4,2025,oop,dynamic,yes,1.71
C#,sort_large_array,365.24,425.79,36,1,2025,oop,static,yes,7.07
Rust,regex_match,24.19,6.99,24,4,2024,multi-paradigm,static,no,3.0
Haskell,matrix_multiply,403.48,221.83,27,4,2025,functional,static,yes,0.49
Kotlin,sort_large_array,441.13,635.57,22,1,2020,multi-paradigm,static,yes,1.68
Ruby,regex_match,1964.38,47.07,14,4,2021,oop,dynamic,yes,2.16
Haskell,binary_trees,1286.71,726.84,29,1,2024,functional,static,yes,0.5
Python,binary_trees,10962.5,1348.17,32,2,2023,multi-paradigm,dynamic,yes,27.16
Go,regex_match,65.61,29.86,19,16,2024,multi-paradigm,static,yes,4.5
Rust,json_parse,40.75,31.33,31,4,2021,multi-paradigm,static,no,1.65
C#,binary_trees,389.88,2501.49,50,16,2020,oop,static,yes,6.3
R,json_parse,864.95,185.38,17,1,2024,multi-paradigm,dynamic,yes,1.5
C++,json_parse,65.57,25.58,46,4,2025,multi-paradigm,static,no,10.61
Rust,http_server,96.45,43.58,60,4,2023,multi-paradigm,static,no,2.55
Haskell,file_io,394.73,62.61,24,4,2024,functional,static,yes,0.5
Python,http_server,9494.98,179.76,48,1,2025,multi-paradigm,dynamic,yes,28.56
JavaScript,binary_trees,801.45,1837.23,39,16,2024,multi-paradigm,dynamic,yes,16.0
Rust,json_parse,26.86,50.89,24,16,2025,multi-paradigm,static,no,3.45
JavaScript,binary_trees,1337.15,1187.93,53,4,2021,multi-paradigm,dynamic,yes,16.48
Swift,spectral_norm,108.84,32.72,36,16,2024,multi-paradigm,static,optional,3.5
TypeScript,spectral_norm,1371.2,31.68,44,1,2023,multi-paradigm,gradual,yes,7.65
C#,mandelbrot,394.03,46.01,71,2,2025,oop,static,yes,7.07
Scala,file_io,541.67,104.9,27,2,2023,multi-paradigm,static,yes,1.22
Kotlin,http_server,300.05,174.08,51,4,2023,multi-paradigm,static,yes,2.58
Kotlin,json_parse,111.57,139.59,23,4,2025,multi-paradigm,static,yes,2.94
C#,http_server,244.41,179.31,81,8,2024,oop,static,yes,7.0
Julia,binary_trees,569.91,675.57,37,1,2023,multi-paradigm,dynamic,yes,0.7
Scala,file_io,483.61,84.49,29,2,2023,multi-paradigm,static,yes,1.22
Kotlin,http_server,300.7,206.14,60,4,2023,multi-paradigm,static,yes,2.58
Scala,http_server,941.03,166.26,35,1,2023,multi-paradigm,static,yes,1.22
Java,fibonacci,127.99,13.58,29,4,2023,oop,static,yes,15.3
Kotlin,file_io,405.72,116.73,32,4,2022,multi-paradigm,static,yes,2.32
Rust,mandelbrot,134.14,15.06,58,4,2025,multi-paradigm,static,no,3.45
TypeScript,spectral_norm,1418.06,38.61,46,1,2021,multi-paradigm,gradual,yes,5.53
Java,file_io,238.02,129.96,54,8,2022,oop,static,yes,15.6
C#,regex_match,165.39,20.89,24,2,2020,oop,static,yes,6.3
Java,json_parse,102.98,151.33,42,4,2022,oop,static,yes,15.6
TypeScript,json_parse,151.07,130.78,31,2,2023,multi-paradigm,gradual,yes,7.65
Haskell,spectral_norm,811.53,28.67,29,1,2024,functional,static,yes,0.5
Go,binary_trees,362.01,602.79,40,4,2021,multi-paradigm,static,yes,3.51
JavaScript,regex_match,310.45,19.77,18,1,2022,multi-paradigm,dynamic,yes,16.32
Ruby,json_parse,634.92,193.02,22,4,2022,oop,dynamic,yes,1.98
JavaScript,sort_large_array,832.19,475.66,26,1,2021,multi-paradigm,dynamic,yes,16.48
Scala,http_server,367.5,245.61,41,4,2021,multi-paradigm,static,yes,1.32
Rust,json_parse,43.21,26.96,35,2,2024,multi-paradigm,static,no,3.0
Kotlin,http_server,219.04,467.35,50,16,2021,multi-paradigm,static,yes,2.02
Go,file_io,189.33,34.54,44,2,2024,multi-paradigm,static,yes,4.5
Rust,mandelbrot,227.65,11.36,66,2,2020,multi-paradigm,static,no,1.2
Java,sort_large_array,287.85,565.39,43,2,2021,oop,static,yes,16.05
Ruby,sort_large_array,2316.39,836.78,15,4,2024,oop,dynamic,yes,1.8
Rust,regex_match,25.54,6.74,23,4,2023,multi-paradigm,static,no,2.55
C#,spectral_norm,616.75,28.79,45,1,2024,oop,static,yes,7.0
Elixir,binary_trees,3603.63,958.18,26,1,2023,functional,dynamic,yes,0.54
Kotlin,mandelbrot,1082.51,51.43,51,1,2025,multi-paradigm,static,yes,2.94
Java,mandelbrot,619.96,55.06,73,2,2022,oop,static,yes,15.6
Elixir,matrix_multiply,1024.13,249.19,34,2,2024,functional,dynamic,yes,0.6
JavaScript,sort_large_array,280.22,1172.46,28,16,2022,multi-paradigm,dynamic,yes,16.32
Elixir,regex_match,391.42,34.11,13,4,2025,functional,dynamic,yes,0.65
Ruby,regex_match,2446.67,34.19,13,1,2024,oop,dynamic,yes,1.8
Scala,fibonacci,108.9,20.17,22,8,2023,multi-paradigm,static,yes,1.22
Haskell,file_io,473.47,58.5,22,1,2024,functional,static,yes,0.5
TypeScript,http_server,521.7,126.47,55,2,2025,multi-paradigm,gradual,yes,9.18
Go,binary_trees,491.37,459.79,46,1,2024,multi-paradigm,static,yes,4.5
C++,spectral_norm,80.26,12.16,56,8,2024,multi-paradigm,static,no,10.5
C#,fibonacci,99.5,8.86,26,2,2021,oop,static,yes,6.51
TypeScript,fibonacci,189.19,9.64,20,4,2025,multi-paradigm,gradual,yes,9.18
Swift,spectral_norm,343.79,16.13,36,2,2022,multi-paradigm,static,optional,3.15
JavaScript,binary_trees,1331.85,1271.99,45,2,2022,multi-paradigm,dynamic,yes,16.32
C++,json_parse,67.35,25.09,34,4,2020,multi-paradigm,static,no,9.97
Elixir,regex_match,466.16,24.08,14,1,2023,functional,dynamic,yes,0.54
Elixir,spectral_norm,1442.33,37.2,34,2,2023,functional,dynamic,yes,0.54
Swift,binary_trees,534.43,468.15,38,2,2021,multi-paradigm,static,optional,2.98
R,matrix_multiply,6288.14,423.25,25,1,2025,multi-paradigm,dynamic,yes,1.44
TypeScript,fibonacci,227.36,10.56,17,1,2022,multi-paradigm,gradual,yes,6.63
Ruby,http_server,2668.4,220.7,41,2,2023,oop,dynamic,yes,1.89
Julia,fibonacci,43.56,6.05,14,1,2025,multi-paradigm,dynamic,yes,0.88
Julia,mandelbrot,568.17,30.8,37,1,2024,multi-paradigm,dynamic,yes,0.8
Swift,json_parse,76.61,48.1,25,4,2023,multi-paradigm,static,optional,3.32
Swift,file_io,285.03,35.88,27,4,2025,multi-paradigm,static,optional,3.57
Kotlin,json_parse,115.9,107.34,24,2,2024,multi-paradigm,static,yes,2.8
JavaScript,file_io,692.09,76.03,39,1,2024,multi-paradigm,dynamic,yes,16.0
Go,sort_large_array,218.28,253.7,31,2,2024,multi-paradigm,static,yes,4.5
Elixir,sort_large_array,794.05,626.06,28,2,2024,functional,dynamic,yes,0.6
C#,mandelbrot,503.51,41.64,64,2,2023,oop,static,yes,6.86
Scala,mandelbrot,730.32,77.55,47,2,2021,multi-paradigm,static,yes,1.32
C#,regex_match,138.75,36.58,22,8,2020,oop,static,yes,6.3
Haskell,http_server,766.41,108.16,43,1,2025,functional,static,yes,0.49
JavaScript,binary_trees,1304.35,1264.4,37,4,2024,multi-paradigm,dynamic,yes,16.0
JavaScript,sort_large_array,569.89,560.15,31,2,2020,multi-paradigm,dynamic,yes,16.8
TypeScript,json_parse,158.39,93.69,24,1,2021,multi-paradigm,gradual,yes,5.53
C++,fibonacci,47.35,2.07,31,1,2023,multi-paradigm,static,no,10.39
Scala,binary_trees,553.62,2818.24,32,16,2024,multi-paradigm,static,yes,1.2
C++,fibonacci,43.56,2.26,31,2,2021,multi-paradigm,static,no,10.08
Ruby,spectral_norm,4833.32,59.03,29,2,2024,oop,dynamic,yes,1.8
Kotlin,regex_match,164.63,31.9,16,4,2020,multi-paradigm,static,yes,1.68
Kotlin,http_server,424.65,162.66,48,2,2023,multi-paradigm,static,yes,2.58
Rust,spectral_norm,270.51,9.63,44,1,2020,multi-paradigm,static,no,1.2
Ruby,spectral_norm,3216.08,70.92,32,4,2024,oop,dynamic,yes,1.8
Rust,file_io,108.08,39.03,46,16,2023,multi-paradigm,static,no,2.55
Kotlin,mandelbrot,1122.91,54.88,32,1,2020,multi-paradigm,static,yes,1.68
C#,binary_trees,822.24,886.82,51,1,2025,oop,static,yes,7.07
Julia,matrix_multiply,67.88,174.83,24,2,2024,multi-paradigm,dynamic,yes,0.8
Swift,file_io,360.03,37.22,28,2,2022,multi-paradigm,static,optional,3.15
Ruby,mandelbrot,11901.12,76.68,39,1,2021,oop,dynamic,yes,2.16
Swift,json_parse,102.89,45.62,26,4,2020,multi-paradigm,static,optional,2.8
C++,sort_large_array,109.53,102.93,48,2,2024,multi-paradigm,static,no,10.5
Elixir,regex_match,497.87,25.85,19,2,2020,functional,dynamic,yes,0.36
Elixir,spectral_norm,595.7,107.14,30,16,2025,functional,dynamic,yes,0.65
Python,matrix_multiply,1428.12,432.7,30,4,2025,multi-paradigm,dynamic,yes,28.56
Go,fibonacci,134.47,5.12,20,1,2020,multi-paradigm,static,yes,3.15
Elixir,spectral_norm,651.08,66.67,28,8,2025,functional,dynamic,yes,0.65
Java,binary_trees,345.91,3294.68,60,16,2024,oop,static,yes,15.0
Julia,regex_match,121.3,18.41,11,4,2020,multi-paradigm,dynamic,yes,0.4
Ruby,file_io,2705.12,150.39,19,4,2022,oop,dynamic,yes,1.98
JavaScript,matrix_multiply,278.84,406.41,38,8,2021,multi-paradigm,dynamic,yes,16.48
Julia,file_io,298.19,74.02,25,8,2023,multi-paradigm,dynamic,yes,0.7
Julia,file_io,249.86,97.55,20,16,2024,multi-paradigm,dynamic,yes,0.8
C++,fibonacci,56.76,2.17,32,1,2023,multi-paradigm,static,no,10.39
R,sort_large_array,2491.59,1357.04,20,8,2024,multi-paradigm,dynamic,yes,1.5
Rust,binary_trees,299.36,276.25,50,4,2020,multi-paradigm,static,no,1.2
Scala,sort_large_array,348.17,723.84,24,2,2025,multi-paradigm,static,yes,1.16
Python,spectral_norm,4963.53,58.24,27,2,2025,multi-paradigm,dynamic,yes,28.56
TypeScript,regex_match,348.84,24.86,19,1,2023,multi-paradigm,gradual,yes,7.65
JavaScript,binary_trees,2078.01,958.66,37,1,2023,multi-paradigm,dynamic,yes,16.16
Go,file_io,140.65,110.52,41,16,2022,multi-paradigm,static,yes,3.82
C#,matrix_multiply,528.98,214.26,34,1,2024,oop,static,yes,7.0
TypeScript,mandelbrot,2108.61,39.56,60,1,2023,multi-paradigm,gradual,yes,7.65
Julia,sort_large_array,159.55,299.84,26,2,2024,multi-paradigm,dynamic,yes,0.8
Go,http_server,125.45,88.8,61,2,2022,multi-paradigm,static,yes,3.82
Haskell,spectral_norm,344.86,40.51,29,4,2025,functional,static,yes,0.49
Julia,spectral_norm,157.39,33.97,33,8,2024,multi-paradigm,dynamic,yes,0.8
Java,mandelbrot,1071.71,38.99,75,1,2023,oop,static,yes,15.3
C++,json_parse,93.41,24.24,48,1,2020,multi-paradigm,static,no,9.97
C++,regex_match,64.68,5.74,27,1,2020,multi-paradigm,static,no,9.97
Rust,file_io,122.82,20.8,42,2,2021,multi-paradigm,static,no,1.65
Swift,json_parse,91.71,33.98,25,2,2021,multi-paradigm,static,optional,2.98
Swift,json_parse,78.62,50.42,26,4,2023,multi-paradigm,static,optional,3.32
Swift,http_server,362.46,57.14,51,2,2021,multi-paradigm,static,optional,2.98
C++,binary_trees,187.67,308.65,76,4,2025,multi-paradigm,static,no,10.61
Go,fibonacci,96.73,5.6,24,4,2025,multi-paradigm,static,yes,4.63
Haskell,json_parse,115.27,65.22,22,2,2021,functional,static,yes,0.53
Ruby,fibonacci,1118.03,33.79,17,16,2025,oop,dynamic,yes,1.71
JavaScript,sort_large_array,296.94,720.04,32,8,2024,multi-paradigm,dynamic,yes,16.0
Go,mandelbrot,409.99,27.22,58,2,2023,multi-paradigm,static,yes,4.19
Elixir,file_io,538.58,65.74,28,1,2024,functional,dynamic,yes,0.6
Elixir,regex_match,454.01,31.69,12,4,2020,functional,dynamic,yes,0.36
Java,fibonacci,138.34,11.77,38,2,2020,oop,static,yes,16.5
Python,fibonacci,1791.21,10.84,18,1,2020,multi-paradigm,dynamic,yes,22.4
TypeScript,http_server,272.54,358.45,56,16,2021,multi-paradigm,gradual,yes,5.53
Ruby,json_parse,747.86,145.48,19,1,2023,oop,dynamic,yes,1.89
Haskell,regex_match,170.95,17.56,15,2,2022,functional,static,yes,0.51
C++,regex_match,50.67,5.63,25,4,2023,multi-paradigm,static,no,10.39
Julia,matrix_multiply,47.02,182.19,30,4,2023,multi-paradigm,dynamic,yes,0.7
TypeScript,spectral_norm,1231.64,40.61,34,1,2025,multi-paradigm,gradual,yes,9.18
C#,regex_match,155.93,22.9,21,1,2025,oop,static,yes,7.07
Haskell,binary_trees,1247.19,770.05,29,1,2025,functional,static,yes,0.49
Ruby,json_parse,770.74,141.82,20,1,2022,oop,dynamic,yes,1.98
Java,json_parse,143.38,120.2,36,1,2023,oop,static,yes,15.3
Scala,mandelbrot,485.31,84.97,40,4,2021,multi-paradigm,static,yes,1.32
Java,file_io,335.04,84.53,44,1,2024,oop,static,yes,15.0
C++,binary_trees,299.38,222.38,65,2,2020,multi-paradigm,static,no,9.97
TypeScript,regex_match,283.83,28.6,22,2,2023,multi-paradigm,gradual,yes,7.65
Haskell,mandelbrot,423.7,42.6,39,4,2023,functional,static,yes,0.51
Scala,http_server,318.99,271.42,48,4,2024,multi-paradigm,static,yes,1.2
Elixir,json_parse,302.95,109.45,20,1,2025,functional,dynamic,yes,0.65
Julia,spectral_norm,254.35,33.69,30,4,2020,multi-paradigm,dynamic,yes,0.4
Haskell,file_io,525.13,46.81,26,1,2020,functional,static,yes,0.55
Haskell,matrix_multiply,528.58,186.41,26,2,2022,functional,static,yes,0.51
R,http_server,2627.97,273.23,43,4,2020,multi-paradigm,dynamic,yes,1.8
Elixir,spectral_norm,814.88,59.86,33,4,2020,functional,dynamic,yes,0.36
Haskell,matrix_multiply,387.64,215.94,21,4,2025,functional,static,yes,0.49
Rust,mandelbrot,197.69,11.59,72,2,2022,multi-paradigm,static,no,2.1
C#,spectral_norm,671.34,31.9,57,1,2020,oop,static,yes,6.3
Rust,spectral_norm,116.76,11.9,45,4,2023,multi-paradigm,static,no,2.55
Scala,sort_large_array,350.72,813.2,31,2,2023,multi-paradigm,static,yes,1.22
Kotlin,fibonacci,129.18,15.53,21,4,2023,multi-paradigm,static,yes,2.58
Julia,file_io,393.44,44.39,28,1,2025,multi-paradigm,dynamic,yes,0.88
C++,spectral_norm,118.99,10.57,51,4,2022,multi-paradigm,static,no,10.29
C#,matrix_multiply,321.08,200.59,49,2,2024,oop,static,yes,7.0
Python,regex_match,1822.68,39.69,12,8,2021,multi-paradigm,dynamic,yes,24.36
C#,matrix_multiply,203.87,324.73,35,4,2021,oop,static,yes,6.51
Go,binary_trees,392.71,434.0,38,2,2021,multi-paradigm,static,yes,3.51
Swift,fibonacci,72.42,5.62,19,4,2024,multi-paradigm,static,optional,3.5
Elixir,fibonacci,380.03,10.21,20,1,2023,functional,dynamic,yes,0.54
C++,mandelbrot,176.41,10.18,72,2,2025,multi-paradigm,static,no,10.61
Python,file_io,2256.8,241.09,23,16,2021,multi-paradigm,dynamic,yes,24.36
Python,sort_large_array,3411.93,651.25,18,2,2025,multi-paradigm,dynamic,yes,28.56
Julia,file_io,332.47,46.99,29,1,2025,multi-paradigm,dynamic,yes,0.88
R,file_io,3574.13,112.98,19,1,2024,multi-paradigm,dynamic,yes,1.5
Swift,spectral_norm,225.89,19.25,31,4,2025,multi-paradigm,static,optional,3.57
C#,binary_trees,489.95,1216.48,43,4,2022,oop,static,yes,6.72
Python,file_io,3500.92,80.52,25,1,2020,multi-paradigm,dynamic,yes,22.4
Rust,matrix_multiply,234.09,57.16,46,1,2021,multi-paradigm,static,no,1.65
Python,sort_large_array,3697.12,540.58,21,2,2021,multi-paradigm,dynamic,yes,24.36
JavaScript,http_server,203.01,179.33,59,4,2025,multi-paradigm,dynamic,yes,15.68
Scala,json_parse,110.81,148.38,22,2,2021,multi-paradigm,static,yes,1.32
Go,json_parse,84.07,52.51,27,1,2020,multi-paradigm,static,yes,3.15
Kotlin,fibonacci,192.9,10.99,16,1,2021,multi-paradigm,static,yes,2.02
Elixir,file_io,589.61,78.32,24,1,2021,functional,dynamic,yes,0.42
Kotlin,mandelbrot,987.09,51.38,45,1,2021,multi-paradigm,static,yes,2.02
Rust,regex_match,27.88,9.33,17,4,2023,multi-paradigm,static,no,2.55
Julia,fibonacci,36.07,9.43,16,4,2024,multi-paradigm,dynamic,yes,0.8
Java,mandelbrot,319.88,71.8,79,4,2025,oop,static,yes,14.55
Julia,json_parse,122.46,57.87,23,1,2020,multi-paradigm,dynamic,yes,0.4
C#,file_io,391.35,90.39,41,4,2025,oop,static,yes,7.07
R,file_io,2904.93,189.2,25,8,2025,multi-paradigm,dynamic,yes,1.44
Haskell,fibonacci,79.51,8.15,12,4,2022,functional,static,yes,0.51
Ruby,file_io,2878.12,143.97,19,4,2022,oop,dynamic,yes,1.98
C#,matrix_multiply,167.61,382.59,37,8,2020,oop,static,yes,6.3
Ruby,matrix_multiply,3504.17,402.54,26,2,2025,oop,dynamic,yes,1.71
C#,mandelbrot,506.23,48.27,48,2,2020,oop,static,yes,6.3
Haskell,file_io,463.72,64.52,27,2,2024,functional,static,yes,0.5
Ruby,file_io,3007.09,89.45,27,1,2023,oop,dynamic,yes,1.89
Python,file_io,3036.66,114.69,21,2,2022,multi-paradigm,dynamic,yes,26.04
R,binary_trees,11495.35,1564.03,33,2,2021,multi-paradigm,dynamic,yes,1.68
C#,json_parse,77.36,220.11,28,16,2024,oop,static,yes,7.0
R,binary_trees,12695.96,1839.87,23,2,2025,multi-paradigm,dynamic,yes,1.44
Python,mandelbrot,12796.18,68.44,32,1,2020,multi-paradigm,dynamic,yes,22.4
C#,json_parse,102.06,74.12,27,1,2024,oop,static,yes,7.0
Java,mandelbrot,366.53,63.23,65,4,2021,oop,static,yes,16.05
Python,http_server,11270.45,173.2,42,1,2022,multi-paradigm,dynamic,yes,26.04
Swift,mandelbrot,218.03,20.61,55,4,2022,multi-paradigm,static,optional,3.15
TypeScript,file_io,707.11,73.59,29,1,2024,multi-paradigm,gradual,yes,8.5
Rust,file_io,132.22,24.35,40,4,2024,multi-paradigm,static,no,3.0
Python,binary_trees,7375.16,1423.48,28,4,2025,multi-paradigm,dynamic,yes,28.56
Rust,fibonacci,41.46,3.64,21,8,2023,multi-paradigm,static,no,2.55
Rust,spectral_norm,117.78,11.5,45,4,2023,multi-paradigm,static,no,2.55
JavaScript,fibonacci,246.73,8.25,24,1,2023,multi-paradigm,dynamic,yes,16.16
Kotlin,regex_match,143.64,32.66,14,2,2025,multi-paradigm,static,yes,2.94
Julia,spectral_norm,238.05,26.62,36,4,2021,multi-paradigm,dynamic,yes,0.5
Julia,mandelbrot,338.14,25.15,36,2,2024,multi-paradigm,dynamic,yes,0.8
Swift,binary_trees,295.1,1076.07,45,16,2020,multi-paradigm,static,optional,2.8
TypeScript,matrix_multiply,902.24,237.55,37,1,2022,multi-paradigm,gradual,yes,6.63
Python,json_parse,971.47,218.4,19,8,2020,multi-paradigm,dynamic,yes,22.4
Scala,http_server,951.16,176.95,47,1,2021,multi-paradigm,static,yes,1.32
Rust,json_parse,45.59,20.63,29,1,2021,multi-paradigm,static,no,1.65
Java,file_io,342.35,85.53,41,2,2022,oop,static,yes,15.6
JavaScript,fibonacci,211.94,8.87,23,2,2022,multi-paradigm,dynamic,yes,16.32
TypeScript,matrix_multiply,349.8,368.17,40,8,2023,multi-paradigm,gradual,yes,7.65
Elixir,regex_match,552.8,23.7,15,1,2021,functional,dynamic,yes,0.42
Rust,spectral_norm,158.31,10.76,63,2,2023,multi-paradigm,static,no,2.55
Ruby,http_server,3116.47,255.15,51,2,2020,oop,dynamic,yes,2.34
Kotlin,sort_large_array,305.43,632.24,26,2,2023,multi-paradigm,static,yes,2.58
Go,http_server,234.28,75.01,67,1,2021,multi-paradigm,static,yes,3.51
Rust,sort_large_array,127.64,129.67,41,2,2020,multi-paradigm,static,no,1.2
Python,regex_match,2384.18,27.92,12,1,2024,multi-paradigm,dynamic,yes,28.0
Scala,fibonacci,150.7,14.77,15,2,2023,multi-paradigm,static,yes,1.22
JavaScript,http_server,345.14,153.83,60,2,2021,multi-paradigm,dynamic,yes,16.48
R,sort_large_array,4316.71,895.12,18,2,2023,multi-paradigm,dynamic,yes,1.53
C#,http_server,703.28,126.84,70,1,2022,oop,static,yes,6.72
Kotlin,regex_match,185.22,26.32,13,1,2024,multi-paradigm,static,yes,2.8
Elixir,file_io,456.51,139.03,25,8,2025,functional,dynamic,yes,0.65
Scala,fibonacci,183.16,13.78,16,1,2025,multi-paradigm,static,yes,1.16
Python,binary_trees,14082.33,1113.5,25,1,2022,multi-paradigm,dynamic,yes,26.04
TypeScript,matrix_multiply,556.94,227.58,44,2,2025,multi-paradigm,gradual,yes,9.18
Go,json_parse,60.69,54.74,21,2,2024,multi-paradigm,static,yes,4.5
Haskell,matrix_multiply,917.48,162.66,25,1,2025,functional,static,yes,0.49
Scala,file_io,441.59,122.48,26,4,2022,multi-paradigm,static,yes,1.26
Swift,sort_large_array,118.45,341.61,24,4,2025,multi-paradigm,static,optional,3.57
Swift,sort_large_array,279.24,165.02,28,1,2022,multi-paradigm,static,optional,3.15
Julia,mandelbrot,603.09,30.12,37,1,2022,multi-paradigm,dynamic,yes,0.6
Julia,file_io,326.06,58.67,26,4,2023,multi-paradigm,dynamic,yes,0.7
C#,fibonacci,120.64,8.37,23,4,2023,oop,static,yes,6.86
R,sort_large_array,6056.03,806.41,18,1,2022,multi-paradigm,dynamic,yes,1.59
Ruby,binary_trees,9508.7,1542.13,27,2,2025,oop,dynamic,yes,1.71
Julia,spectral_norm,255.45,30.13,33,4,2021,multi-paradigm,dynamic,yes,0.5
R,spectral_norm,10597.71,78.75,27,1,2025,multi-paradigm,dynamic,yes,1.44
Go,http_server,112.24,75.21,73,2,2025,multi-paradigm,static,yes,4.63
C#,spectral_norm,654.26,36.69,48,1,2022,oop,static,yes,6.72
Kotlin,spectral_norm,405.0,64.26,34,4,2020,multi-paradigm,static,yes,1.68
Kotlin,regex_match,173.23,30.3,13,1,2025,multi-paradigm,static,yes,2.94
Rust,matrix_multiply,271.76,56.32,44,1,2020,multi-paradigm,static,no,1.2
Rust,file_io,174.94,15.36,37,1,2022,multi-paradigm,static,no,2.1
Kotlin,json_parse,132.4,128.6,25,2,2022,multi-paradigm,static,yes,2.32
C#,sort_large_array,221.43,440.78,35,2,2024,oop,static,yes,7.0
Julia,json_parse,83.66,58.59,20,1,2025,multi-paradigm,dynamic,yes,0.88
Haskell,json_parse,131.53,59.74,18,2,2023,functional,static,yes,0.51
Rust,sort_large_array,104.59,130.92,37,2,2024,multi-paradigm,static,no,3.0
Rust,http_server,304.21,36.19,76,1,2023,multi-paradigm,static,no,2.55
R,http_server,1820.68,446.46,43,8,2021,multi-paradigm,dynamic,yes,1.68
Swift,matrix_multiply,150.08,135.0,29,4,2020,multi-paradigm,static,optional,2.8
Ruby,file_io,2608.7,136.51,26,4,2020,oop,dynamic,yes,2.34
Haskell,json_parse,120.28,77.56,19,2,2025,functional,static,yes,0.49
Elixir,file_io,476.32,90.65,29,4,2022,functional,dynamic,yes,0.48
Julia,spectral_norm,201.15,31.45,33,4,2022,multi-paradigm,dynamic,yes,0.6
Swift,matrix_multiply,214.29,117.89,36,2,2024,multi-paradigm,static,optional,3.5
Haskell,mandelbrot,379.83,48.64,36,4,2025,functional,static,yes,0.49
JavaScript,fibonacci,212.09,11.94,25,4,2021,multi-paradigm,dynamic,yes,16.48
Kotlin,sort_large_array,301.2,526.97,22,2,2022,multi-paradigm,static,yes,2.32
Java,file_io,301.87,79.45,37,2,2021,oop,static,yes,16.05
R,mandelbrot,3779.53,130.93,33,8,2024,multi-paradigm,dynamic,yes,1.5
Go,mandelbrot,780.44,24.68,68,1,2025,multi-paradigm,static,yes,4.63
JavaScript,http_server,207.95,183.81,47,4,2025,multi-paradigm,dynamic,yes,15.68
Ruby,http_server,2708.76,243.25,42,2,2022,oop,dynamic,yes,1.98
Go,file_io,192.4,44.23,32,2,2025,multi-paradigm,static,yes,4.63
JavaScript,matrix_multiply,468.28,248.59,35,4,2022,multi-paradigm,dynamic,yes,16.32
Ruby,sort_large_array,3195.14,847.02,23,2,2022,oop,dynamic,yes,1.98
TypeScript,spectral_norm,677.15,44.61,33,4,2024,multi-paradigm,gradual,yes,8.5
Rust,file_io,106.13,42.42,43,16,2024,multi-paradigm,static,no,3.0
Rust,spectral_norm,153.87,9.44,47,2,2025,multi-paradigm,static,no,3.45
Ruby,binary_trees,7353.12,1822.1,33,4,2024,oop,dynamic,yes,1.8
JavaScript,spectral_norm,947.81,34.59,46,2,2022,multi-paradigm,dynamic,yes,16.32
R,mandelbrot,5149.54,95.66,39,4,2022,multi-paradigm,dynamic,yes,1.59
Scala,json_parse,123.08,136.28,19,4,2020,multi-paradigm,static,yes,1.38
JavaScript,regex_match,235.12,29.35,19,4,2022,multi-paradigm,dynamic,yes,16.32
Julia,file_io,421.99,48.38,21,1,2022,multi-paradigm,dynamic,yes,0.6
Java,regex_match,154.46,31.94,19,4,2020,oop,static,yes,16.5
TypeScript,spectral_norm,857.97,46.38,46,2,2024,multi-paradigm,gradual,yes,8.5
R,sort_large_array,3102.98,1104.55,24,4,2023,multi-paradigm,dynamic,yes,1.53
Rust,fibonacci,42.2,2.59,19,4,2025,multi-paradigm,static,no,3.45
Python,json_parse,1043.89,208.7,17,8,2022,multi-paradigm,dynamic,yes,26.04
Julia,http_server,625.8,74.96,48,1,2023,multi-paradigm,dynamic,yes,0.7
Python,regex_match,2325.42,33.62,12,1,2020,multi-paradigm,dynamic,yes,22.4
Java,http_server,269.51,150.0,77,2,2022,oop,static,yes,15.6
Go,spectral_norm,626.53,19.09,44,1,2024,multi-paradigm,static,yes,4.5
Kotlin,sort_large_array,219.85,830.21,26,4,2023,multi-paradigm,static,yes,2.58
Swift,sort_large_array,201.49,198.79,24,2,2021,multi-paradigm,static,optional,2.98
R,fibonacci,1981.68,15.29,17,1,2024,multi-paradigm,dynamic,yes,1.5
Ruby,binary_trees,7468.75,1487.09,24,2,2024,oop,dynamic,yes,1.8
Go,binary_trees,530.12,517.86,43,1,2023,multi-paradigm,static,yes,4.19
Julia,binary_trees,479.79,620.6,30,2,2022,multi-paradigm,dynamic,yes,0.6
Haskell,spectral_norm,389.04,35.17,26,4,2020,functional,static,yes,0.55
JavaScript,regex_match,291.6,25.2,17,1,2021,multi-paradigm,dynamic,yes,16.48
Go,binary_trees,345.11,581.2,45,2,2025,multi-paradigm,static,yes,4.63
Julia,http_server,357.8,127.06,39,4,2020,multi-paradigm,dynamic,yes,0.4
Python,binary_trees,6885.35,1453.52,24,4,2022,multi-paradigm,dynamic,yes,26.04
C#,spectral_norm,234.52,52.26,51,8,2021,oop,static,yes,6.51
Kotlin,regex_match,154.97,35.38,20,4,2024,multi-paradigm,static,yes,2.8
Julia,file_io,496.01,51.39,22,2,2020,multi-paradigm,dynamic,yes,0.4
Python,json_parse,1108.69,133.99,18,1,2025,multi-paradigm,dynamic,yes,28.56
Haskell,mandelbrot,566.03,40.36,35,2,2024,functional,static,yes,0.5
C#,regex_match,96.37,54.37,23,16,2025,oop,static,yes,7.07
Python,matrix_multiply,1167.33,516.76,20,8,2025,multi-paradigm,dynamic,yes,28.56
Elixir,sort_large_array,892.0,617.88,26,2,2023,functional,dynamic,yes,0.54
C++,file_io,204.72,18.1,63,4,2023,multi-paradigm,static,no,10.39
C#,fibonacci,79.93,19.1,26,16,2024,oop,static,yes,7.0
Swift,sort_large_array,263.56,207.04,27,1,2024,multi-paradigm,static,optional,3.5
R,sort_large_array,5589.44,933.61,19,1,2024,multi-paradigm,dynamic,yes,1.5
Python,sort_large_array,2582.53,727.5,23,4,2023,multi-paradigm,dynamic,yes,27.16
Julia,mandelbrot,124.59,80.81,35,16,2025,multi-paradigm,dynamic,yes,0.88
C++,json_parse,82.93,17.47,40,1,2020,multi-paradigm,static,no,9.97
Scala,file_io,621.37,103.43,24,1,2022,multi-paradigm,static,yes,1.26
R,mandelbrot,16785.25,72.98,39,1,2021,multi-paradigm,dynamic,yes,1.68
C++,spectral_norm,90.92,14.15,60,8,2025,multi-paradigm,static,no,10.61
Ruby,fibonacci,1674.52,14.38,16,2,2021,oop,dynamic,yes,2.16
C++,file_io,300.47,16.49,53,2,2022,multi-paradigm,static,no,10.29
Scala,matrix_multiply,785.67,312.67,33,1,2020,multi-paradigm,static,yes,1.38
JavaScript,mandelbrot,872.83,49.76,65,2,2024,multi-paradigm,dynamic,yes,16.0
Haskell,http_server,286.7,130.68,31,4,2024,functional,static,yes,0.5
Julia,matrix_multiply,58.7,215.79,23,4,2024,multi-paradigm,dynamic,yes,0.8
Haskell,sort_large_array,334.44,367.08,21,2,2020,functional,static,yes,0.55
Rust,json_parse,29.84,34.03,36,8,2025,multi-paradigm,static,no,3.45
TypeScript,binary_trees,2548.49,1033.21,52,1,2022,multi-paradigm,gradual,yes,6.63
Rust,fibonacci,54.43,1.99,22,1,2022,multi-paradigm,static,no,2.1
C#,matrix_multiply,178.1,389.78,44,8,2021,oop,static,yes,6.51
C++,fibonacci,53.9,1.95,31,1,2022,multi-paradigm,static,no,10.29
Scala,http_server,322.21,251.48,51,4,2023,multi-paradigm,static,yes,1.22
Ruby,json_parse,655.51,240.8,21,8,2022,oop,dynamic,yes,1.98
C#,fibonacci,90.15,22.04,21,16,2022,oop,static,yes,6.72
Elixir,http_server,657.67,144.13,44,1,2021,functional,dynamic,yes,0.42
C#,spectral_norm,705.91,33.48,46,1,2020,oop,static,yes,6.3
Java,regex_match,127.14,62.24,19,16,2025,oop,static,yes,14.55
Python,spectral_norm,6683.95,48.55,29,1,2025,multi-paradigm,dynamic,yes,28.56
TypeScript,matrix_multiply,460.01,302.23,27,4,2022,multi-paradigm,gradual,yes,6.63
Rust,http_server,260.98,30.85,82,1,2023,multi-paradigm,static,no,2.55
Kotlin,spectral_norm,748.74,51.74,45,1,2024,multi-paradigm,static,yes,2.8
Ruby,file_io,2633.47,130.51,21,4,2021,oop,dynamic,yes,2.16
Swift,mandelbrot,222.14,23.29,45,4,2021,multi-paradigm,static,optional,2.98
JavaScript,spectral_norm,1278.68,29.93,43,1,2021,multi-paradigm,dynamic,yes,16.48
Julia,binary_trees,364.05,689.3,36,4,2024,multi-paradigm,dynamic,yes,0.8
TypeScript,binary_trees,1284.68,1195.05,54,4,2024,multi-paradigm,gradual,yes,8.5
C#,json_parse,101.03,106.12,30,4,2023,oop,static,yes,6.86
Python,regex_match,1426.56,79.81,12,16,2025,multi-paradigm,dynamic,yes,28.56
Python,json_parse,1238.84,112.87,16,1,2022,multi-paradigm,dynamic,yes,26.04
Haskell,json_parse,88.49,159.88,20,16,2021,functional,static,yes,0.53
Scala,fibonacci,156.44,15.67,18,4,2025,multi-paradigm,static,yes,1.16
TypeScript,binary_trees,1000.29,1139.03,46,4,2023,multi-paradigm,gradual,yes,7.65
TypeScript,regex_match,348.42,19.22,15,1,2025,multi-paradigm,gradual,yes,9.18
Ruby,sort_large_array,3439.11,909.88,21,2,2022,oop,dynamic,yes,1.98
C#,json_parse,111.56,123.81,24,4,2022,oop,static,yes,6.72
Julia,regex_match,76.69,40.15,13,16,2025,multi-paradigm,dynamic,yes,0.88
Elixir,spectral_norm,1058.28,44.41,28,4,2021,functional,dynamic,yes,0.42
Elixir,json_parse,223.17,177.56,20,8,2024,functional,dynamic,yes,0.6
Python,file_io,2892.45,86.07,23,1,2021,multi-paradigm,dynamic,yes,24.36
TypeScript,matrix_multiply,627.84,271.14,37,2,2020,multi-paradigm,gradual,yes,4.68
JavaScript,sort_large_array,500.95,433.95,30,2,2022,multi-paradigm,dynamic,yes,16.32
C++,mandelbrot,139.65,10.84,80,2,2024,multi-paradigm,static,no,10.5
C++,http_server,290.62,37.82,84,2,2020,multi-paradigm,static,no,9.97
Java,sort_large_array,319.71,572.61,53,2,2020,oop,static,yes,16.5
C#,matrix_multiply,489.13,193.63,39,1,2021,oop,static,yes,6.51
Ruby,file_io,2885.35,121.97,23,2,2022,oop,dynamic,yes,1.98
Java,file_io,318.1,73.98,43,1,2022,oop,static,yes,15.6
C#,json_parse,129.93,112.61,33,2,2020,oop,static,yes,6.3
Java,regex_match,144.54,44.12,25,8,2022,oop,static,yes,15.6
TypeScript,sort_large_array,638.29,601.49,27,2,2020,multi-paradigm,gradual,yes,4.68
R,file_io,3541.66,107.17,17,2,2021,multi-paradigm,dynamic,yes,1.68
Rust,json_parse,47.04,20.57,35,1,2020,multi-paradigm,static,no,1.2
Haskell,matrix_multiply,668.15,180.56,23,2,2020,functional,static,yes,0.55
Haskell,json_parse,90.5,150.26,20,16,2024,functional,static,yes,0.5
Python,matrix_multiply,1045.06,566.3,25,8,2025,multi-paradigm,dynamic,yes,28.56
R,sort_large_array,4008.62,966.78,19,2,2024,multi-paradigm,dynamic,yes,1.5
Java,http_server,181.6,210.42,80,4,2024,oop,static,yes,15.0
C++,mandelbrot,308.28,10.96,61,1,2020,multi-paradigm,static,no,9.97
R,fibonacci,2050.92,16.93,14,1,2023,multi-paradigm,dynamic,yes,1.53
Scala,mandelbrot,1350.78,60.56,39,1,2024,multi-paradigm,static,yes,1.2
R,binary_trees,10903.87,1639.58,28,2,2022,multi-paradigm,dynamic,yes,1.59
C#,json_parse,100.57,64.95,24,1,2024,oop,static,yes,7.0
Ruby,mandelbrot,4495.56,92.82,41,4,2020,oop,dynamic,yes,2.34
C#,spectral_norm,638.12,36.57,48,1,2025,oop,static,yes,7.07
Java,fibonacci,119.3,12.54,36,4,2024,oop,static,yes,15.0
C#,spectral_norm,421.85,33.5,46,2,2020,oop,static,yes,6.3
Swift,binary_trees,522.49,490.91,37,2,2022,multi-paradigm,static,optional,3.15
C++,http_server,504.47,30.27,93,1,2025,multi-paradigm,static,no,10.61
Java,matrix_multiply,273.73,282.46,52,4,2020,oop,static,yes,16.5
Swift,json_parse,81.71,43.96,27,2,2024,multi-paradigm,static,optional,3.5
Haskell,file_io,410.96,53.86,23,4,2022,functional,static,yes,0.51
Java,fibonacci,123.66,12.64,26,4,2024,oop,static,yes,15.0
TypeScript,sort_large_array,620.9,470.79,26,2,2023,multi-paradigm,gradual,yes,7.65
Python,http_server,10838.87,202.92,48,1,2024,multi-paradigm,dynamic,yes,28.0
Elixir,http_server,352.72,182.93,43,2,2022,functional,dynamic,yes,0.48
Go,regex_match,86.53,14.84,19,2,2023,multi-paradigm,static,yes,4.19
Julia,regex_match,103.33,15.52,11,2,2024,multi-paradigm,dynamic,yes,0.8
Swift,http_server,671.49,67.62,51,1,2024,multi-paradigm,static,optional,3.5
Scala,http_server,306.59,243.65,53,4,2025,multi-paradigm,static,yes,1.16
Elixir,json_parse,248.37,87.15,28,2,2022,functional,dynamic,yes,0.48
Swift,spectral_norm,457.15,13.75,44,1,2024,multi-paradigm,static,optional,3.5
Elixir,matrix_multiply,1551.13,185.27,33,1,2025,functional,dynamic,yes,0.65
JavaScript,regex_match,278.47,24.62,17,2,2025,multi-paradigm,dynamic,yes,15.68
Julia,binary_trees,594.88,677.99,38,2,2021,multi-paradigm,dynamic,yes,0.5
Ruby,spectral_norm,6933.96,64.82,30,1,2023,oop,dynamic,yes,1.89
JavaScript,json_parse,71.07,92.53,25,2,2025,multi-paradigm,dynamic,yes,15.68
Swift,binary_trees,791.22,459.57,38,1,2022,multi-paradigm,static,optional,3.15
JavaScript,spectral_norm,464.83,49.74,34,4,2024,multi-paradigm,dynamic,yes,16.0
Python,fibonacci,1474.1,12.67,17,2,2023,multi-paradigm,dynamic,yes,27.16
Rust,regex_match,27.4,7.18,23,4,2023,multi-paradigm,static,no,2.55
R,http_server,6863.41,189.47,34,1,2021,multi-paradigm,dynamic,yes,1.68
C++,sort_large_array,91.26,99.58,37,2,2024,multi-paradigm,static,no,10.5
Java,regex_match,157.28,26.13,30,2,2023,oop,static,yes,15.3
Rust,matrix_multiply,109.33,71.06,50,4,2021,multi-paradigm,static,no,1.65
C#,regex_match,164.52,20.4,20,1,2025,oop,static,yes,7.07
Haskell,mandelbrot,568.52,45.21,34,2,2020,functional,static,yes,0.55
Elixir,spectral_norm,1259.05,42.91,33,2,2022,functional,dynamic,yes,0.48
Scala,http_server,878.65,171.08,52,1,2020,multi-paradigm,static,yes,1.38
JavaScript,regex_match,247.17,56.75,18,16,2022,multi-paradigm,dynamic,yes,16.32
Haskell,binary_trees,1227.79,710.45,31,1,2022,functional,static,yes,0.51
C++,binary_trees,247.46,200.13,67,2,2023,multi-paradigm,static,no,10.39
Swift,matrix_multiply,100.51,238.64,35,16,2025,multi-paradigm,static,optional,3.57
Haskell,spectral_norm,698.07,29.54,25,1,2021,functional,static,yes,0.53
Rust,sort_large_array,149.47,121.65,35,1,2022,multi-paradigm,static,no,2.1
TypeScript,sort_large_array,388.54,713.17,34,4,2022,multi-paradigm,gradual,yes,6.63
Julia,matrix_multiply,49.41,182.31,28,4,2025,multi-paradigm,dynamic,yes,0.88
Julia,binary_trees,523.27,817.79,39,2,2022,multi-paradigm,dynamic,yes,0.6
Go,sort_large_array,331.55,273.47,29,1,2022,multi-paradigm,static,yes,3.82
R,matrix_multiply,6036.35,335.36,26,1,2025,multi-paradigm,dynamic,yes,1.44
Python,http_server,3927.53,202.11,35,4,2024,multi-paradigm,dynamic,yes,28.0
Elixir,spectral_norm,1377.44,41.57,30,2,2024,functional,dynamic,yes,0.6
C++,binary_trees,446.37,206.06,63,1,2022,multi-paradigm,static,no,10.29
Scala,json_parse,147.02,118.87,23,2,2023,multi-paradigm,static,yes,1.22
Rust,matrix_multiply,61.42,137.23,48,16,2022,multi-paradigm,static,no,2.1
C#,matrix_multiply,564.53,214.91,49,1,2022,oop,static,yes,6.72
Swift,http_server,142.42,126.62,56,16,2025,multi-paradigm,static,optional,3.57
R,mandelbrot,14993.87,101.01,36,1,2021,multi-paradigm,dynamic,yes,1.68
TypeScript,spectral_norm,417.76,92.68,54,16,2025,multi-paradigm,gradual,yes,9.18
Swift,spectral_norm,501.66,15.11,33,1,2020,multi-paradigm,static,optional,2.8
Rust,matrix_multiply,130.67,64.06,38,2,2025,multi-paradigm,static,no,3.45
C++,json_parse,68.26,18.5,43,1,2024,multi-paradigm,static,no,10.5
TypeScript,regex_match,280.32,31.56,19,4,2025,multi-paradigm,gradual,yes,9.18
Kotlin,binary_trees,874.13,1276.0,33,2,2022,multi-paradigm,static,yes,2.32
Haskell,file_io,422.91,57.68,25,2,2023,functional,static,yes,0.51
Julia,json_parse,113.3,61.85,24,2,2020,multi-paradigm,dynamic,yes,0.4
C#,mandelbrot,419.21,46.13,61,2,2023,oop,static,yes,6.86
Swift,regex_match,112.62,12.13,15,4,2020,multi-paradigm,static,optional,2.8
Kotlin,fibonacci,144.92,15.19,18,4,2021,multi-paradigm,static,yes,2.02
R,binary_trees,16132.19,1564.46,30,1,2021,multi-paradigm,dynamic,yes,1.68
R,matrix_multiply,6522.03,419.52,22,1,2023,multi-paradigm,dynamic,yes,1.53
C++,regex_match,62.89,4.25,21,2,2022,multi-paradigm,static,no,10.29
Kotlin,fibonacci,180.83,12.27,19,1,2025,multi-paradigm,static,yes,2.94
Julia,regex_match,85.25,22.6,13,4,2024,multi-paradigm,dynamic,yes,0.8
Python,json_parse,1058.36,140.47,21,2,2025,multi-paradigm,dynamic,yes,28.56
Elixir,spectral_norm,2244.15,39.25,35,1,2024,functional,dynamic,yes,0.6
JavaScript,matrix_multiply,1072.07,186.35,37,1,2020,multi-paradigm,dynamic,yes,16.8
Rust,binary_trees,241.57,294.31,54,4,2023,multi-paradigm,static,no,2.55
R,sort_large_array,6846.89,694.64,23,1,2021,multi-paradigm,dynamic,yes,1.68
C++,matrix_multiply,118.3,56.6,61,2,2024,multi-paradigm,static,no,10.5
Rust,json_parse,43.85,26.11,33,1,2023,multi-paradigm,static,no,2.55
Ruby,mandelbrot,10140.74,68.67,34,1,2021,oop,dynamic,yes,2.16
C#,matrix_multiply,493.62,210.9,43,1,2025,oop,static,yes,7.07
Ruby,matrix_multiply,3795.83,309.14,23,2,2022,oop,dynamic,yes,1.98
Haskell,matrix_multiply,402.71,226.89,25,4,2025,functional,static,yes,0.49
Elixir,fibonacci,356.35,12.72,15,4,2020,functional,dynamic,yes,0.36
Python,spectral_norm,9629.35,48.38,27,1,2021,multi-paradigm,dynamic,yes,24.36
Go,json_parse,61.04,57.72,33,4,2020,multi-paradigm,static,yes,3.15
Elixir,spectral_norm,553.66,90.41,39,16,2022,functional,dynamic,yes,0.48
Rust,sort_large_array,171.59,100.91,36,1,2023,multi-paradigm,static,no,2.55
TypeScript,matrix_multiply,623.1,288.14,35,2,2024,multi-paradigm,gradual,yes,8.5
Scala,regex_match,166.05,80.1,14,16,2023,multi-paradigm,static,yes,1.22
Go,matrix_multiply,261.43,111.6,43,2,2024,multi-paradigm,static,yes,4.5
TypeScript,spectral_norm,1362.84,39.61,46,1,2024,multi-paradigm,gradual,yes,8.5
Elixir,matrix_multiply,972.43,275.09,33,2,2021,functional,dynamic,yes,0.42
Rust,binary_trees,467.05,205.38,52,1,2022,multi-paradigm,static,no,2.1
Go,regex_match,89.17,13.81,17,1,2024,multi-paradigm,static,yes,4.5
Ruby,http_server,3179.66,215.31,44,2,2020,oop,dynamic,yes,2.34
Kotlin,fibonacci,136.32,14.94,19,4,2022,multi-paradigm,static,yes,2.32
C++,http_server,181.89,33.25,88,4,2023,multi-paradigm,static,no,10.39
R,binary_trees,8542.07,2304.3,21,4,2022,multi-paradigm,dynamic,yes,1.59
Ruby,json_parse,756.11,174.09,22,2,2020,oop,dynamic,yes,2.34
Rust,fibonacci,46.39,2.83,29,4,2022,multi-paradigm,static,no,2.1
Python,http_server,6397.76,217.62,37,2,2021,multi-paradigm,dynamic,yes,24.36
JavaScript,json_parse,59.98,118.8,28,4,2024,multi-paradigm,dynamic,yes,16.0
Elixir,json_parse,210.83,94.05,20,1,2024,functional,dynamic,yes,0.6
Elixir,http_server,201.55,289.61,57,8,2024,functional,dynamic,yes,0.6
Python,fibonacci,1299.63,14.07,13,4,2024,multi-paradigm,dynamic,yes,28.0
C++,sort_large_array,159.38,107.97,43,1,2024,multi-paradigm,static,no,10.5
C#,binary_trees,697.7,852.86,51,2,2024,oop,static,yes,7.0
Julia,file_io,303.31,52.61,23,2,2024,multi-paradigm,dynamic,yes,0.8
Haskell,mandelbrot,552.35,36.45,45,2,2021,functional,static,yes,0.53
C#,http_server,844.8,127.71,69,1,2020,oop,static,yes,6.3
Ruby,binary_trees,7259.94,1561.38,32,4,2021,oop,dynamic,yes,2.16
C++,http_server,253.71,32.89,72,2,2025,multi-paradigm,static,no,10.61
Julia,sort_large_array,279.54,277.8,23,1,2021,multi-paradigm,dynamic,yes,0.5
Haskell,fibonacci,79.42,9.78,20,4,2025,functional,static,yes,0.49
TypeScript,spectral_norm,860.47,43.72,48,2,2022,multi-paradigm,gradual,yes,6.63
Haskell,binary_trees,1148.17,806.77,27,1,2025,functional,static,yes,0.49
Ruby,matrix_multiply,6060.04,286.35,25,1,2020,oop,dynamic,yes,2.34
Julia,regex_match,106.96,18.34,13,1,2021,multi-paradigm,dynamic,yes,0.5
Swift,mandelbrot,210.48,27.83,57,4,2025,multi-paradigm,static,optional,3.57
C++,file_io,249.73,18.12,55,4,2021,multi-paradigm,static,no,10.08
Go,matrix_multiply,452.97,127.04,40,1,2025,multi-paradigm,static,yes,4.63
Kotlin,sort_large_array,486.01,533.29,25,1,2023,multi-paradigm,static,yes,2.58
Kotlin,sort_large_array,400.45,427.09,29,1,2024,multi-paradigm,static,yes,2.8
Elixir,file_io,443.06,83.23,25,2,2025,functional,dynamic,yes,0.65
Haskell,spectral_norm,321.59,49.33,27,8,2022,functional,static,yes,0.51
Swift,json_parse,104.3,43.71,23,2,2020,multi-paradigm,static,optional,2.8
Rust,http_server,146.08,37.11,75,2,2025,multi-paradigm,static,no,3.45
TypeScript,matrix_multiply,1090.61,262.49,34,1,2023,multi-paradigm,gradual,yes,7.65
Kotlin,matrix_multiply,535.11,333.69,39,1,2022,multi-paradigm,static,yes,2.32
Go,binary_trees,418.71,576.89,41,2,2023,multi-paradigm,static,yes,4.19
Elixir,binary_trees,3276.13,1099.24,40,1,2024,functional,dynamic,yes,0.6
Haskell,http_server,775.93,111.28,43,1,2020,functional,static,yes,0.55
Ruby,mandelbrot,3418.95,87.06,37,4,2023,oop,dynamic,yes,1.89
Kotlin,mandelbrot,289.93,103.6,41,8,2021,multi-paradigm,static,yes,2.02
Ruby,regex_match,1948.25,42.3,12,2,2025,oop,dynamic,yes,1.71
Ruby,json_parse,654.11,163.36,21,4,2021,oop,dynamic,yes,2.16
Go,regex_match,78.2,13.5,20,2,2025,multi-paradigm,static,yes,4.63
TypeScript,fibonacci,282.63,8.4,20,1,2024,multi-paradigm,gradual,yes,8.5
C#,http_server,197.68,298.34,73,16,2022,oop,static,yes,6.72
Python,binary_trees,9163.11,1370.76,31,2,2021,multi-paradigm,dynamic,yes,24.36
Scala,spectral_norm,405.03,66.65,29,4,2023,multi-paradigm,static,yes,1.22
TypeScript,json_parse,178.98,79.21,23,1,2021,multi-paradigm,gradual,yes,5.53
Julia,regex_match,81.16,19.52,14,4,2024,multi-paradigm,dynamic,yes,0.8
JavaScript,sort_large_array,573.19,506.14,28,2,2022,multi-paradigm,dynamic,yes,16.32
Ruby,matrix_multiply,2375.77,492.33,29,4,2025,oop,dynamic,yes,1.71
TypeScript,http_server,1184.18,156.6,64,1,2023,multi-paradigm,gradual,yes,7.65
Swift,http_server,137.74,136.38,62,16,2023,multi-paradigm,static,optional,3.32
C++,json_parse,73.05,27.29,37,4,2025,multi-paradigm,static,no,10.61
Rust,regex_match,27.14,7.22,17,4,2020,multi-paradigm,static,no,1.2
Julia,http_server,346.04,100.54,43,2,2024,multi-paradigm,dynamic,yes,0.8
Kotlin,file_io,432.2,102.67,33,4,2022,multi-paradigm,static,yes,2.32
Swift,mandelbrot,751.79,17.06,54,1,2020,multi-paradigm,static,optional,2.8
C#,mandelbrot,446.51,46.88,58,2,2022,oop,static,yes,6.72
R,fibonacci,1960.75,18.14,17,4,2023,multi-paradigm,dynamic,yes,1.53
Go,spectral_norm,608.79,18.83,56,1,2023,multi-paradigm,static,yes,4.19
Java,binary_trees,328.74,2627.29,55,16,2020,oop,static,yes,16.5
Scala,mandelbrot,408.87,83.06,34,4,2024,multi-paradigm,static,yes,1.2
Swift,matrix_multiply,320.33,98.94,34,1,2023,multi-paradigm,static,optional,3.32
Julia,http_server,645.0,86.59,40,1,2025,multi-paradigm,dynamic,yes,0.88
JavaScript,regex_match,309.61,23.5,18,2,2020,multi-paradigm,dynamic,yes,16.8
Kotlin,binary_trees,897.33,1244.23,40,2,2021,multi-paradigm,static,yes,2.02
Go,regex_match,100.13,18.13,18,4,2020,multi-paradigm,static,yes,3.15
Kotlin,json_parse,156.6,122.43,23,1,2020,multi-paradigm,static,yes,1.68
Java,mandelbrot,382.77,73.86,65,4,2024,oop,static,yes,15.0
TypeScript,sort_large_array,354.39,551.54,29,4,2022,multi-paradigm,gradual,yes,6.63
Java,binary_trees,751.9,1064.89,49,2,2020,oop,static,yes,16.5
Go,mandelbrot,319.23,24.72,50,4,2021,multi-paradigm,static,yes,3.51
Python,mandelbrot,6381.3,66.36,32,2,2023,multi-paradigm,dynamic,yes,27.16
R,regex_match,2144.86,50.19,12,2,2024,multi-paradigm,dynamic,yes,1.5
Rust,mandelbrot,469.05,9.31,59,1,2020,multi-paradigm,static,no,1.2
R,mandelbrot,7714.19,95.2,37,2,2024,multi-paradigm,dynamic,yes,1.5
Haskell,sort_large_array,197.16,372.58,21,4,2021,functional,static,yes,0.53
Kotlin,fibonacci,126.07,16.56,18,8,2020,multi-paradigm,static,yes,1.68
C#,json_parse,116.15,83.29,28,1,2023,oop,static,yes,6.86
C++,binary_trees,368.01,221.12,53,1,2023,multi-paradigm,static,no,10.39
Rust,json_parse,39.77,22.62,38,2,2025,multi-paradigm,static,no,3.45
TypeScript,binary_trees,1701.98,1189.01,44,2,2021,multi-paradigm,gradual,yes,5.53
Julia,spectral_norm,264.24,28.34,32,2,2024,multi-paradigm,dynamic,yes,0.8
Go,json_parse,65.28,49.3,27,1,2025,multi-paradigm,static,yes,4.63
Julia,fibonacci,31.63,6.62,17,4,2025,multi-paradigm,dynamic,yes,0.88
R,regex_match,2413.5,39.09,12,1,2024,multi-paradigm,dynamic,yes,1.5
JavaScript,spectral_norm,366.07,81.8,39,16,2022,multi-paradigm,dynamic,yes,16.32
Swift,file_io,285.84,72.3,31,16,2024,multi-paradigm,static,optional,3.5
Scala,binary_trees,910.06,1357.47,34,4,2022,multi-paradigm,static,yes,1.26
Python,json_parse,1194.57,129.51,17,4,2021,multi-paradigm,dynamic,yes,24.36
Go,http_server,52.55,195.17,63,16,2020,multi-paradigm,static,yes,3.15
Scala,spectral_norm,787.44,47.46,34,1,2024,multi-paradigm,static,yes,1.2
R,fibonacci,1522.62,20.1,11,4,2022,multi-paradigm,dynamic,yes,1.59
Julia,binary_trees,393.11,887.98,34,4,2023,multi-paradigm,dynamic,yes,0.7
C#,matrix_multiply,473.59,174.76,48,1,2024,oop,static,yes,7.0
Swift,json_parse,102.74,41.7,24,1,2023,multi-paradigm,static,optional,3.32
JavaScript,file_io,559.3,76.88,25,4,2023,multi-paradigm,dynamic,yes,16.16
Haskell,file_io,422.18,76.47,21,4,2025,functional,static,yes,0.49
Rust,fibonacci,55.34,1.85,26,1,2023,multi-paradigm,static,no,2.55
Kotlin,binary_trees,1155.08,1178.66,42,1,2023,multi-paradigm,static,yes,2.58
TypeScript,mandelbrot,1852.69,57.15,59,1,2025,multi-paradigm,gradual,yes,9.18
Rust,fibonacci,59.8,2.08,26,1,2020,multi-paradigm,static,no,1.2
Kotlin,json_parse,101.75,150.66,29,4,2023,multi-paradigm,static,yes,2.58
JavaScript,mandelbrot,679.3,65.67,45,4,2020,multi-paradigm,dynamic,yes,16.8
Haskell,matrix_multiply,478.55,235.01,31,4,2025,functional,static,yes,0.49
Swift,regex_match,128.71,10.32,18,1,2022,multi-paradigm,static,optional,3.15
Go,fibonacci,98.19,5.39,26,2,2024,multi-paradigm,static,yes,4.5
C++,matrix_multiply,50.83,100.67,41,16,2024,multi-paradigm,static,no,10.5
Ruby,binary_trees,11066.37,1451.08,34,1,2021,oop,dynamic,yes,2.16
C++,mandelbrot,115.73,16.17,68,4,2021,multi-paradigm,static,no,10.08
C#,mandelbrot,837.9,35.51,59,1,2021,oop,static,yes,6.51
C++,file_io,312.75,12.79,56,1,2022,multi-paradigm,static,no,10.29
Julia,regex_match,82.27,23.29,10,8,2025,multi-paradigm,dynamic,yes,0.88
Go,mandelbrot,807.79,23.6,48,1,2025,multi-paradigm,static,yes,4.63
Kotlin,mandelbrot,1167.39,47.52,44,1,2024,multi-paradigm,static,yes,2.8
Kotlin,spectral_norm,462.08,48.9,38,2,2022,multi-paradigm,static,yes,2.32
Scala,regex_match,232.5,33.0,13,1,2020,multi-paradigm,static,yes,1.38
Elixir,binary_trees,3640.86,956.14,34,1,2023,functional,dynamic,yes,0.54
Kotlin,json_parse,147.67,91.89,23,1,2023,multi-paradigm,static,yes,2.58
R,json_parse,783.76,213.67,19,4,2022,multi-paradigm,dynamic,yes,1.59
JavaScript,file_io,649.8,66.0,26,2,2022,multi-paradigm,dynamic,yes,16.32
Java,binary_trees,344.02,1727.99,68,8,2023,oop,static,yes,15.3
Swift,http_server,155.78,138.05,54,16,2020,multi-paradigm,static,optional,2.8
Ruby,spectral_norm,6756.5,60.22,30,1,2024,oop,dynamic,yes,1.8
Elixir,http_server,654.2,140.32,59,1,2022,functional,dynamic,yes,0.48
Python,regex_match,1696.48,41.16,11,4,2025,multi-paradigm,dynamic,yes,28.56
TypeScript,sort_large_array,432.41,628.0,27,4,2024,multi-paradigm,gradual,yes,8.5
TypeScript,sort_large_array,414.44,661.2,29,4,2024,multi-paradigm,gradual,yes,8.5
Go,fibonacci,123.06,5.94,24,2,2020,multi-paradigm,static,yes,3.15
C++,matrix_multiply,167.38,44.2,59,1,2024,multi-paradigm,static,no,10.5
Go,regex_match,91.02,13.24,21,2,2022,multi-paradigm,static,yes,3.82
C#,sort_large_array,383.62,453.48,34,1,2023,oop,static,yes,6.86
Haskell,http_server,511.3,116.42,51,2,2020,functional,static,yes,0.55
Swift,matrix_multiply,343.04,101.79,36,1,2024,multi-paradigm,static,optional,3.5
JavaScript,file_io,501.09,69.27,24,2,2021,multi-paradigm,dynamic,yes,16.48
Ruby,binary_trees,4834.58,2969.95,33,16,2023,oop,dynamic,yes,1.89
Kotlin,http_server,571.69,192.0,60,2,2020,multi-paradigm,static,yes,1.68
R,file_io,3726.05,135.07,21,2,2023,multi-paradigm,dynamic,yes,1.53
Scala,binary_trees,1293.11,1047.41,34,1,2025,multi-paradigm,static,yes,1.16
JavaScript,regex_match,262.05,28.09,18,2,2021,multi-paradigm,dynamic,yes,16.48
Scala,json_parse,122.95,160.81,17,4,2023,multi-paradigm,static,yes,1.22
Haskell,mandelbrot,345.17,46.33,39,4,2023,functional,static,yes,0.51
Scala,binary_trees,1617.45,1357.15,29,1,2022,multi-paradigm,static,yes,1.26
C#,spectral_norm,312.05,46.14,56,4,2021,oop,static,yes,6.51
Kotlin,http_server,231.77,360.3,51,16,2022,multi-paradigm,static,yes,2.32
JavaScript,binary_trees,2059.13,839.74,42,1,2025,multi-paradigm,dynamic,yes,15.68
JavaScript,json_parse,55.85,102.44,26,4,2023,multi-paradigm,dynamic,yes,16.16
C#,mandelbrot,213.66,69.8,57,8,2025,oop,static,yes,7.07
Haskell,matrix_multiply,786.72,162.48,21,1,2021,functional,static,yes,0.53
R,regex_match,2139.92,52.51,12,4,2025,multi-paradigm,dynamic,yes,1.44
R,json_parse,1005.96,176.97,15,2,2022,multi-paradigm,dynamic,yes,1.59
TypeScript,http_server,1241.47,116.1,74,1,2021,multi-paradigm,gradual,yes,5.53
R,matrix_multiply,7511.29,407.44,27,1,2020,multi-paradigm,dynamic,yes,1.8
C++,binary_trees,215.67,260.94,67,4,2023,multi-paradigm,static,no,10.39
Haskell,sort_large_array,358.23,392.85,23,2,2020,functional,static,yes,0.55
Swift,json_parse,69.95,95.42,27,16,2023,multi-paradigm,static,optional,3.32
R,spectral_norm,10650.5,72.56,33,1,2025,multi-paradigm,dynamic,yes,1.44
Rust,matrix_multiply,100.11,57.17,42,2,2023,multi-paradigm,static,no,2.55
Ruby,matrix_multiply,3324.13,356.85,29,2,2025,oop,dynamic,yes,1.71
Scala,binary_trees,811.02,1441.56,30,4,2022,multi-paradigm,static,yes,1.26
Go,binary_trees,641.39,526.32,46,1,2020,multi-paradigm,static,yes,3.15
Julia,mandelbrot,303.78,34.21,42,2,2023,multi-paradigm,dynamic,yes,0.7
Kotlin,regex_match,160.21,41.29,18,4,2023,multi-paradigm,static,yes,2.58
C#,regex_match,122.31,26.19,20,4,2022,oop,static,yes,6.72
TypeScript,sort_large_array,669.09,432.95,31,1,2025,multi-paradigm,gradual,yes,9.18
C#,http_server,335.72,164.49,72,4,2022,oop,static,yes,6.72
C++,binary_trees,142.2,505.04,63,16,2025,multi-paradigm,static,no,10.61
Java,regex_match,134.55,43.64,22,8,2023,oop,static,yes,15.3
Python,mandelbrot,4340.56,68.84,37,4,2023,multi-paradigm,dynamic,yes,27.16
Python,http_server,11658.38,143.84,41,1,2020,multi-paradigm,dynamic,yes,22.4
Go,matrix_multiply,190.18,141.35,38,4,2023,multi-paradigm,static,yes,4.19
JavaScript,mandelbrot,1781.77,38.5,48,1,2022,multi-paradigm,dynamic,yes,16.32
Haskell,mandelbrot,408.13,50.66,38,4,2023,functional,static,yes,0.51
TypeScript,spectral_norm,481.59,70.7,39,8,2024,multi-paradigm,gradual,yes,8.5
JavaScript,sort_large_array,487.48,521.07,22,2,2020,multi-paradigm,dynamic,yes,16.8
Java,fibonacci,131.92,14.47,32,4,2020,oop,static,yes,16.5
Haskell,regex_match,199.51,19.71,13,1,2020,functional,static,yes,0.55
JavaScript,binary_trees,2303.85,948.68,39,1,2020,multi-paradigm,dynamic,yes,16.8
Kotlin,binary_trees,680.93,1341.2,41,4,2025,multi-paradigm,static,yes,2.94
Go,sort_large_array,334.01,241.37,33,1,2024,multi-paradigm,static,yes,4.5
Go,spectral_norm,380.56,22.27,48,2,2021,multi-paradigm,static,yes,3.51
Elixir,file_io,546.16,90.34,30,2,2023,functional,dynamic,yes,0.54
Rust,spectral_norm,125.36,13.12,57,4,2024,multi-paradigm,static,no,3.0
Rust,json_parse,42.81,19.67,36,1,2021,multi-paradigm,static,no,1.65
Haskell,json_parse,116.93,57.74,21,2,2025,functional,static,yes,0.49
C++,sort_large_array,91.08,122.6,46,2,2023,multi-paradigm,static,no,10.39
Elixir,binary_trees,2054.88,1297.45,38,4,2021,functional,dynamic,yes,0.42
Swift,fibonacci,74.41,5.02,20,4,2022,multi-paradigm,static,optional,3.15
Python,mandelbrot,10442.27,60.87,33,1,2025,multi-paradigm,dynamic,yes,28.56
Scala,binary_trees,1026.84,1265.22,36,2,2025,multi-paradigm,static,yes,1.16
Ruby,file_io,2610.21,112.7,24,2,2024,oop,dynamic,yes,1.8
Python,mandelbrot,5870.35,69.56,28,2,2024,multi-paradigm,dynamic,yes,28.0
Elixir,json_parse,236.04,103.67,19,2,2024,functional,dynamic,yes,0.6
JavaScript,mandelbrot,721.17,56.12,57,4,2025,multi-paradigm,dynamic,yes,15.68
Scala,json_parse,131.77,149.46,23,2,2022,multi-paradigm,static,yes,1.26
Swift,http_server,218.13,74.89,47,4,2023,multi-paradigm,static,optional,3.32
Scala,regex_match,202.53,27.86,13,1,2024,multi-paradigm,static,yes,1.2
Scala,sort_large_array,183.84,1708.61,26,16,2023,multi-paradigm,static,yes,1.22
C++,http_server,274.81,36.62,87,2,2021,multi-paradigm,static,no,10.08
Python,fibonacci,1465.63,11.9,15,1,2021,multi-paradigm,dynamic,yes,24.36
Rust,mandelbrot,82.61,29.94,71,16,2021,multi-paradigm,static,no,1.65
Swift,sort_large_array,265.75,193.86,25,1,2020,multi-paradigm,static,optional,2.8
R,json_parse,1144.2,188.61,13,2,2021,multi-paradigm,dynamic,yes,1.68
R,json_parse,1129.88,162.38,14,1,2025,multi-paradigm,dynamic,yes,1.44
Rust,json_parse,39.39,20.55,37,1,2023,multi-paradigm,static,no,2.55
Java,spectral_norm,690.5,42.14,59,1,2025,oop,static,yes,14.55
R,matrix_multiply,6506.61,431.49,29,1,2022,multi-paradigm,dynamic,yes,1.59
TypeScript,binary_trees,717.65,2354.49,44,16,2022,multi-paradigm,gradual,yes,6.63
Swift,mandelbrot,545.66,16.68,52,1,2024,multi-paradigm,static,optional,3.5
Haskell,fibonacci,68.52,10.06,15,8,2025,functional,static,yes,0.49
JavaScript,http_server,299.43,140.59,57,2,2023,multi-paradigm,dynamic,yes,16.16
Ruby,binary_trees,12760.82,1251.07,34,1,2021,oop,dynamic,yes,2.16
JavaScript,mandelbrot,702.55,44.26,53,4,2023,multi-paradigm,dynamic,yes,16.16
Go,mandelbrot,141.39,63.64,59,16,2025,multi-paradigm,static,yes,4.63
C++,regex_match,54.32,5.68,26,2,2020,multi-paradigm,static,no,9.97
Ruby,matrix_multiply,2488.61,503.28,28,4,2024,oop,dynamic,yes,1.8
Scala,binary_trees,695.58,1946.23,36,8,2025,multi-paradigm,static,yes,1.16
JavaScript,json_parse,64.18,126.2,25,4,2022,multi-paradigm,dynamic,yes,16.32
Go,binary_trees,281.63,631.05,42,4,2024,multi-paradigm,static,yes,4.5
Swift,file_io,397.16,30.45,32,1,2025,multi-paradigm,static,optional,3.57
Elixir,matrix_multiply,983.49,308.64,31,2,2023,functional,dynamic,yes,0.54
TypeScript,sort_large_array,600.0,569.88,34,2,2023,multi-paradigm,gradual,yes,7.65
Julia,http_server,398.03,104.91,40,2,2021,multi-paradigm,dynamic,yes,0.5
C++,matrix_multiply,115.84,55.35,52,2,2023,multi-paradigm,static,no,10.39
Python,spectral_norm,6268.1,58.89,33,2,2021,multi-paradigm,dynamic,yes,24.36
TypeScript,spectral_norm,413.78,90.62,44,16,2021,multi-paradigm,gradual,yes,5.53
Julia,fibonacci,44.21,9.48,16,4,2021,multi-paradigm,dynamic,yes,0.5
Swift,binary_trees,812.19,408.18,41,1,2024,multi-paradigm,static,optional,3.5
Java,binary_trees,870.02,939.34,49,1,2020,oop,static,yes,16.5
Go,mandelbrot,786.54,27.3,53,1,2023,multi-paradigm,static,yes,4.19
C#,http_server,274.2,192.39,70,4,2024,oop,static,yes,7.0
Go,file_io,198.1,45.81,28,2,2023,multi-paradigm,static,yes,4.19
Kotlin,matrix_multiply,269.24,368.53,29,4,2022,multi-paradigm,static,yes,2.32
Julia,fibonacci,48.24,6.0,14,1,2022,multi-paradigm,dynamic,yes,0.6
Python,matrix_multiply,1748.35,419.89,26,4,2020,multi-paradigm,dynamic,yes,22.4
Kotlin,fibonacci,172.48,9.92,14,1,2022,multi-paradigm,static,yes,2.32
Java,file_io,312.28,80.53,38,1,2025,oop,static,yes,14.55
Julia,file_io,290.88,49.69,25,4,2025,multi-paradigm,dynamic,yes,0.88
Julia,json_parse,90.22,62.82,20,2,2025,multi-paradigm,dynamic,yes,0.88
R,spectral_norm,4621.41,91.99,35,4,2021,multi-paradigm,dynamic,yes,1.68
Rust,matrix_multiply,79.48,81.77,41,4,2024,multi-paradigm,static,no,3.0
C++,http_server,330.48,31.69,67,2,2023,multi-paradigm,static,no,10.39
C#,json_parse,110.93,91.76,28,1,2025,oop,static,yes,7.07
Swift,matrix_multiply,356.31,104.88,36,1,2022,multi-paradigm,static,optional,3.15
Go,matrix_multiply,203.04,154.49,38,4,2020,multi-paradigm,static,yes,3.15
Java,regex_match,135.11,30.76,22,4,2021,oop,static,yes,16.05
Go,json_parse,55.94,82.86,30,4,2025,multi-paradigm,static,yes,4.63
Elixir,sort_large_array,1318.43,491.72,27,1,2021,functional,dynamic,yes,0.42
Rust,mandelbrot,126.3,13.5,64,4,2023,multi-paradigm,static,no,2.55
Kotlin,fibonacci,151.99,15.38,22,4,2021,multi-paradigm,static,yes,2.02
TypeScript,json_parse,179.19,117.25,31,2,2024,multi-paradigm,gradual,yes,8.5
Go,regex_match,76.82,10.19,21,2,2023,multi-paradigm,static,yes,4.19
JavaScript,matrix_multiply,591.83,262.25,34,2,2022,multi-paradigm,dynamic,yes,16.32
Rust,json_parse,29.69,38.31,37,8,2022,multi-paradigm,static,no,2.1
Go,sort_large_array,334.23,229.64,32,1,2024,multi-paradigm,static,yes,4.5
Rust,mandelbrot,419.05,8.95,64,1,2025,multi-paradigm,static,no,3.45
Java,sort_large_array,406.01,519.12,33,1,2025,oop,static,yes,14.55
Ruby,json_parse,790.53,124.72,15,1,2024,oop,dynamic,yes,1.8
Java,matrix_multiply,635.4,231.52,67,1,2020,oop,static,yes,16.5
R,spectral_norm,11055.05,71.27,25,1,2020,multi-paradigm,dynamic,yes,1.8
Elixir,matrix_multiply,900.43,262.79,32,2,2023,functional,dynamic,yes,0.54
Python,json_parse,1373.81,106.59,17,1,2022,multi-paradigm,dynamic,yes,26.04
Java,spectral_norm,336.45,52.45,62,4,2025,oop,static,yes,14.55
Julia,json_parse,96.71,55.91,20,1,2025,multi-paradigm,dynamic,yes,0.88
Kotlin,json_parse,108.0,157.21,26,4,2022,multi-paradigm,static,yes,2.32
Kotlin,fibonacci,142.1,11.71,22,1,2024,multi-paradigm,static,yes,2.8
C#,file_io,466.38,51.01,33,1,2022,oop,static,yes,6.72
Rust,sort_large_array,121.67,137.74,34,2,2022,multi-paradigm,static,no,2.1
Go,regex_match,100.68,13.78,23,1,2023,multi-paradigm,static,yes,4.19
Scala,regex_match,165.49,38.37,15,4,2023,multi-paradigm,static,yes,1.22
Ruby,http_server,5262.74,177.84,55,1,2023,oop,dynamic,yes,1.89
Python,binary_trees,12145.75,1219.52,31,1,2025,multi-paradigm,dynamic,yes,28.56
Haskell,regex_match,159.45,21.82,13,2,2025,functional,static,yes,0.49
Python,file_io,2979.22,119.94,26,2,2025,multi-paradigm,dynamic,yes,28.56
Ruby,sort_large_array,2364.88,964.34,23,4,2021,oop,dynamic,yes,2.16
Elixir,http_server,524.83,158.96,51,1,2023,functional,dynamic,yes,0.54
Python,sort_large_array,3451.94,685.1,19,2,2025,multi-paradigm,dynamic,yes,28.56
C++,file_io,243.76,17.9,50,4,2025,multi-paradigm,static,no,10.61
Rust,mandelbrot,472.27,10.42,45,1,2022,multi-paradigm,static,no,2.1
C#,spectral_norm,257.51,43.4,51,4,2021,oop,static,yes,6.51
Swift,regex_match,96.49,12.9,15,2,2022,multi-paradigm,static,optional,3.15
Ruby,matrix_multiply,4440.53,331.91,28,2,2021,oop,dynamic,yes,2.16
Go,mandelbrot,676.03,27.59,61,1,2024,multi-paradigm,static,yes,4.5
Scala,json_parse,120.5,167.11,19,4,2021,multi-paradigm,static,yes,1.32
Kotlin,json_parse,122.86,137.42,18,4,2025,multi-paradigm,static,yes,2.94
Go,regex_match,108.96,11.78,22,1,2025,multi-paradigm,static,yes,4.63
Julia,binary_trees,416.0,869.16,34,4,2022,multi-paradigm,dynamic,yes,0.6
Scala,json_parse,132.98,112.6,22,1,2022,multi-paradigm,static,yes,1.26
Elixir,fibonacci,356.17,11.35,19,1,2025,functional,dynamic,yes,0.65
Java,http_server,108.08,394.77,81,16,2024,oop,static,yes,15.0
C++,fibonacci,38.54,5.6,31,16,2021,multi-paradigm,static,no,10.08
Kotlin,file_io,461.18,96.36,35,4,2020,multi-paradigm,static,yes,1.68
Python,spectral_norm,5764.61,42.78,26,2,2022,multi-paradigm,dynamic,yes,26.04
Elixir,binary_trees,2609.55,1040.96,37,2,2025,functional,dynamic,yes,0.65
Rust,regex_match,32.26,6.04,20,1,2025,multi-paradigm,static,no,3.45
Elixir,regex_match,480.18,27.62,15,2,2023,functional,dynamic,yes,0.54
TypeScript,matrix_multiply,1075.61,255.58,42,1,2021,multi-paradigm,gradual,yes,5.53
C++,spectral_norm,133.22,10.69,71,4,2023,multi-paradigm,static,no,10.39
Scala,matrix_multiply,690.98,336.36,31,1,2025,multi-paradigm,static,yes,1.16
C#,http_server,306.07,144.59,68,4,2025,oop,static,yes,7.07
JavaScript,file_io,529.1,153.29,29,16,2021,multi-paradigm,dynamic,yes,16.48
TypeScript,json_parse,158.27,137.33,29,4,2022,multi-paradigm,gradual,yes,6.63
Python,file_io,2586.27,136.48,23,8,2023,multi-paradigm,dynamic,yes,27.16
Rust,mandelbrot,74.48,32.49,73,16,2025,multi-paradigm,static,no,3.45
TypeScript,binary_trees,2096.16,839.83,42,1,2020,multi-paradigm,gradual,yes,4.68
Elixir,spectral_norm,902.88,53.36,24,4,2024,functional,dynamic,yes,0.6
Ruby,regex_match,2273.19,35.8,11,1,2020,oop,dynamic,yes,2.34
C#,binary_trees,554.53,1069.27,64,4,2023,oop,static,yes,6.86
TypeScript,matrix_multiply,673.66,293.76,37,2,2025,multi-paradigm,gradual,yes,9.18
TypeScript,mandelbrot,518.4,71.85,61,8,2020,multi-paradigm,gradual,yes,4.68
Elixir,regex_match,458.11,25.51,15,1,2024,functional,dynamic,yes,0.6
Julia,fibonacci,44.72,6.57,16,2,2021,multi-paradigm,dynamic,yes,0.5
R,spectral_norm,3161.43,177.86,29,16,2021,multi-paradigm,dynamic,yes,1.68
Swift,json_parse,88.31,40.7,21,1,2022,multi-paradigm,static,optional,3.15
Haskell,regex_match,110.96,41.13,14,16,2021,functional,static,yes,0.53
Rust,spectral_norm,224.68,8.27,55,1,2024,multi-paradigm,static,no,3.0
Scala,mandelbrot,670.88,67.07,48,2,2022,multi-paradigm,static,yes,1.26
Java,json_parse,106.5,139.27,34,4,2025,oop,static,yes,14.55
Rust,file_io,183.0,17.96,43,1,2024,multi-paradigm,static,no,3.0
JavaScript,regex_match,259.97,27.12,16,4,2022,multi-paradigm,dynamic,yes,16.32
Ruby,binary_trees,13198.37,1406.22,31,1,2023,oop,dynamic,yes,1.89
Haskell,mandelbrot,649.46,41.89,39,2,2020,functional,static,yes,0.55
Scala,mandelbrot,1079.4,59.57,40,1,2024,multi-paradigm,static,yes,1.2
C++,json_parse,74.82,23.53,39,2,2023,multi-paradigm,static,no,10.39
Julia,http_server,612.03,104.14,54,1,2022,multi-paradigm,dynamic,yes,0.6
JavaScript,matrix_multiply,653.49,236.48,35,2,2021,multi-paradigm,dynamic,yes,16.48
Scala,binary_trees,1065.28,1141.02,35,2,2023,multi-paradigm,static,yes,1.22
Swift,fibonacci,73.69,4.36,21,4,2025,multi-paradigm,static,optional,3.57
JavaScript,file_io,505.25,178.99,28,16,2024,multi-paradigm,dynamic,yes,16.0
Java,sort_large_array,420.05,488.08,49,1,2022,oop,static,yes,15.6
JavaScript,mandelbrot,611.13,64.44,52,4,2021,multi-paradigm,dynamic,yes,16.48
Ruby,binary_trees,6375.71,1371.52,31,4,2020,oop,dynamic,yes,2.34
TypeScript,regex_match,257.27,59.29,21,16,2020,multi-paradigm,gradual,yes,4.68
Python,sort_large_array,4849.35,527.3,20,1,2023,multi-paradigm,dynamic,yes,27.16
Rust,regex_match,26.21,5.73,23,2,2021,multi-paradigm,static,no,1.65
C++,sort_large_array,74.35,123.67,58,4,2021,multi-paradigm,static,no,10.08
C#,sort_large_array,286.08,489.28,30,2,2020,oop,static,yes,6.3
Swift,mandelbrot,349.08,23.9,55,2,2021,multi-paradigm,static,optional,2.98
Elixir,spectral_norm,543.55,102.33,31,16,2024,functional,dynamic,yes,0.6
Python,http_server,5904.68,190.28,52,2,2023,multi-paradigm,dynamic,yes,27.16
JavaScript,mandelbrot,943.9,44.06,52,2,2022,multi-paradigm,dynamic,yes,16.32
TypeScript,spectral_norm,875.82,38.5,40,2,2025,multi-paradigm,gradual,yes,9.18
Scala,fibonacci,176.47,14.13,17,2,2020,multi-paradigm,static,yes,1.38
Swift,spectral_norm,197.82,20.23,40,4,2021,multi-paradigm,static,optional,2.98
Go,file_io,178.55,46.28,36,4,2024,multi-paradigm,static,yes,4.5
Scala,binary_trees,1716.87,1007.58,42,1,2021,multi-paradigm,static,yes,1.32
JavaScript,sort_large_array,736.87,400.83,33,1,2025,multi-paradigm,dynamic,yes,15.68
Elixir,binary_trees,2317.0,1245.01,34,2,2022,functional,dynamic,yes,0.48
Elixir,json_parse,247.72,101.32,23,1,2022,functional,dynamic,yes,0.48
Rust,matrix_multiply,98.41,84.42,39,4,2023,multi-paradigm,static,no,2.55
C#,binary_trees,764.07,857.27,46,2,2020,oop,static,yes,6.3
Java,sort_large_array,218.44,718.79,29,4,2023,oop,static,yes,15.3
JavaScript,regex_match,310.01,21.13,14,1,2024,multi-paradigm,dynamic,yes,16.0
R,file_io,3438.87,154.84,20,4,2022,multi-paradigm,dynamic,yes,1.59
Java,spectral_norm,434.13,45.3,50,2,2025,oop,static,yes,14.55
TypeScript,binary_trees,1117.44,1597.88,45,4,2020,multi-paradigm,gradual,yes,4.68
Swift,binary_trees,876.71,504.38,38,1,2021,multi-paradigm,static,optional,2.98
Rust,http_server,67.39,63.2,66,16,2024,multi-paradigm,static,no,3.0
Java,matrix_multiply,355.27,300.93,61,2,2022,oop,static,yes,15.6
Ruby,sort_large_array,3071.66,806.26,21,2,2022,oop,dynamic,yes,1.98
C#,matrix_multiply,225.6,258.87,43,4,2023,oop,static,yes,6.86
C#,regex_match,146.91,16.61,20,1,2024,oop,static,yes,7.0
Python,mandelbrot,11892.79,65.52,30,1,2022,multi-paradigm,dynamic,yes,26.04
C#,matrix_multiply,212.21,304.11,39,4,2025,oop,static,yes,7.07
C++,sort_large_array,53.92,236.52,44,16,2025,multi-paradigm,static,no,10.61
Java,binary_trees,516.56,1145.83,62,4,2021,oop,static,yes,16.05
Kotlin,binary_trees,1226.63,979.89,48,1,2021,multi-paradigm,static,yes,2.02
C++,mandelbrot,127.51,15.45,80,4,2022,multi-paradigm,static,no,10.29
Rust,http_server,106.82,33.86,86,4,2022,multi-paradigm,static,no,2.1
C++,regex_match,48.73,5.73,24,4,2024,multi-paradigm,static,no,10.5
C#,regex_match,149.64,22.14,25,1,2023,oop,static,yes,6.86
Ruby,fibonacci,1558.0,13.64,17,1,2023,oop,dynamic,yes,1.89
C++,json_parse,78.4,25.25,40,4,2021,multi-paradigm,static,no,10.08
Kotlin,matrix_multiply,172.71,594.29,29,16,2024,multi-paradigm,static,yes,2.8
Kotlin,spectral_norm,765.87,45.33,32,1,2023,multi-paradigm,static,yes,2.58
Kotlin,matrix_multiply,269.58,288.83,31,4,2022,multi-paradigm,static,yes,2.32
R,spectral_norm,4554.35,88.69,27,4,2024,multi-paradigm,dynamic,yes,1.5
JavaScript,file_io,657.4,86.71,26,1,2024,multi-paradigm,dynamic,yes,16.0
Python,file_io,1975.82,106.48,28,4,2025,multi-paradigm,dynamic,yes,28.56
Java,sort_large_array,289.97,630.13,35,2,2024,oop,static,yes,15.0
Elixir,http_server,604.97,158.95,44,1,2023,functional,dynamic,yes,0.54
Julia,matrix_multiply,147.16,158.65,36,1,2025,multi-paradigm,dynamic,yes,0.88
C++,mandelbrot,64.76,19.62,70,16,2025,multi-paradigm,static,no,10.61
Kotlin,spectral_norm,394.96,53.83,34,4,2021,multi-paradigm,static,yes,2.02
C++,binary_trees,264.63,258.42,59,4,2021,multi-paradigm,static,no,10.08
C++,regex_match,53.06,5.72,31,4,2021,multi-paradigm,static,no,10.08
Python,spectral_norm,3624.95,71.82,28,4,2022,multi-paradigm,dynamic,yes,26.04
Julia,file_io,315.58,52.97,29,2,2025,multi-paradigm,dynamic,yes,0.88
Elixir,regex_match,503.41,31.36,14,1,2025,functional,dynamic,yes,0.65
Ruby,spectral_norm,7916.12,44.56,29,1,2022,oop,dynamic,yes,1.98
Elixir,mandelbrot,1985.04,57.24,39,2,2022,functional,dynamic,yes,0.48
JavaScript,json_parse,61.44,125.28,30,4,2020,multi-paradigm,dynamic,yes,16.8
Ruby,file_io,2557.68,147.41,24,4,2021,oop,dynamic,yes,2.16
Go,file_io,221.98,34.01,38,1,2022,multi-paradigm,static,yes,3.82
R,binary_trees,16462.12,1537.78,32,1,2020,multi-paradigm,dynamic,yes,1.8
Swift,file_io,334.03,30.2,29,2,2020,multi-paradigm,static,optional,2.8
Java,binary_trees,388.47,1044.09,68,4,2025,oop,static,yes,14.55
R,matrix_multiply,6834.25,389.23,24,1,2021,multi-paradigm,dynamic,yes,1.68
Scala,regex_match,237.11,30.37,14,1,2021,multi-paradigm,static,yes,1.32
C#,matrix_multiply,573.0,198.87,49,1,2025,oop,static,yes,7.07
Swift,http_server,697.65,59.25,51,1,2022,multi-paradigm,static,optional,3.15
Scala,binary_trees,1132.76,1238.34,29,2,2024,multi-paradigm,static,yes,1.2
Swift,fibonacci,87.99,5.45,20,2,2022,multi-paradigm,static,optional,3.15
R,http_server,3163.65,246.58,37,2,2022,multi-paradigm,dynamic,yes,1.59
R,regex_match,2437.7,34.36,12,1,2023,multi-paradigm,dynamic,yes,1.53
C++,matrix_multiply,210.3,51.11,47,1,2020,multi-paradigm,static,no,9.97
Ruby,mandelbrot,5785.85,71.33,31,2,2022,oop,dynamic,yes,1.98
Python,sort_large_array,2147.08,702.0,20,4,2024,multi-paradigm,dynamic,yes,28.0
Java,http_server,100.41,381.57,74,16,2024,oop,static,yes,15.0
Swift,http_server,205.64,85.68,55,4,2024,multi-paradigm,static,optional,3.5
R,file_io,4028.0,126.48,18,2,2024,multi-paradigm,dynamic,yes,1.5
Haskell,file_io,407.85,80.73,24,4,2025,functional,static,yes,0.49
Haskell,fibonacci,89.14,8.29,17,4,2022,functional,static,yes,0.51
Java,sort_large_array,334.06,578.66,44,2,2021,oop,static,yes,16.05
Kotlin,matrix_multiply,273.88,333.27,27,4,2020,multi-paradigm,static,yes,1.68
Java,json_parse,93.18,150.21,30,4,2023,oop,static,yes,15.3
C#,regex_match,153.12,25.22,21,2,2022,oop,static,yes,6.72
Elixir,spectral_norm,1227.19,46.3,38,2,2025,functional,dynamic,yes,0.65
Swift,binary_trees,401.21,552.85,29,4,2024,multi-paradigm,static,optional,3.5
JavaScript,binary_trees,2013.08,1063.0,36,1,2025,multi-paradigm,dynamic,yes,15.68
TypeScript,file_io,652.78,69.63,34,2,2022,multi-paradigm,gradual,yes,6.63
Java,regex_match,146.53,35.8,21,4,2024,oop,static,yes,15.0
C#,mandelbrot,965.83,38.13,47,1,2020,oop,static,yes,6.3
JavaScript,regex_match,311.73,22.51,17,1,2023,multi-paradigm,dynamic,yes,16.16
Rust,regex_match,28.29,6.53,21,2,2022,multi-paradigm,static,no,2.1
Python,json_parse,1430.38,116.96,15,1,2021,multi-paradigm,dynamic,yes,24.36
Go,binary_trees,595.81,575.85,46,1,2022,multi-paradigm,static,yes,3.82
TypeScript,regex_match,296.49,24.69,19,1,2024,multi-paradigm,gradual,yes,8.5
Java,json_parse,90.9,258.69,39,16,2024,oop,static,yes,15.0
C#,file_io,330.1,155.24,31,16,2023,oop,static,yes,6.86
Scala,regex_match,233.19,28.95,14,1,2020,multi-paradigm,static,yes,1.38
Java,matrix_multiply,237.06,380.55,50,4,2024,oop,static,yes,15.0
Elixir,fibonacci,467.99,9.67,19,1,2022,functional,dynamic,yes,0.48
Go,file_io,208.8,31.1,37,1,2025,multi-paradigm,static,yes,4.63
Java,binary_trees,756.17,1048.47,61,1,2025,oop,static,yes,14.55
Kotlin,file_io,538.12,100.68,30,1,2024,multi-paradigm,static,yes,2.8
Rust,sort_large_array,61.48,203.31,28,8,2024,multi-paradigm,static,no,3.0
Elixir,binary_trees,3459.56,983.28,36,1,2024,functional,dynamic,yes,0.6
Go,mandelbrot,841.4,22.88,66,1,2023,multi-paradigm,static,yes,4.19
R,mandelbrot,8658.16,99.37,41,2,2021,multi-paradigm,dynamic,yes,1.68
TypeScript,http_server,455.6,192.54,62,4,2024,multi-paradigm,gradual,yes,8.5
Swift,file_io,385.51,30.38,28,2,2025,multi-paradigm,static,optional,3.57
Python,matrix_multiply,4073.79,333.97,26,1,2024,multi-paradigm,dynamic,yes,28.0
Java,file_io,329.85,79.56,37,1,2021,oop,static,yes,16.05
Elixir,sort_large_array,584.91,641.15,21,4,2022,functional,dynamic,yes,0.48
Scala,regex_match,230.34,25.25,16,1,2021,multi-paradigm,static,yes,1.32
Elixir,json_parse,214.16,111.49,23,2,2021,functional,dynamic,yes,0.42
R,matrix_multiply,3803.89,410.1,24,2,2024,multi-paradigm,dynamic,yes,1.5
C#,regex_match,138.34,20.02,22,1,2021,oop,static,yes,6.51
Swift,matrix_multiply,311.98,89.79,38,1,2025,multi-paradigm,static,optional,3.57
R,sort_large_array,5274.76,878.13,21,1,2025,multi-paradigm,dynamic,yes,1.44
Python,spectral_norm,3537.99,65.81,25,4,2025,multi-paradigm,dynamic,yes,28.56
Elixir,file_io,587.39,71.98,27,1,2024,functional,dynamic,yes,0.6
Java,regex_match,176.23,27.84,23,2,2021,oop,static,yes,16.05
Julia,regex_match,89.14,21.58,14,8,2024,multi-paradigm,dynamic,yes,0.8
Swift,sort_large_array,262.81,203.91,30,1,2023,multi-paradigm,static,optional,3.32
R,spectral_norm,5062.52,91.98,28,4,2020,multi-paradigm,dynamic,yes,1.8
Ruby,regex_match,2405.79,35.71,11,1,2023,oop,dynamic,yes,1.89
R,fibonacci,2059.64,23.92,14,2,2020,multi-paradigm,dynamic,yes,1.8
Kotlin,matrix_multiply,556.42,228.63,30,1,2023,multi-paradigm,static,yes,2.58
Julia,regex_match,111.86,21.12,14,4,2021,multi-paradigm,dynamic,yes,0.5
Rust,matrix_multiply,208.22,57.69,41,1,2023,multi-paradigm,static,no,2.55
R,spectral_norm,10809.01,69.31,28,1,2020,multi-paradigm,dynamic,yes,1.8
Kotlin,sort_large_array,262.05,763.01,24,4,2021,multi-paradigm,static,yes,2.02
Ruby,regex_match,1581.75,79.82,11,16,2024,oop,dynamic,yes,1.8
Kotlin,file_io,387.29,218.14,30,16,2025,multi-paradigm,static,yes,2.94
C++,fibonacci,47.67,2.19,25,4,2024,multi-paradigm,static,no,10.5
Scala,json_parse,166.63,138.44,25,1,2020,multi-paradigm,static,yes,1.38
Scala,sort_large_array,309.22,733.55,26,4,2020,multi-paradigm,static,yes,1.38
Go,json_parse,47.14,85.29,26,8,2023,multi-paradigm,static,yes,4.19
Kotlin,binary_trees,511.16,2852.81,43,16,2020,multi-paradigm,static,yes,1.68
R,json_parse,937.58,190.78,18,2,2022,multi-paradigm,dynamic,yes,1.59
Elixir,regex_match,412.39,31.13,14,4,2022,functional,dynamic,yes,0.48
Go,regex_match,77.45,10.44,15,2,2025,multi-paradigm,static,yes,4.63
Python,binary_trees,11234.3,967.8,33,2,2022,multi-paradigm,dynamic,yes,26.04
Julia,http_server,242.9,135.87,44,4,2023,multi-paradigm,dynamic,yes,0.7
Haskell,sort_large_array,222.45,460.87,22,4,2024,functional,static,yes,0.5
R,regex_match,2589.78,41.87,12,1,2024,multi-paradigm,dynamic,yes,1.5
TypeScript,matrix_multiply,669.11,252.28,30,2,2020,multi-paradigm,gradual,yes,4.68
R,fibonacci,2205.31,15.9,15,1,2022,multi-paradigm,dynamic,yes,1.59
Python,sort_large_array,4147.57,453.66,21,1,2025,multi-paradigm,dynamic,yes,28.56
Elixir,fibonacci,399.91,10.25,19,1,2021,functional,dynamic,yes,0.42
C++,json_parse,81.31,15.91,31,1,2020,multi-paradigm,static,no,9.97
Elixir,matrix_multiply,1785.03,206.97,27,1,2023,functional,dynamic,yes,0.54
C#,file_io,415.38,81.56,36,4,2022,oop,static,yes,6.72
JavaScript,mandelbrot,628.76,62.33,52,4,2024,multi-paradigm,dynamic,yes,16.0
Scala,spectral_norm,235.1,127.0,32,16,2025,multi-paradigm,static,yes,1.16
Go,matrix_multiply,298.5,131.08,46,2,2022,multi-paradigm,static,yes,3.82
C#,http_server,744.51,121.21,65,1,2022,oop,static,yes,6.72
Scala,regex_match,168.57,40.55,13,4,2024,multi-paradigm,static,yes,1.2
Kotlin,http_server,835.05,157.94,57,1,2021,multi-paradigm,static,yes,2.02
Java,fibonacci,115.55,17.3,32,8,2021,oop,static,yes,16.05
Elixir,matrix_multiply,851.96,234.8,28,2,2025,functional,dynamic,yes,0.65
C++,file_io,259.34,14.48,41,2,2021,multi-paradigm,static,no,10.08
Kotlin,mandelbrot,437.62,65.07,50,4,2025,multi-paradigm,static,yes,2.94
Python,spectral_norm,8319.89,40.75,26,1,2024,multi-paradigm,dynamic,yes,28.0
C++,http_server,291.72,31.15,80,2,2025,multi-paradigm,static,no,10.61
Ruby,binary_trees,12629.73,1513.77,41,1,2022,oop,dynamic,yes,1.98
C#,regex_match,169.49,25.5,18,1,2020,oop,static,yes,6.3
Rust,http_server,248.81,36.56,76,1,2023,multi-paradigm,static,no,2.55
Swift,fibonacci,82.2,4.17,19,4,2023,multi-paradigm,static,optional,3.32
Python,regex_match,2567.68,33.76,13,1,2023,multi-paradigm,dynamic,yes,27.16
Kotlin,matrix_multiply,632.96,256.61,31,1,2025,multi-paradigm,static,yes,2.94
R,regex_match,2048.96,61.79,12,4,2023,multi-paradigm,dynamic,yes,1.53
Haskell,fibonacci,88.58,8.5,16,4,2021,functional,static,yes,0.53
Julia,spectral_norm,297.21,30.37,26,2,2023,multi-paradigm,dynamic,yes,0.7
Scala,matrix_multiply,355.98,343.48,31,4,2022,multi-paradigm,static,yes,1.26
R,file_io,3687.84,135.08,20,2,2022,multi-paradigm,dynamic,yes,1.59
Ruby,matrix_multiply,2250.7,623.46,29,8,2020,oop,dynamic,yes,2.34
Swift,file_io,348.27,41.03,32,4,2023,multi-paradigm,static,optional,3.32
Rust,fibonacci,59.09,2.34,27,2,2021,multi-paradigm,static,no,1.65
Swift,binary_trees,454.95,515.35,30,4,2020,multi-paradigm,static,optional,2.8
C++,mandelbrot,194.73,11.81,79,2,2023,multi-paradigm,static,no,10.39
Rust,binary_trees,315.5,220.42,42,2,2021,multi-paradigm,static,no,1.65
Haskell,regex_match,209.3,18.46,11,1,2021,functional,static,yes,0.53
Rust,sort_large_array,72.27,163.0,26,4,2024,multi-paradigm,static,no,3.0
Rust,spectral_norm,254.39,7.94,43,1,2022,multi-paradigm,static,no,2.1
C++,binary_trees,337.07,188.49,64,1,2024,multi-paradigm,static,no,10.5
Ruby,json_parse,855.69,139.37,16,1,2023,oop,dynamic,yes,1.89
Python,mandelbrot,5967.04,68.93,41,2,2025,multi-paradigm,dynamic,yes,28.56
Go,file_io,210.42,37.02,34,1,2022,multi-paradigm,static,yes,3.82
Scala,file_io,463.95,134.96,26,4,2022,multi-paradigm,static,yes,1.26
Kotlin,sort_large_array,512.15,568.88,19,1,2022,multi-paradigm,static,yes,2.32
Haskell,json_parse,109.57,77.68,21,1,2024,functional,static,yes,0.5
Scala,http_server,924.79,189.99,47,1,2021,multi-paradigm,static,yes,1.32
Swift,mandelbrot,136.46,40.46,53,16,2024,multi-paradigm,static,optional,3.5
C++,binary_trees,371.58,220.05,72,1,2024,multi-paradigm,static,no,10.5
C#,matrix_multiply,486.76,166.23,49,1,2025,oop,static,yes,7.07
Ruby,http_server,4101.84,240.97,38,1,2021,oop,dynamic,yes,2.16
Go,http_server,86.26,100.8,72,4,2023,multi-paradigm,static,yes,4.19
Haskell,binary_trees,562.64,1260.61,36,8,2025,functional,static,yes,0.49
Go,fibonacci,102.64,5.16,23,2,2022,multi-paradigm,static,yes,3.82
Kotlin,regex_match,188.46,27.35,16,1,2024,multi-paradigm,static,yes,2.8
Rust,sort_large_array,161.6,117.96,35,1,2024,multi-paradigm,static,no,3.0
Elixir,spectral_norm,596.53,110.46,33,16,2024,functional,dynamic,yes,0.6
Elixir,http_server,228.06,184.49,41,4,2024,functional,dynamic,yes,0.6
Julia,spectral_norm,264.21,23.71,34,2,2023,multi-paradigm,dynamic,yes,0.7
Rust,mandelbrot,324.65,11.33,63,1,2024,multi-paradigm,static,no,3.0
Swift,binary_trees,431.07,424.89,33,4,2020,multi-paradigm,static,optional,2.8
Scala,binary_trees,933.17,1195.56,35,2,2023,multi-paradigm,static,yes,1.22
C++,mandelbrot,336.79,8.32,85,1,2023,multi-paradigm,static,no,10.39
Haskell,spectral_norm,733.66,25.66,28,1,2024,functional,static,yes,0.5
Elixir,mandelbrot,1375.56,52.73,50,2,2023,functional,dynamic,yes,0.54
TypeScript,http_server,1172.64,145.0,57,1,2020,multi-paradigm,gradual,yes,4.68
TypeScript,spectral_norm,1517.82,40.09,42,1,2020,multi-paradigm,gradual,yes,4.68
R,binary_trees,7015.78,4080.53,30,16,2023,multi-paradigm,dynamic,yes,1.53
Julia,binary_trees,695.66,507.66,31,1,2024,multi-paradigm,dynamic,yes,0.8
Haskell,json_parse,117.69,76.28,19,2,2024,functional,static,yes,0.5
C#,http_server,255.87,184.9,55,4,2025,oop,static,yes,7.07
Ruby,file_io,2667.22,114.74,23,2,2020,oop,dynamic,yes,2.34
Scala,json_parse,115.73,192.65,23,8,2025,multi-paradigm,static,yes,1.16
TypeScript,fibonacci,241.11,13.43,22,4,2025,multi-paradigm,gradual,yes,9.18
TypeScript,json_parse,157.53,96.72,23,2,2025,multi-paradigm,gradual,yes,9.18
Scala,file_io,624.5,100.86,21,1,2022,multi-paradigm,static,yes,1.26
Julia,file_io,346.02,62.09,24,4,2023,multi-paradigm,dynamic,yes,0.7
Elixir,http_server,714.33,159.6,43,1,2021,functional,dynamic,yes,0.42
Java,matrix_multiply,236.7,396.53,50,4,2023,oop,static,yes,15.3
Haskell,regex_match,182.63,17.75,11,1,2021,functional,static,yes,0.53
Python,http_server,4345.09,229.27,37,4,2022,multi-paradigm,dynamic,yes,26.04
Scala,json_parse,117.49,181.05,23,4,2025,multi-paradigm,static,yes,1.16
Kotlin,regex_match,162.91,34.13,16,2,2023,multi-paradigm,static,yes,2.58
C#,sort_large_array,125.11,1070.39,37,16,2023,oop,static,yes,6.86
Haskell,spectral_norm,795.63,29.15,27,1,2023,functional,static,yes,0.51
Python,json_parse,1142.49,100.15,18,1,2024,multi-paradigm,dynamic,yes,28.0
Julia,matrix_multiply,56.92,213.74,23,4,2022,multi-paradigm,dynamic,yes,0.6
Scala,http_server,782.16,183.03,43,1,2024,multi-paradigm,static,yes,1.2
Python,regex_match,2317.87,32.01,12,2,2025,multi-paradigm,dynamic,yes,28.56
Rust,mandelbrot,141.93,12.09,65,4,2021,multi-paradigm,static,no,1.65
Kotlin,file_io,476.92,86.07,30,1,2023,multi-paradigm,static,yes,2.58
Ruby,mandelbrot,5576.19,80.57,32,2,2025,oop,dynamic,yes,1.71
Go,sort_large_array,133.41,459.23,26,8,2023,multi-paradigm,static,yes,4.19
Swift,json_parse,111.15,36.35,29,1,2020,multi-paradigm,static,optional,2.8
Python,binary_trees,10242.21,1098.65,31,1,2025,multi-paradigm,dynamic,yes,28.56
Scala,binary_trees,960.2,1319.7,37,2,2022,multi-paradigm,static,yes,1.26
Java,matrix_multiply,312.75,239.55,46,2,2021,oop,static,yes,16.05
Python,http_server,2376.42,457.44,36,16,2024,multi-paradigm,dynamic,yes,28.0
Go,matrix_multiply,440.14,116.33,45,1,2023,multi-paradigm,static,yes,4.19
C#,file_io,461.21,66.54,42,1,2023,oop,static,yes,6.86
C++,matrix_multiply,213.7,42.12,51,1,2025,multi-paradigm,static,no,10.61
TypeScript,json_parse,224.37,105.86,25,1,2020,multi-paradigm,gradual,yes,4.68
Julia,binary_trees,435.03,620.25,34,2,2024,multi-paradigm,dynamic,yes,0.8
Haskell,file_io,542.61,60.01,26,1,2025,functional,static,yes,0.49
C++,file_io,252.34,20.3,45,4,2024,multi-paradigm,static,no,10.5
C#,matrix_multiply,502.98,169.65,41,1,2020,oop,static,yes,6.3
JavaScript,binary_trees,2055.05,728.22,35,1,2022,multi-paradigm,dynamic,yes,16.32
Kotlin,regex_match,134.42,65.26,17,16,2025,multi-paradigm,static,yes,2.94
Elixir,fibonacci,364.32,10.82,20,2,2021,functional,dynamic,yes,0.42
C++,file_io,262.67,17.82,59,4,2021,multi-paradigm,static,no,10.08
JavaScript,matrix_multiply,411.91,313.72,31,4,2024,multi-paradigm,dynamic,yes,16.0
Python,fibonacci,1487.5,12.41,18,1,2025,multi-paradigm,dynamic,yes,28.56
C++,spectral_norm,145.86,8.59,65,2,2021,multi-paradigm,static,no,10.08
R,mandelbrot,13660.49,81.71,28,1,2024,multi-paradigm,dynamic,yes,1.5
TypeScript,fibonacci,226.37,12.11,24,4,2024,multi-paradigm,gradual,yes,8.5
Python,regex_match,1963.28,57.6,13,8,2023,multi-paradigm,dynamic,yes,27.16
C#,http_server,394.35,110.67,58,2,2021,oop,static,yes,6.51
Scala,regex_match,215.52,38.63,14,4,2022,multi-paradigm,static,yes,1.26
Python,http_server,4588.77,240.21,40,4,2023,multi-paradigm,dynamic,yes,27.16
Haskell,binary_trees,1432.65,781.43,37,1,2021,functional,static,yes,0.53
TypeScript,mandelbrot,2109.56,43.09,44,1,2020,multi-paradigm,gradual,yes,4.68
Elixir,http_server,359.7,169.1,54,2,2021,functional,dynamic,yes,0.42
Ruby,mandelbrot,3658.85,107.73,38,4,2024,oop,dynamic,yes,1.8
Java,spectral_norm,341.82,48.99,44,4,2020,oop,static,yes,16.5
Scala,sort_large_array,261.93,707.65,26,4,2022,multi-paradigm,static,yes,1.26
Rust,matrix_multiply,81.11,71.76,53,4,2020,multi-paradigm,static,no,1.2
TypeScript,regex_match,300.39,27.42,16,2,2023,multi-paradigm,gradual,yes,7.65
Kotlin,binary_trees,1195.28,1224.44,39,1,2022,multi-paradigm,static,yes,2.32
Go,regex_match,100.0,14.58,20,2,2022,multi-paradigm,static,yes,3.82
Scala,sort_large_array,237.03,686.0,21,4,2024,multi-paradigm,static,yes,1.2
Elixir,sort_large_array,633.69,607.79,24,4,2023,functional,dynamic,yes,0.54
C#,fibonacci,102.49,9.37,27,2,2023,oop,static,yes,6.86
Ruby,http_server,1825.16,286.87,37,4,2024,oop,dynamic,yes,1.8
Swift,sort_large_array,247.79,203.28,20,1,2024,multi-paradigm,static,optional,3.5
C++,spectral_norm,146.85,8.57,61,2,2020,multi-paradigm,static,no,9.97
Haskell,matrix_multiply,536.31,183.02,24,2,2024,functional,static,yes,0.5
TypeScript,regex_match,306.65,25.95,18,1,2024,multi-paradigm,gradual,yes,8.5
Swift,mandelbrot,326.4,24.84,56,2,2023,multi-paradigm,static,optional,3.32
C++,binary_trees,230.69,279.82,59,4,2025,multi-paradigm,static,no,10.61
Ruby,binary_trees,7224.21,1760.61,29,4,2023,oop,dynamic,yes,1.89
Java,http_server,158.69,257.11,78,8,2022,oop,static,yes,15.6
C#,http_server,789.33,101.69,67,1,2025,oop,static,yes,7.07
Elixir,mandelbrot,2830.4,48.3,37,1,2022,functional,dynamic,yes,0.48
Swift,http_server,402.69,69.37,40,2,2025,multi-paradigm,static,optional,3.57
Swift,file_io,326.55,37.9,31,4,2021,multi-paradigm,static,optional,2.98
Swift,fibonacci,87.28,3.8,22,1,2024,multi-paradigm,static,optional,3.5
C++,file_io,345.09,16.69,55,1,2020,multi-paradigm,static,no,9.97
Ruby,json_parse,809.64,193.6,19,2,2023,oop,dynamic,yes,1.89
Julia,binary_trees,658.52,606.96,34,1,2025,multi-paradigm,dynamic,yes,0.88
Swift,regex_match,87.62,13.99,14,4,2022,multi-paradigm,static,optional,3.15
Scala,binary_trees,845.98,1436.56,35,4,2021,multi-paradigm,static,yes,1.32
C++,binary_trees,488.97,183.71,74,1,2022,multi-paradigm,static,no,10.29
Rust,http_server,269.68,31.39,64,1,2024,multi-paradigm,static,no,3.0
Ruby,spectral_norm,6822.33,61.58,32,1,2022,oop,dynamic,yes,1.98
Swift,fibonacci,74.21,5.59,18,4,2024,multi-paradigm,static,optional,3.5
Go,fibonacci,108.38,4.96,26,2,2024,multi-paradigm,static,yes,4.5
Scala,http_server,936.66,168.12,42,1,2022,multi-paradigm,static,yes,1.26
Rust,file_io,136.79,19.55,34,4,2023,multi-paradigm,static,no,2.55
Scala,http_server,570.84,213.8,47,2,2021,multi-paradigm,static,yes,1.32
Go,file_io,178.29,51.24,29,4,2022,multi-paradigm,static,yes,3.82
Go,mandelbrot,512.25,27.24,57,2,2020,multi-paradigm,static,yes,3.15
Julia,sort_large_array,108.03,402.09,18,4,2025,multi-paradigm,dynamic,yes,0.88
Haskell,json_parse,120.87,62.94,20,2,2020,functional,static,yes,0.55
JavaScript,json_parse,61.84,100.7,26,4,2024,multi-paradigm,dynamic,yes,16.0
R,mandelbrot,5423.64,97.79,24,4,2024,multi-paradigm,dynamic,yes,1.5
Scala,regex_match,165.28,42.59,14,4,2022,multi-paradigm,static,yes,1.26
TypeScript,http_server,706.36,147.89,62,2,2020,multi-paradigm,gradual,yes,4.68
TypeScript,file_io,720.4,65.5,31,1,2020,multi-paradigm,gradual,yes,4.68
Python,http_server,5938.28,205.04,40,2,2020,multi-paradigm,dynamic,yes,22.4
Go,regex_match,99.22,14.14,14,1,2024,multi-paradigm,static,yes,4.5
Python,sort_large_array,3912.29,526.31,24,1,2025,multi-paradigm,dynamic,yes,28.56
Rust,fibonacci,56.0,2.14,29,1,2021,multi-paradigm,static,no,1.65
Go,mandelbrot,279.17,33.34,53,4,2022,multi-paradigm,static,yes,3.82
Elixir,matrix_multiply,594.7,316.69,33,4,2024,functional,dynamic,yes,0.6
Scala,regex_match,217.51,30.63,12,1,2025,multi-paradigm,static,yes,1.16
Python,matrix_multiply,3851.02,296.67,24,1,2022,multi-paradigm,dynamic,yes,26.04
Swift,sort_large_array,273.09,203.65,26,1,2024,multi-paradigm,static,optional,3.5
Scala,http_server,488.86,187.29,51,2,2025,multi-paradigm,static,yes,1.16
Elixir,binary_trees,3377.19,1104.93,42,1,2023,functional,dynamic,yes,0.54
C++,json_parse,89.7,24.91,33,1,2023,multi-paradigm,static,no,10.39
Java,spectral_norm,413.32,41.5,48,2,2023,oop,static,yes,15.3
TypeScript,spectral_norm,1394.64,36.76,45,1,2023,multi-paradigm,gradual,yes,7.65
C++,http_server,560.47,24.01,107,1,2024,multi-paradigm,static,no,10.5
Kotlin,mandelbrot,927.7,47.86,51,1,2025,multi-paradigm,static,yes,2.94
TypeScript,file_io,657.43,67.72,32,2,2021,multi-paradigm,gradual,yes,5.53
Kotlin,matrix_multiply,276.89,396.27,32,4,2021,multi-paradigm,static,yes,2.02
Scala,sort_large_array,216.98,1060.48,21,8,2025,multi-paradigm,static,yes,1.16
R,file_io,3913.34,155.42,22,2,2022,multi-paradigm,dynamic,yes,1.59
Ruby,fibonacci,1443.05,18.74,15,4,2022,oop,dynamic,yes,1.98
Scala,mandelbrot,744.63,62.01,38,2,2023,multi-paradigm,static,yes,1.22
Julia,mandelbrot,473.56,37.5,38,2,2020,multi-paradigm,dynamic,yes,0.4
Kotlin,file_io,409.71,84.93,24,2,2023,multi-paradigm,static,yes,2.58
Haskell,http_server,495.77,120.88,42,2,2021,functional,static,yes,0.53
Java,fibonacci,139.58,10.03,31,2,2022,oop,static,yes,15.6
Elixir,matrix_multiply,1671.02,264.89,31,1,2024,functional,dynamic,yes,0.6
Ruby,file_io,2791.62,110.05,26,2,2023,oop,dynamic,yes,1.89
Julia,json_parse,106.52,64.62,18,2,2021,multi-paradigm,dynamic,yes,0.5
JavaScript,http_server,174.39,153.86,62,4,2024,multi-paradigm,dynamic,yes,16.0
Java,regex_match,180.99,23.81,26,1,2024,oop,static,yes,15.0
Python,spectral_norm,4907.7,58.15,29,2,2023,multi-paradigm,dynamic,yes,27.16
Go,file_io,182.33,39.2,34,2,2024,multi-paradigm,static,yes,4.5
R,matrix_multiply,4054.92,467.83,20,2,2022,multi-paradigm,dynamic,yes,1.59
Swift,http_server,374.11,64.28,56,2,2020,multi-paradigm,static,optional,2.8
Haskell,regex_match,144.0,27.42,14,8,2024,functional,static,yes,0.5
C++,regex_match,51.99,6.98,24,8,2022,multi-paradigm,static,no,10.29
Scala,fibonacci,163.73,13.27,17,1,2025,multi-paradigm,static,yes,1.16
Elixir,mandelbrot,1533.28,63.14,41,2,2021,functional,dynamic,yes,0.42
Go,spectral_norm,311.29,26.14,41,2,2023,multi-paradigm,static,yes,4.19
Ruby,binary_trees,4830.33,3550.44,31,16,2022,oop,dynamic,yes,1.98
JavaScript,spectral_norm,1195.88,35.3,39,1,2025,multi-paradigm,dynamic,yes,15.68
C++,mandelbrot,89.8,17.17,76,8,2021,multi-paradigm,static,no,10.08
JavaScript,regex_match,259.2,26.54,19,4,2025,multi-paradigm,dynamic,yes,15.68
JavaScript,sort_large_array,583.71,414.55,29,2,2025,multi-paradigm,dynamic,yes,15.68
Scala,sort_large_array,548.61,576.02,25,1,2020,multi-paradigm,static,yes,1.38
TypeScript,fibonacci,205.61,10.52,23,4,2025,multi-paradigm,gradual,yes,9.18
Julia,spectral_norm,217.8,31.04,35,4,2025,multi-paradigm,dynamic,yes,0.88
Scala,binary_trees,819.67,1516.94,25,4,2025,multi-paradigm,static,yes,1.16
C++,spectral_norm,148.06,9.54,54,2,2025,multi-paradigm,static,no,10.61
JavaScript,fibonacci,259.42,11.0,23,1,2023,multi-paradigm,dynamic,yes,16.16
C#,json_parse,119.52,81.79,24,1,2021,oop,static,yes,6.51
R,http_server,3509.58,264.72,43,2,2022,multi-paradigm,dynamic,yes,1.59
Python,spectral_norm,5135.66,52.98,22,2,2023,multi-paradigm,dynamic,yes,27.16
Go,matrix_multiply,552.91,128.6,40,1,2022,multi-paradigm,static,yes,3.82
TypeScript,mandelbrot,447.79,118.31,47,16,2021,multi-paradigm,gradual,yes,5.53
Ruby,matrix_multiply,2643.23,498.85,24,4,2022,oop,dynamic,yes,1.98
Rust,binary_trees,342.84,272.28,55,2,2024,multi-paradigm,static,no,3.0
Java,regex_match,133.91,35.15,22,4,2024,oop,static,yes,15.0
Haskell,http_server,307.77,143.14,43,4,2025,functional,static,yes,0.49
Java,matrix_multiply,244.15,349.77,52,4,2025,oop,static,yes,14.55
Go,regex_match,61.29,21.08,14,8,2025,multi-paradigm,static,yes,4.63
JavaScript,sort_large_array,568.0,528.34,29,2,2020,multi-paradigm,dynamic,yes,16.8
Rust,binary_trees,331.19,244.32,55,2,2023,multi-paradigm,static,no,2.55
Julia,mandelbrot,733.78,25.8,39,1,2021,multi-paradigm,dynamic,yes,0.5
Kotlin,matrix_multiply,598.31,287.02,31,1,2020,multi-paradigm,static,yes,1.68
Scala,matrix_multiply,440.2,325.03,38,2,2020,multi-paradigm,static,yes,1.38
JavaScript,fibonacci,219.57,11.95,27,4,2024,multi-paradigm,dynamic,yes,16.0
TypeScript,json_parse,162.81,127.09,27,4,2025,multi-paradigm,gradual,yes,9.18
Elixir,matrix_multiply,640.71,305.0,31,4,2024,functional,dynamic,yes,0.6
Ruby,json_parse,707.32,156.6,20,2,2024,oop,dynamic,yes,1.8
Kotlin,file_io,342.56,183.07,24,16,2020,multi-paradigm,static,yes,1.68
Python,binary_trees,5502.79,1950.25,33,8,2025,multi-paradigm,dynamic,yes,28.56
Ruby,sort_large_array,3294.88,909.15,24,2,2020,oop,dynamic,yes,2.34
TypeScript,file_io,719.82,75.58,29,1,2025,multi-paradigm,gradual,yes,9.18
Scala,sort_large_array,566.96,665.6,20,1,2025,multi-paradigm,static,yes,1.16
Elixir,file_io,546.99,100.3,25,4,2020,functional,dynamic,yes,0.36
Scala,fibonacci,155.4,15.91,16,4,2024,multi-paradigm,static,yes,1.2
R,spectral_norm,6343.03,76.94,32,2,2024,multi-paradigm,dynamic,yes,1.5
Julia,file_io,314.09,80.52,25,8,2021,multi-paradigm,dynamic,yes,0.5
C#,json_parse,128.5,86.73,32,1,2024,oop,static,yes,7.0
Kotlin,spectral_norm,798.33,41.58,44,1,2023,multi-paradigm,static,yes,2.58
Elixir,spectral_norm,2130.02,35.55,29,1,2023,functional,dynamic,yes,0.54
R,mandelbrot,13293.65,89.62,36,1,2025,multi-paradigm,dynamic,yes,1.44
Haskell,matrix_multiply,1064.63,162.83,24,1,2022,functional,static,yes,0.51
Julia,fibonacci,39.18,5.94,14,1,2024,multi-paradigm,dynamic,yes,0.8
TypeScript,sort_large_array,776.74,493.24,32,1,2025,multi-paradigm,gradual,yes,9.18
C++,http_server,114.9,63.15,94,16,2023,multi-paradigm,static,no,10.39
Scala,spectral_norm,912.31,55.33,31,1,2022,multi-paradigm,static,yes,1.26
Python,matrix_multiply,2622.49,366.36,25,2,2021,multi-paradigm,dynamic,yes,24.36
Elixir,fibonacci,262.75,27.42,19,16,2025,functional,dynamic,yes,0.65
Ruby,spectral_norm,4922.47,57.63,29,2,2021,oop,dynamic,yes,2.16
Go,json_parse,65.8,37.3,27,1,2025,multi-paradigm,static,yes,4.63
Java,sort_large_array,440.74,602.09,40,1,2025,oop,static,yes,14.55
Scala,matrix_multiply,440.34,297.31,31,2,2021,multi-paradigm,static,yes,1.32
TypeScript,file_io,564.71,113.8,37,8,2025,multi-paradigm,gradual,yes,9.18
Java,mandelbrot,1006.43,47.37,91,1,2022,oop,static,yes,15.6
C++,matrix_multiply,52.34,157.14,62,16,2025,multi-paradigm,static,no,10.61
C#,http_server,339.46,160.61,70,4,2020,oop,static,yes,6.3
Go,regex_match,96.16,13.28,19,1,2021,multi-paradigm,static,yes,3.51
Elixir,sort_large_array,637.13,799.49,23,4,2023,functional,dynamic,yes,0.54
Scala,mandelbrot,468.32,81.54,36,4,2024,multi-paradigm,static,yes,1.2
R,fibonacci,2081.95,14.82,15,2,2025,multi-paradigm,dynamic,yes,1.44
Python,fibonacci,1371.32,12.04,15,1,2025,multi-paradigm,dynamic,yes,28.56
Elixir,spectral_norm,543.48,102.97,36,16,2024,functional,dynamic,yes,0.6
Rust,spectral_norm,172.01,10.02,50,2,2021,multi-paradigm,static,no,1.65
JavaScript,regex_match,306.77,27.58,18,2,2023,multi-paradigm,dynamic,yes,16.16
TypeScript,fibonacci,260.05,11.0,26,2,2021,multi-paradigm,gradual,yes,5.53
Go,regex_match,88.12,15.95,19,4,2021,multi-paradigm,static,yes,3.51
R,matrix_multiply,6076.2,410.75,26,1,2022,multi-paradigm,dynamic,yes,1.59
R,mandelbrot,7370.5,85.99,36,2,2021,multi-paradigm,dynamic,yes,1.68
JavaScript,matrix_multiply,575.38,234.86,36,2,2024,multi-paradigm,dynamic,yes,16.0
Swift,file_io,412.71,29.12,25,1,2024,multi-paradigm,static,optional,3.5
C++,mandelbrot,130.31,11.5,80,4,2022,multi-paradigm,static,no,10.29
JavaScript,binary_trees,1082.4,1009.75,46,4,2025,multi-paradigm,dynamic,yes,15.68
Rust,matrix_multiply,97.17,73.5,43,4,2022,multi-paradigm,static,no,2.1
C#,http_server,347.49,144.12,78,2,2024,oop,static,yes,7.0
TypeScript,http_server,484.29,174.11,56,4,2021,multi-paradigm,gradual,yes,5.53
Java,spectral_norm,430.71,40.61,65,2,2024,oop,static,yes,15.0
R,sort_large_array,6680.35,764.61,20,1,2025,multi-paradigm,dynamic,yes,1.44
TypeScript,sort_large_array,783.23,483.86,27,1,2021,multi-paradigm,gradual,yes,5.53
Python,file_io,2323.43,116.18,23,4,2025,multi-paradigm,dynamic,yes,28.56
Swift,mandelbrot,696.46,19.54,51,1,2025,multi-paradigm,static,optional,3.57
JavaScript,spectral_norm,528.91,43.49,37,4,2021,multi-paradigm,dynamic,yes,16.48
TypeScript,http_server,1291.5,143.89,60,1,2022,multi-paradigm,gradual,yes,6.63
R,regex_match,3039.94,31.53,14,1,2021,multi-paradigm,dynamic,yes,1.68
R,binary_trees,9137.47,2328.99,25,4,2024,multi-paradigm,dynamic,yes,1.5
Scala,mandelbrot,460.73,85.7,35,4,2020,multi-paradigm,static,yes,1.38
Swift,fibonacci,84.41,3.54,22,2,2023,multi-paradigm,static,optional,3.32
C#,fibonacci,140.16,7.9,23,1,2022,oop,static,yes,6.72
Ruby,mandelbrot,5649.47,75.37,39,2,2024,oop,dynamic,yes,1.8
Python,file_io,3069.61,100.75,18,4,2022,multi-paradigm,dynamic,yes,26.04
JavaScript,binary_trees,2427.69,1053.26,37,1,2022,multi-paradigm,dynamic,yes,16.32
Kotlin,http_server,486.86,211.8,49,2,2024,multi-paradigm,static,yes,2.8
Haskell,file_io,454.12,57.0,25,2,2021,functional,static,yes,0.53
R,matrix_multiply,3814.85,479.19,27,2,2024,multi-paradigm,dynamic,yes,1.5
Kotlin,sort_large_array,194.58,794.4,30,8,2022,multi-paradigm,static,yes,2.32
Scala,file_io,567.13,106.74,25,1,2024,multi-paradigm,static,yes,1.2
Java,spectral_norm,333.83,66.25,39,4,2022,oop,static,yes,15.6
C#,json_parse,107.47,73.29,25,1,2023,oop,static,yes,6.86
R,fibonacci,1731.45,21.98,15,4,2021,multi-paradigm,dynamic,yes,1.68
JavaScript,mandelbrot,414.75,126.01,56,16,2024,multi-paradigm,dynamic,yes,16.0
Go,sort_large_array,363.81,180.94,34,1,2024,multi-paradigm,static,yes,4.5
C#,mandelbrot,341.54,53.63,68,4,2023,oop,static,yes,6.86
JavaScript,spectral_norm,1426.64,38.95,41,1,2020,multi-paradigm,dynamic,yes,16.8
Scala,binary_trees,1380.55,1242.81,36,1,2024,multi-paradigm,static,yes,1.2
Java,mandelbrot,1096.29,48.29,64,1,2021,oop,static,yes,16.05
Java,spectral_norm,386.94,41.39,61,4,2021,oop,static,yes,16.05
Kotlin,http_server,479.97,166.85,47,2,2022,multi-paradigm,static,yes,2.32
C++,matrix_multiply,74.83,69.79,63,4,2023,multi-paradigm,static,no,10.39
Go,fibonacci,107.33,4.62,23,1,2025,multi-paradigm,static,yes,4.63
Java,http_server,134.3,287.63,84,8,2021,oop,static,yes,16.05
Python,fibonacci,1467.97,16.16,12,2,2024,multi-paradigm,dynamic,yes,28.0
Haskell,http_server,284.83,128.64,50,4,2025,functional,static,yes,0.49
JavaScript,spectral_norm,385.47,98.39,42,16,2021,multi-paradigm,dynamic,yes,16.48
Python,fibonacci,1395.29,12.39,11,1,2022,multi-paradigm,dynamic,yes,26.04
C#,fibonacci,137.49,7.79,31,1,2023,oop,static,yes,6.86
Elixir,fibonacci,388.52,10.37,13,1,2025,functional,dynamic,yes,0.65
Haskell,binary_trees,616.06,980.84,33,4,2023,functional,static,yes,0.51
Kotlin,mandelbrot,944.68,52.31,49,1,2023,multi-paradigm,static,yes,2.58
Scala,spectral_norm,414.6,59.49,30,4,2024,multi-paradigm,static,yes,1.2
Ruby,sort_large_array,2394.6,779.02,22,2,2025,oop,dynamic,yes,1.71
Rust,matrix_multiply,57.49,127.53,44,16,2024,multi-paradigm,static,no,3.0
TypeScript,mandelbrot,2059.78,44.08,57,1,2021,multi-paradigm,gradual,yes,5.53
TypeScript,regex_match,334.37,20.46,21,1,2023,multi-paradigm,gradual,yes,7.65
Ruby,http_server,5205.27,238.1,47,1,2024,oop,dynamic,yes,1.8
C++,fibonacci,39.3,3.44,29,8,2022,multi-paradigm,static,no,10.29
Scala,json_parse,150.37,130.34,20,2,2022,multi-paradigm,static,yes,1.26
TypeScript,http_server,248.23,399.09,48,16,2025,multi-paradigm,gradual,yes,9.18
Go,json_parse,48.34,135.01,31,16,2023,multi-paradigm,static,yes,4.19
Scala,json_parse,92.63,187.82,22,4,2024,multi-paradigm,static,yes,1.2
Haskell,binary_trees,482.77,1204.57,37,8,2024,functional,static,yes,0.5
C++,spectral_norm,122.48,11.31,64,4,2023,multi-paradigm,static,no,10.39
Haskell,binary_trees,839.84,719.28,31,2,2023,functional,static,yes,0.51
Julia,sort_large_array,77.55,724.77,20,16,2023,multi-paradigm,dynamic,yes,0.7
C++,regex_match,70.55,4.78,22,1,2022,multi-paradigm,static,no,10.29
JavaScript,mandelbrot,1085.14,50.51,58,2,2022,multi-paradigm,dynamic,yes,16.32
Rust,binary_trees,279.07,271.59,49,4,2020,multi-paradigm,static,no,1.2
C#,sort_large_array,195.09,561.47,36,4,2022,oop,static,yes,6.72
Python,regex_match,1983.54,39.95,11,4,2022,multi-paradigm,dynamic,yes,26.04
C++,mandelbrot,96.18,15.9,71,8,2023,multi-paradigm,static,no,10.39
Python,binary_trees,8607.35,1208.7,29,2,2025,multi-paradigm,dynamic,yes,28.56
Rust,spectral_norm,250.69,8.43,55,1,2023,multi-paradigm,static,no,2.55
Ruby,mandelbrot,5498.81,64.91,36,2,2021,oop,dynamic,yes,2.16
R,matrix_multiply,3676.24,422.66,29,2,2024,multi-paradigm,dynamic,yes,1.5
Julia,regex_match,71.3,33.58,16,16,2025,multi-paradigm,dynamic,yes,0.88
Rust,sort_large_array,101.27,100.32,39,2,2023,multi-paradigm,static,no,2.55
Julia,binary_trees,582.44,506.66,37,1,2025,multi-paradigm,dynamic,yes,0.88
Rust,http_server,175.45,42.23,87,2,2021,multi-paradigm,static,no,1.65
JavaScript,regex_match,220.67,27.79,15,4,2024,multi-paradigm,dynamic,yes,16.0
JavaScript,file_io,615.63,88.55,27,4,2020,multi-paradigm,dynamic,yes,16.8
R,sort_large_array,4384.78,908.65,19,2,2022,multi-paradigm,dynamic,yes,1.59
TypeScript,mandelbrot,1769.5,49.4,51,1,2024,multi-paradigm,gradual,yes,8.5
Go,regex_match,79.12,18.46,14,4,2024,multi-paradigm,static,yes,4.5
Elixir,spectral_norm,2028.86,42.32,43,1,2024,functional,dynamic,yes,0.6
Kotlin,json_parse,133.76,126.34,25,1,2025,multi-paradigm,static,yes,2.94
TypeScript,json_parse,210.7,82.96,31,1,2023,multi-paradigm,gradual,yes,7.65
Elixir,fibonacci,278.67,26.96,19,16,2021,functional,dynamic,yes,0.42
Rust,sort_large_array,71.01,113.98,34,4,2024,multi-paradigm,static,no,3.0
Swift,matrix_multiply,130.02,154.1,35,8,2022,multi-paradigm,static,optional,3.15
Kotlin,spectral_norm,439.56,48.54,36,2,2024,multi-paradigm,static,yes,2.8
Haskell,regex_match,202.71,19.08,12,1,2025,functional,static,yes,0.49
Python,file_io,2716.22,97.36,23,2,2022,multi-paradigm,dynamic,yes,26.04
Kotlin,matrix_multiply,533.08,243.46,39,1,2025,multi-paradigm,static,yes,2.94
JavaScript,sort_large_array,347.5,608.33,32,4,2023,multi-paradigm,dynamic,yes,16.16
Haskell,mandelbrot,379.64,49.42,37,4,2022,functional,static,yes,0.51
R,sort_large_array,4295.24,738.74,16,2,2020,multi-paradigm,dynamic,yes,1.8
Haskell,regex_match,160.5,22.34,10,4,2023,functional,static,yes,0.51
TypeScript,regex_match,283.52,27.84,22,2,2021,multi-paradigm,gradual,yes,5.53
Ruby,sort_large_array,2273.76,890.44,23,4,2023,oop,dynamic,yes,1.89
Python,mandelbrot,10757.12,66.15,31,1,2020,multi-paradigm,dynamic,yes,22.4
R,mandelbrot,15918.78,76.2,38,1,2020,multi-paradigm,dynamic,yes,1.8
Java,http_server,477.74,138.17,81,1,2023,oop,static,yes,15.3
R,json_parse,911.25,196.08,19,4,2023,multi-paradigm,dynamic,yes,1.53
Java,fibonacci,132.03,10.83,28,2,2021,oop,static,yes,16.05
Python,file_io,2332.72,113.42,23,4,2023,multi-paradigm,dynamic,yes,27.16
Swift,fibonacci,67.51,5.37,24,4,2025,multi-paradigm,static,optional,3.57
Ruby,json_parse,640.28,179.57,19,4,2024,oop,dynamic,yes,1.8
R,http_server,1686.77,580.68,39,16,2020,multi-paradigm,dynamic,yes,1.8
Julia,sort_large_array,81.59,729.17,22,16,2025,multi-paradigm,dynamic,yes,0.88
Go,json_parse,62.87,76.04,28,4,2022,multi-paradigm,static,yes,3.82
Elixir,file_io,471.98,112.26,28,4,2025,functional,dynamic,yes,0.65
Kotlin,regex_match,164.75,28.33,15,4,2023,multi-paradigm,static,yes,2.58
Scala,spectral_norm,514.12,51.72,27,2,2024,multi-paradigm,static,yes,1.2
Elixir,file_io,531.85,94.03,24,4,2025,functional,dynamic,yes,0.65
Swift,spectral_norm,191.11,22.49,37,4,2025,multi-paradigm,static,optional,3.57
JavaScript,binary_trees,1153.21,1186.4,41,4,2024,multi-paradigm,dynamic,yes,16.0
Haskell,http_server,318.78,137.42,47,4,2023,functional,static,yes,0.51
C++,sort_large_array,61.9,155.46,50,8,2023,multi-paradigm,static,no,10.39
R,regex_match,2221.29,45.62,12,2,2022,multi-paradigm,dynamic,yes,1.59
Haskell,http_server,331.56,126.17,38,4,2022,functional,static,yes,0.51
Go,mandelbrot,279.75,25.8,60,4,2020,multi-paradigm,static,yes,3.15
C#,binary_trees,636.93,905.84,50,4,2022,oop,static,yes,6.72
Rust,fibonacci,47.02,2.01,23,1,2023,multi-paradigm,static,no,2.55
Julia,fibonacci,43.26,6.16,17,1,2024,multi-paradigm,dynamic,yes,0.8
Scala,http_server,921.26,177.5,52,1,2024,multi-paradigm,static,yes,1.2
Swift,file_io,269.8,64.18,35,16,2022,multi-paradigm,static,optional,3.15
Elixir,fibonacci,466.82,9.81,18,1,2020,functional,dynamic,yes,0.36
Swift,binary_trees,677.52,381.8,42,1,2025,multi-paradigm,static,optional,3.57
Python,mandelbrot,4056.94,92.85,41,4,2025,multi-paradigm,dynamic,yes,28.56
Scala,matrix_multiply,194.21,756.72,28,16,2020,multi-paradigm,static,yes,1.38
Kotlin,regex_match,145.88,28.29,18,2,2025,multi-paradigm,static,yes,2.94
Swift,binary_trees,552.67,391.88,42,2,2023,multi-paradigm,static,optional,3.32
JavaScript,fibonacci,216.36,11.83,22,4,2024,multi-paradigm,dynamic,yes,16.0
Scala,regex_match,177.37,36.18,16,4,2025,multi-paradigm,static,yes,1.16
Julia,sort_large_array,191.88,345.82,21,2,2023,multi-paradigm,dynamic,yes,0.7
Haskell,http_server,487.01,111.91,39,2,2023,functional,static,yes,0.51
C++,matrix_multiply,131.28,61.55,54,2,2022,multi-paradigm,static,no,10.29
C#,fibonacci,106.58,9.27,23,4,2025,oop,static,yes,7.07
Rust,json_parse,36.98,21.03,37,2,2022,multi-paradigm,static,no,2.1
Java,fibonacci,120.48,9.67,30,1,2023,oop,static,yes,15.3
JavaScript,json_parse,60.6,108.68,25,2,2025,multi-paradigm,dynamic,yes,15.68
Go,matrix_multiply,168.53,215.19,50,8,2024,multi-paradigm,static,yes,4.5
Swift,file_io,319.31,38.93,25,4,2024,multi-paradigm,static,optional,3.5
Julia,json_parse,95.26,62.0,18,1,2025,multi-paradigm,dynamic,yes,0.88
C++,sort_large_array,80.38,143.08,40,4,2020,multi-paradigm,static,no,9.97
Elixir,regex_match,473.65,24.08,12,1,2025,functional,dynamic,yes,0.65
Julia,file_io,260.87,101.55,19,16,2024,multi-paradigm,dynamic,yes,0.8
Haskell,spectral_norm,278.22,46.19,30,8,2021,functional,static,yes,0.53
JavaScript,fibonacci,220.26,13.4,18,4,2021,multi-paradigm,dynamic,yes,16.48
Java,matrix_multiply,243.72,342.66,64,4,2020,oop,static,yes,16.5
Scala,json_parse,162.74,120.46,22,1,2022,multi-paradigm,static,yes,1.26
Go,mandelbrot,1017.36,29.45,73,1,2020,multi-paradigm,static,yes,3.15
Go,file_io,200.61,49.65,28,4,2020,multi-paradigm,static,yes,3.15
JavaScript,binary_trees,1606.92,943.88,48,2,2021,multi-paradigm,dynamic,yes,16.48
Rust,fibonacci,48.39,3.27,26,4,2021,multi-paradigm,static,no,1.65
TypeScript,regex_match,323.33,20.38,21,1,2020,multi-paradigm,gradual,yes,4.68
Go,http_server,96.72,105.18,64,4,2020,multi-paradigm,static,yes,3.15
Swift,regex_match,112.9,9.54,20,1,2025,multi-paradigm,static,optional,3.57
JavaScript,spectral_norm,659.66,51.3,42,4,2021,multi-paradigm,dynamic,yes,16.48
Julia,matrix_multiply,49.2,331.37,23,16,2020,multi-paradigm,dynamic,yes,0.4
JavaScript,json_parse,72.23,117.93,27,2,2023,multi-paradigm,dynamic,yes,16.16
Python,binary_trees,6238.8,1594.99,26,4,2024,multi-paradigm,dynamic,yes,28.0
R,http_server,6970.61,275.4,46,1,2020,multi-paradigm,dynamic,yes,1.8
Rust,sort_large_array,97.44,115.75,38,2,2025,multi-paradigm,static,no,3.45
TypeScript,regex_match,290.15,17.84,15,1,2024,multi-paradigm,gradual,yes,8.5
C#,fibonacci,127.97,8.14,21,1,2024,oop,static,yes,7.0
Python,json_parse,1222.99,147.42,19,2,2020,multi-paradigm,dynamic,yes,22.4
Elixir,fibonacci,381.56,9.8,18,1,2025,functional,dynamic,yes,0.65
Go,binary_trees,322.9,640.92,43,4,2022,multi-paradigm,static,yes,3.82
Go,spectral_norm,325.41,22.26,43,2,2024,multi-paradigm,static,yes,4.5
Scala,matrix_multiply,233.73,562.4,28,8,2025,multi-paradigm,static,yes,1.16
R,json_parse,982.21,193.61,18,2,2025,multi-paradigm,dynamic,yes,1.44
Java,http_server,149.4,364.01,79,16,2020,oop,static,yes,16.5
C++,spectral_norm,140.55,8.71,58,2,2022,multi-paradigm,static,no,10.29
R,matrix_multiply,2211.74,728.48,26,8,2023,multi-paradigm,dynamic,yes,1.53
Java,fibonacci,137.89,8.23,28,1,2021,oop,static,yes,16.05
Kotlin,matrix_multiply,313.57,274.97,25,2,2023,multi-paradigm,static,yes,2.58
Go,http_server,225.22,72.63,61,1,2021,multi-paradigm,static,yes,3.51
Python,file_io,2498.18,111.83,22,4,2021,multi-paradigm,dynamic,yes,24.36
Swift,file_io,350.21,34.14,32,2,2023,multi-paradigm,static,optional,3.32
TypeScript,fibonacci,155.73,29.69,23,16,2023,multi-paradigm,gradual,yes,7.65
TypeScript,file_io,710.24,59.23,25,1,2023,multi-paradigm,gradual,yes,7.65
Julia,matrix_multiply,106.12,175.86,30,2,2020,multi-paradigm,dynamic,yes,0.4
Julia,spectral_norm,216.02,29.4,31,2,2025,multi-paradigm,dynamic,yes,0.88
Haskell,json_parse,119.04,77.42,20,2,2020,functional,static,yes,0.55
C#,json_parse,116.94,74.91,33,1,2022,oop,static,yes,6.72
Python,sort_large_array,2731.85,757.07,16,4,2020,multi-paradigm,dynamic,yes,22.4
Julia,regex_match,100.94,20.99,14,4,2021,multi-paradigm,dynamic,yes,0.5
C++,matrix_multiply,124.69,56.16,60,2,2021,multi-paradigm,static,no,10.08
Julia,matrix_multiply,52.3,203.01,32,4,2025,multi-paradigm,dynamic,yes,0.88
Python,regex_match,2153.05,30.3,13,1,2025,multi-paradigm,dynamic,yes,28.56
Scala,fibonacci,161.25,12.76,16,2,2024,multi-paradigm,static,yes,1.2
Kotlin,binary_trees,1287.45,1206.74,41,1,2023,multi-paradigm,static,yes,2.58
JavaScript,regex_match,299.48,21.15,18,1,2021,multi-paradigm,dynamic,yes,16.48
Scala,fibonacci,125.66,30.33,15,16,2022,multi-paradigm,static,yes,1.26
Elixir,matrix_multiply,1764.75,267.58,30,1,2021,functional,dynamic,yes,0.42
TypeScript,matrix_multiply,444.52,316.26,34,4,2022,multi-paradigm,gradual,yes,6.63
Elixir,binary_trees,1476.62,1549.85,29,8,2020,functional,dynamic,yes,0.36
Kotlin,sort_large_array,216.94,615.74,29,4,2025,multi-paradigm,static,yes,2.94
R,regex_match,2345.86,34.43,14,1,2023,multi-paradigm,dynamic,yes,1.53
Python,sort_large_array,2644.6,780.01,19,4,2023,multi-paradigm,dynamic,yes,27.16
Python,sort_large_array,3001.43,777.89,21,4,2022,multi-paradigm,dynamic,yes,26.04
Python,regex_match,2045.27,32.38,13,2,2021,multi-paradigm,dynamic,yes,24.36
Go,fibonacci,111.95,4.78,25,2,2023,multi-paradigm,static,yes,4.19
Ruby,mandelbrot,11394.9,68.13,36,1,2021,oop,dynamic,yes,2.16
JavaScript,mandelbrot,1718.44,43.21,61,1,2022,multi-paradigm,dynamic,yes,16.32
TypeScript,json_parse,174.42,126.39,26,4,2020,multi-paradigm,gradual,yes,4.68
Kotlin,matrix_multiply,199.36,362.35,30,4,2025,multi-paradigm,static,yes,2.94
R,binary_trees,8007.51,2670.52,31,8,2022,multi-paradigm,dynamic,yes,1.59
Scala,http_server,275.54,350.51,43,8,2023,multi-paradigm,static,yes,1.22
Kotlin,spectral_norm,369.07,43.93,37,4,2025,multi-paradigm,static,yes,2.94
JavaScript,matrix_multiply,481.0,220.49,32,2,2023,multi-paradigm,dynamic,yes,16.16
C++,binary_trees,346.4,209.74,59,1,2021,multi-paradigm,static,no,10.08
Elixir,binary_trees,2613.48,1134.47,43,2,2020,functional,dynamic,yes,0.36
Haskell,fibonacci,83.97,9.6,16,4,2023,functional,static,yes,0.51
JavaScript,fibonacci,268.98,9.83,18,1,2025,multi-paradigm,dynamic,yes,15.68
Rust,sort_large_array,149.09,113.85,39,1,2024,multi-paradigm,static,no,3.0
Kotlin,binary_trees,1238.73,1109.74,41,1,2025,multi-paradigm,static,yes,2.94
Haskell,json_parse,113.96,78.66,19,2,2024,functional,static,yes,0.5
Kotlin,json_parse,123.21,129.32,22,2,2023,multi-paradigm,static,yes,2.58
JavaScript,matrix_multiply,547.77,261.75,34,2,2025,multi-paradigm,dynamic,yes,15.68
Scala,json_parse,107.76,168.2,22,4,2024,multi-paradigm,static,yes,1.2
C#,binary_trees,597.09,991.08,47,4,2021,oop,static,yes,6.51
Rust,file_io,156.85,14.39,45,1,2025,multi-paradigm,static,no,3.45
Julia,http_server,709.87,106.65,38,1,2022,multi-paradigm,dynamic,yes,0.6
Go,http_server,52.65,162.68,66,16,2021,multi-paradigm,static,yes,3.51
Julia,sort_large_array,111.29,397.04,21,4,2025,multi-paradigm,dynamic,yes,0.88
Scala,matrix_multiply,314.9,451.83,28,4,2023,multi-paradigm,static,yes,1.22
TypeScript,binary_trees,1667.02,1130.88,44,2,2025,multi-paradigm,gradual,yes,9.18
Haskell,regex_match,170.15,18.51,12,1,2024,functional,static,yes,0.5
Elixir,binary_trees,2138.24,1008.56,41,2,2023,functional,dynamic,yes,0.54
Rust,matrix_multiply,221.27,54.06,41,1,2022,multi-paradigm,static,no,2.1
Kotlin,json_parse,141.18,131.64,21,2,2020,multi-paradigm,static,yes,1.68
Scala,matrix_multiply,660.83,245.29,27,1,2024,multi-paradigm,static,yes,1.2
Ruby,regex_match,2303.19,47.34,13,4,2023,oop,dynamic,yes,1.89
Scala,fibonacci,179.21,13.15,23,2,2021,multi-paradigm,static,yes,1.32
Haskell,fibonacci,62.67,19.19,12,16,2022,functional,static,yes,0.51
Scala,spectral_norm,656.18,40.63,36,2,2021,multi-paradigm,static,yes,1.32
Elixir,json_parse,193.63,127.61,15,4,2020,functional,dynamic,yes,0.36
Scala,mandelbrot,453.0,79.21,44,4,2020,multi-paradigm,static,yes,1.38
C++,file_io,314.99,14.95,53,1,2021,multi-paradigm,static,no,10.08
Elixir,mandelbrot,946.23,66.19,35,4,2025,functional,dynamic,yes,0.65
Elixir,sort_large_array,476.46,1190.16,24,16,2021,functional,dynamic,yes,0.42
Python,sort_large_array,3614.71,616.47,19,2,2020,multi-paradigm,dynamic,yes,22.4
Rust,json_parse,34.43,59.92,34,16,2022,multi-paradigm,static,no,2.1
Java,mandelbrot,1059.79,40.75,66,1,2021,oop,static,yes,16.05
Rust,binary_trees,488.81,228.72,62,1,2021,multi-paradigm,static,no,1.65
TypeScript,sort_large_array,436.23,668.98,29,4,2022,multi-paradigm,gradual,yes,6.63
Swift,mandelbrot,727.69,20.89,52,1,2021,multi-paradigm,static,optional,2.98
Python,mandelbrot,2948.06,95.87,31,8,2024,multi-paradigm,dynamic,yes,28.0
Julia,regex_match,97.82,16.77,13,2,2022,multi-paradigm,dynamic,yes,0.6
C++,matrix_multiply,235.96,50.45,60,1,2024,multi-paradigm,static,no,10.5
C++,matrix_multiply,208.91,48.99,64,1,2022,multi-paradigm,static,no,10.29
Go,regex_match,66.48,34.48,16,16,2023,multi-paradigm,static,yes,4.19
TypeScript,mandelbrot,710.66,67.14,57,4,2022,multi-paradigm,gradual,yes,6.63
Scala,mandelbrot,1168.57,72.49,43,1,2025,multi-paradigm,static,yes,1.16
Elixir,sort_large_array,675.21,730.33,23,4,2024,functional,dynamic,yes,0.6
Elixir,http_server,375.16,156.8,43,2,2020,functional,dynamic,yes,0.36
Go,spectral_norm,167.62,48.98,50,16,2023,multi-paradigm,static,yes,4.19
Java,binary_trees,569.4,1143.69,53,2,2022,oop,static,yes,15.6
JavaScript,mandelbrot,1749.3,59.95,42,1,2022,multi-paradigm,dynamic,yes,16.32
Ruby,regex_match,1846.12,49.32,15,8,2025,oop,dynamic,yes,1.71
C#,matrix_multiply,256.5,221.74,42,2,2022,oop,static,yes,6.72
C#,regex_match,143.65,28.38,20,4,2023,oop,static,yes,6.86
Elixir,binary_trees,2394.75,1085.22,39,2,2020,functional,dynamic,yes,0.36
Java,http_server,120.95,381.35,79,16,2022,oop,static,yes,15.6
JavaScript,http_server,229.44,168.89,49,4,2021,multi-paradigm,dynamic,yes,16.48
C#,file_io,377.64,59.47,32,4,2021,oop,static,yes,6.51
Julia,binary_trees,266.95,1642.47,33,16,2023,multi-paradigm,dynamic,yes,0.7
Java,mandelbrot,365.12,57.06,78,4,2022,oop,static,yes,15.6
Haskell,fibonacci,80.23,8.48,16,4,2023,functional,static,yes,0.51
Python,binary_trees,14466.88,904.99,33,1,2024,multi-paradigm,dynamic,yes,28.0
Python,mandelbrot,4232.0,86.06,35,4,2023,multi-paradigm,dynamic,yes,27.16
Go,mandelbrot,491.81,24.62,65,2,2020,multi-paradigm,static,yes,3.15
Ruby,spectral_norm,8480.96,66.05,30,1,2020,oop,dynamic,yes,2.34
Scala,json_parse,138.06,147.89,19,2,2025,multi-paradigm,static,yes,1.16
Julia,sort_large_array,351.67,307.2,24,1,2020,multi-paradigm,dynamic,yes,0.4
C#,spectral_norm,422.14,32.98,53,2,2023,oop,static,yes,6.86
Go,sort_large_array,221.7,270.93,35,2,2023,multi-paradigm,static,yes,4.19
Ruby,regex_match,2361.38,49.39,13,4,2025,oop,dynamic,yes,1.71
Go,regex_match,72.44,16.8,18,4,2023,multi-paradigm,static,yes,4.19
C#,mandelbrot,875.43,39.04,69,1,2024,oop,static,yes,7.0
C++,fibonacci,49.91,2.05,26,1,2021,multi-paradigm,static,no,10.08
Julia,file_io,396.93,52.28,22,1,2024,multi-paradigm,dynamic,yes,0.8
C#,binary_trees,561.65,918.6,55,4,2024,oop,static,yes,7.0
Python,file_io,2890.45,113.44,27,1,2021,multi-paradigm,dynamic,yes,24.36
Swift,matrix_multiply,165.89,132.94,30,4,2020,multi-paradigm,static,optional,2.8
TypeScript,spectral_norm,774.11,45.22,35,2,2025,multi-paradigm,gradual,yes,9.18
Haskell,http_server,803.14,115.65,41,1,2024,functional,static,yes,0.5
Rust,matrix_multiply,138.48,56.44,40,2,2023,multi-paradigm,static,no,2.55
R,mandelbrot,4175.21,110.39,37,4,2025,multi-paradigm,dynamic,yes,1.44
JavaScript,sort_large_array,619.97,402.77,30,1,2024,multi-paradigm,dynamic,yes,16.0
Go,json_parse,62.04,66.5,23,4,2021,multi-paradigm,static,yes,3.51
Swift,fibonacci,83.46,5.41,20,4,2020,multi-paradigm,static,optional,2.8
Kotlin,mandelbrot,308.19,98.31,58,8,2023,multi-paradigm,static,yes,2.58
Python,fibonacci,1689.94,12.55,16,1,2025,multi-paradigm,dynamic,yes,28.56
Python,regex_match,1659.45,92.83,12,16,2023,multi-paradigm,dynamic,yes,27.16
Rust,mandelbrot,130.81,15.04,64,4,2022,multi-paradigm,static,no,2.1
Go,file_io,237.55,36.29,30,1,2023,multi-paradigm,static,yes,4.19
JavaScript,fibonacci,205.15,10.41,22,4,2024,multi-paradigm,dynamic,yes,16.0
Kotlin,sort_large_array,340.86,665.86,24,2,2023,multi-paradigm,static,yes,2.58
Julia,matrix_multiply,63.86,211.3,27,4,2022,multi-paradigm,dynamic,yes,0.6
C#,file_io,400.92,83.42,43,4,2024,oop,static,yes,7.0
R,spectral_norm,6729.45,63.62,27,2,2023,multi-paradigm,dynamic,yes,1.53
Haskell,binary_trees,612.52,1155.47,29,8,2024,functional,static,yes,0.5
TypeScript,file_io,520.79,97.55,38,4,2025,multi-paradigm,gradual,yes,9.18
Kotlin,regex_match,159.7,33.73,16,4,2022,multi-paradigm,static,yes,2.32
Python,sort_large_array,3435.25,616.26,16,2,2023,multi-paradigm,dynamic,yes,27.16
Swift,sort_large_array,170.82,199.6,28,2,2023,multi-paradigm,static,optional,3.32
Ruby,http_server,1858.23,264.7,42,4,2021,oop,dynamic,yes,2.16
Go,regex_match,79.96,14.18,18,1,2024,multi-paradigm,static,yes,4.5
C#,matrix_multiply,523.94,194.28,50,1,2024,oop,static,yes,7.0
Julia,http_server,158.5,161.24,43,8,2025,multi-paradigm,dynamic,yes,0.88
Scala,file_io,531.69,119.75,24,2,2020,multi-paradigm,static,yes,1.38
Scala,spectral_norm,508.01,65.23,34,2,2025,multi-paradigm,static,yes,1.16
Scala,regex_match,232.86,29.01,15,1,2025,multi-paradigm,static,yes,1.16
C++,sort_large_array,72.82,125.08,45,4,2025,multi-paradigm,static,no,10.61
Swift,json_parse,102.2,40.58,27,1,2025,multi-paradigm,static,optional,3.57
C#,spectral_norm,642.07,31.7,50,1,2022,oop,static,yes,6.72
Ruby,json_parse,784.27,135.03,20,1,2025,oop,dynamic,yes,1.71
Scala,spectral_norm,385.19,58.28,25,4,2022,multi-paradigm,static,yes,1.26
Scala,sort_large_array,619.76,569.65,20,1,2021,multi-paradigm,static,yes,1.32
Java,sort_large_array,418.64,592.07,43,1,2025,oop,static,yes,14.55
Go,file_io,166.13,105.91,34,16,2025,multi-paradigm,static,yes,4.63
R,binary_trees,9308.03,2051.66,35,4,2024,multi-paradigm,dynamic,yes,1.5
C++,spectral_norm,246.46,7.62,57,1,2023,multi-paradigm,static,no,10.39
Python,binary_trees,15579.15,1243.09,33,1,2021,multi-paradigm,dynamic,yes,24.36
TypeScript,mandelbrot,933.78,52.71,54,2,2022,multi-paradigm,gradual,yes,6.63
TypeScript,matrix_multiply,361.95,375.42,51,8,2020,multi-paradigm,gradual,yes,4.68
TypeScript,spectral_norm,1406.89,34.17,38,1,2022,multi-paradigm,gradual,yes,6.63
Python,file_io,2423.31,108.32,21,4,2020,multi-paradigm,dynamic,yes,22.4
TypeScript,regex_match,213.38,72.31,21,16,2024,multi-paradigm,gradual,yes,8.5
R,binary_trees,7331.01,2771.31,28,8,2023,multi-paradigm,dynamic,yes,1.53
Julia,binary_trees,430.7,807.45,33,4,2025,multi-paradigm,dynamic,yes,0.88
Haskell,binary_trees,770.64,936.21,27,4,2020,functional,static,yes,0.55
TypeScript,file_io,667.47,80.86,34,4,2023,multi-paradigm,gradual,yes,7.65
Java,spectral_norm,285.55,59.11,53,4,2025,oop,static,yes,14.55
C#,spectral_norm,447.03,39.63,50,2,2021,oop,static,yes,6.51
Ruby,mandelbrot,2381.19,188.61,38,16,2025,oop,dynamic,yes,1.71
C#,sort_large_array,272.64,478.73,38,2,2024,oop,static,yes,7.0
TypeScript,fibonacci,270.76,9.45,24,2,2023,multi-paradigm,gradual,yes,7.65
C++,json_parse,62.82,23.17,42,4,2022,multi-paradigm,static,no,10.29
Go,sort_large_array,141.39,427.78,34,8,2023,multi-paradigm,static,yes,4.19
Scala,spectral_norm,338.3,65.12,33,4,2025,multi-paradigm,static,yes,1.16
Scala,mandelbrot,1233.42,58.17,39,1,2023,multi-paradigm,static,yes,1.22
Julia,binary_trees,373.49,801.22,32,4,2021,multi-paradigm,dynamic,yes,0.5
Elixir,spectral_norm,1393.68,41.66,32,2,2023,functional,dynamic,yes,0.54
C++,sort_large_array,41.77,279.89,49,16,2025,multi-paradigm,static,no,10.61
JavaScript,file_io,578.18,95.16,26,4,2025,multi-paradigm,dynamic,yes,15.68
Go,mandelbrot,718.79,22.8,55,1,2023,multi-paradigm,static,yes,4.19
R,json_parse,927.0,215.35,22,4,2021,multi-paradigm,dynamic,yes,1.68
Java,binary_trees,782.52,1028.43,55,1,2023,oop,static,yes,15.3
Ruby,spectral_norm,5206.49,70.29,36,2,2020,oop,dynamic,yes,2.34
Scala,file_io,649.51,90.37,24,1,2021,multi-paradigm,static,yes,1.32
JavaScript,sort_large_array,528.54,562.14,28,2,2022,multi-paradigm,dynamic,yes,16.32
C#,binary_trees,965.39,857.13,45,1,2024,oop,static,yes,7.0
TypeScript,fibonacci,249.84,10.68,23,2,2023,multi-paradigm,gradual,yes,7.65
Swift,http_server,355.75,69.98,47,2,2025,multi-paradigm,static,optional,3.57
Julia,sort_large_array,121.67,393.78,25,4,2022,multi-paradigm,dynamic,yes,0.6
Ruby,sort_large_array,2228.43,918.46,23,4,2021,oop,dynamic,yes,2.16
C#,spectral_norm,269.3,34.26,57,4,2025,oop,static,yes,7.07
JavaScript,mandelbrot,1977.06,39.82,42,1,2022,multi-paradigm,dynamic,yes,16.32
R,json_parse,870.93,180.18,21,2,2023,multi-paradigm,dynamic,yes,1.53
Haskell,mandelbrot,247.94,61.85,34,8,2022,functional,static,yes,0.51
Go,sort_large_array,239.21,236.55,30,2,2025,multi-paradigm,static,yes,4.63
Elixir,file_io,468.92,94.4,25,2,2024,functional,dynamic,yes,0.6
Elixir,file_io,431.59,193.77,28,16,2020,functional,dynamic,yes,0.36
Rust,sort_large_array,189.54,97.74,32,1,2020,multi-paradigm,static,no,1.2
Kotlin,fibonacci,132.11,13.41,15,4,2023,multi-paradigm,static,yes,2.58
Elixir,mandelbrot,626.56,131.6,50,16,2020,functional,dynamic,yes,0.36
Scala,binary_trees,882.56,1650.9,27,4,2020,multi-paradigm,static,yes,1.38
Julia,sort_large_array,369.02,316.21,26,1,2020,multi-paradigm,dynamic,yes,0.4
JavaScript,binary_trees,2100.84,784.15,34,1,2020,multi-paradigm,dynamic,yes,16.8
Kotlin,sort_large_array,170.43,859.19,28,8,2022,multi-paradigm,static,yes,2.32
Java,fibonacci,102.85,10.86,29,2,2025,oop,static,yes,14.55
R,binary_trees,11847.41,1857.61,31,2,2022,multi-paradigm,dynamic,yes,1.59
Scala,spectral_norm,477.81,57.02,29,2,2024,multi-paradigm,static,yes,1.2
Kotlin,regex_match,172.84,40.49,14,8,2021,multi-paradigm,static,yes,2.02
Swift,spectral_norm,229.93,21.14,39,4,2021,multi-paradigm,static,optional,2.98
Julia,json_parse,96.13,57.14,25,1,2024,multi-paradigm,dynamic,yes,0.8
Ruby,regex_match,1716.97,83.79,12,16,2024,oop,dynamic,yes,1.8
TypeScript,json_parse,202.62,91.26,28,1,2023,multi-paradigm,gradual,yes,7.65
Ruby,regex_match,1942.35,50.73,15,4,2023,oop,dynamic,yes,1.89
C++,file_io,281.33,17.33,46,2,2023,multi-paradigm,static,no,10.39
C++,regex_match,60.19,5.01,25,1,2025,multi-paradigm,static,no,10.61
R,http_server,3412.95,241.56,46,2,2024,multi-paradigm,dynamic,yes,1.5
C#,fibonacci,113.21,7.96,24,1,2024,oop,static,yes,7.0
Elixir,sort_large_array,1327.5,451.74,25,1,2020,functional,dynamic,yes,0.36
Python,matrix_multiply,3967.3,271.27,24,1,2023,multi-paradigm,dynamic,yes,27.16
TypeScript,regex_match,235.66,28.63,20,4,2024,multi-paradigm,gradual,yes,8.5
Go,http_server,83.12,119.73,63,4,2024,multi-paradigm,static,yes,4.5
Elixir,http_server,384.55,155.28,54,2,2023,functional,dynamic,yes,0.54
Java,json_parse,129.44,110.83,28,1,2021,oop,static,yes,16.05
Julia,regex_match,109.24,16.19,11,1,2023,multi-paradigm,dynamic,yes,0.7
Go,file_io,171.53,52.1,37,4,2024,multi-paradigm,static,yes,4.5
Scala,matrix_multiply,425.41,420.55,29,2,2023,multi-paradigm,static,yes,1.22
Haskell,binary_trees,884.62,892.7,35,2,2023,functional,static,yes,0.51
Swift,regex_match,103.18,9.31,17,1,2024,multi-paradigm,static,optional,3.5
Elixir,mandelbrot,1044.04,63.13,45,4,2021,functional,dynamic,yes,0.42
Go,matrix_multiply,196.0,157.12,39,4,2024,multi-paradigm,static,yes,4.5
C++,file_io,281.38,14.63,41,1,2021,multi-paradigm,static,no,10.08
Ruby,spectral_norm,8363.64,51.46,32,1,2024,oop,dynamic,yes,1.8
Kotlin,json_parse,142.95,112.31,22,1,2022,multi-paradigm,static,yes,2.32
R,mandelbrot,5422.34,104.28,39,4,2022,multi-paradigm,dynamic,yes,1.59
Ruby,spectral_norm,2236.92,148.14,29,16,2025,oop,dynamic,yes,1.71
Java,spectral_norm,345.8,63.98,57,4,2022,oop,static,yes,15.6
Go,mandelbrot,747.85,22.67,56,1,2025,multi-paradigm,static,yes,4.63
Ruby,spectral_norm,7057.28,55.23,32,1,2022,oop,dynamic,yes,1.98
Elixir,fibonacci,296.24,26.2,23,16,2021,functional,dynamic,yes,0.42
Elixir,regex_match,486.85,25.64,14,1,2024,functional,dynamic,yes,0.6
Scala,file_io,439.04,160.9,25,8,2023,multi-paradigm,static,yes,1.22
Rust,spectral_norm,156.77,9.6,45,2,2024,multi-paradigm,static,no,3.0
C#,sort_large_array,445.1,434.34,34,1,2022,oop,static,yes,6.72
R,matrix_multiply,2488.9,484.79,28,4,2023,multi-paradigm,dynamic,yes,1.53
R,file_io,3097.33,148.31,22,2,2020,multi-paradigm,dynamic,yes,1.8
Go,binary_trees,568.76,465.72,50,1,2020,multi-paradigm,static,yes,3.15
C++,sort_large_array,93.5,138.04,56,2,2025,multi-paradigm,static,no,10.61
Go,json_parse,71.83,53.46,40,1,2022,multi-paradigm,static,yes,3.82
Swift,file_io,253.85,43.65,29,8,2024,multi-paradigm,static,optional,3.5
Elixir,regex_match,484.57,27.03,13,2,2021,functional,dynamic,yes,0.42
Rust,sort_large_array,163.6,105.93,30,1,2022,multi-paradigm,static,no,2.1
Elixir,sort_large_array,1178.71,569.23,22,1,2025,functional,dynamic,yes,0.65
Go,fibonacci,117.53,6.77,19,2,2021,multi-paradigm,static,yes,3.51
Java,regex_match,139.14,31.5,23,4,2023,oop,static,yes,15.3
Haskell,sort_large_array,419.52,396.48,22,1,2025,functional,static,yes,0.49
TypeScript,json_parse,185.03,94.02,28,1,2024,multi-paradigm,gradual,yes,8.5
Python,file_io,2854.77,108.54,19,4,2022,multi-paradigm,dynamic,yes,26.04
Java,sort_large_array,445.0,494.95,42,1,2023,oop,static,yes,15.3
Scala,http_server,260.45,306.03,44,8,2022,multi-paradigm,static,yes,1.26
Ruby,sort_large_array,4471.05,641.26,22,1,2025,oop,dynamic,yes,1.71
Julia,fibonacci,56.94,5.88,14,2,2020,multi-paradigm,dynamic,yes,0.4
JavaScript,http_server,232.1,164.55,67,4,2020,multi-paradigm,dynamic,yes,16.8
C++,file_io,231.75,18.3,46,4,2022,multi-paradigm,static,no,10.29
C#,binary_trees,649.25,878.39,46,2,2025,oop,static,yes,7.07
Ruby,fibonacci,1528.41,15.14,15,2,2020,oop,dynamic,yes,2.34
Haskell,file_io,453.61,49.62,23,2,2025,functional,static,yes,0.49
Swift,sort_large_array,265.82,223.0,32,1,2023,multi-paradigm,static,optional,3.32
Haskell,spectral_norm,370.06,37.23,25,4,2025,functional,static,yes,0.49
Swift,spectral_norm,266.11,18.77,42,2,2025,multi-paradigm,static,optional,3.57
Haskell,sort_large_array,311.52,410.32,24,2,2025,functional,static,yes,0.49
Go,fibonacci,113.46,5.97,28,4,2021,multi-paradigm,static,yes,3.51
Kotlin,binary_trees,994.95,1153.84,40,2,2020,multi-paradigm,static,yes,1.68
Swift,fibonacci,85.07,4.49,19,2,2023,multi-paradigm,static,optional,3.32
Python,http_server,9099.08,180.25,44,1,2022,multi-paradigm,dynamic,yes,26.04
Python,spectral_norm,2235.65,104.94,24,16,2024,multi-paradigm,dynamic,yes,28.0
Rust,sort_large_array,96.85,122.11,35,2,2025,multi-paradigm,static,no,3.45
Kotlin,binary_trees,1044.94,1047.31,27,1,2024,multi-paradigm,static,yes,2.8
C#,sort_large_array,195.26,560.15,36,4,2021,oop,static,yes,6.51
JavaScript,regex_match,297.9,26.55,16,1,2024,multi-paradigm,dynamic,yes,16.0
Rust,spectral_norm,182.11,9.88,52,2,2024,multi-paradigm,static,no,3.0
C++,file_io,326.0,14.84,44,1,2024,multi-paradigm,static,no,10.5
TypeScript,mandelbrot,763.73,57.27,50,4,2023,multi-paradigm,gradual,yes,7.65
C#,sort_large_array,202.94,312.0,38,4,2022,oop,static,yes,6.72
Go,matrix_multiply,176.06,156.04,35,4,2023,multi-paradigm,static,yes,4.19
Kotlin,sort_large_array,200.63,779.55,25,4,2024,multi-paradigm,static,yes,2.8
Java,mandelbrot,536.38,52.43,68,2,2024,oop,static,yes,15.0
C#,spectral_norm,642.43,32.8,51,1,2025,oop,static,yes,7.07
C++,sort_large_array,98.13,107.83,42,2,2022,multi-paradigm,static,no,10.29
Haskell,file_io,335.89,133.38,18,16,2020,functional,static,yes,0.55
Haskell,file_io,501.08,53.62,24,2,2024,functional,static,yes,0.5
C++,mandelbrot,63.81,24.65,75,16,2023,multi-paradigm,static,no,10.39
C#,sort_large_array,268.04,406.24,36,2,2020,oop,static,yes,6.3
Scala,spectral_norm,980.08,41.83,32,1,2023,multi-paradigm,static,yes,1.22
C++,file_io,186.68,38.89,55,16,2024,multi-paradigm,static,no,10.5
C++,sort_large_array,181.93,98.94,48,1,2020,multi-paradigm,static,no,9.97
R,spectral_norm,4429.44,85.01,22,4,2021,multi-paradigm,dynamic,yes,1.68
Kotlin,http_server,337.61,200.42,54,4,2023,multi-paradigm,static,yes,2.58
Go,mandelbrot,195.29,41.75,59,8,2024,multi-paradigm,static,yes,4.5
Python,regex_match,2145.21,39.86,12,2,2025,multi-paradigm,dynamic,yes,28.56
Elixir,matrix_multiply,1769.2,240.09,29,1,2020,functional,dynamic,yes,0.36
Julia,mandelbrot,126.83,79.21,38,16,2023,multi-paradigm,dynamic,yes,0.7
Swift,binary_trees,358.41,531.35,41,4,2024,multi-paradigm,static,optional,3.5
Rust,regex_match,26.88,7.15,21,4,2025,multi-paradigm,static,no,3.45
Ruby,spectral_norm,7675.03,58.55,26,1,2025,oop,dynamic,yes,1.71
Kotlin,json_parse,92.78,245.88,26,16,2025,multi-paradigm,static,yes,2.94
Swift,regex_match,105.99,13.25,18,2,2024,multi-paradigm,static,optional,3.5
Kotlin,fibonacci,165.26,11.02,16,1,2022,multi-paradigm,static,yes,2.32
Haskell,regex_match,150.55,19.07,13,2,2021,functional,static,yes,0.53
JavaScript,fibonacci,256.67,9.06,21,1,2023,multi-paradigm,dynamic,yes,16.16
C#,regex_match,146.49,20.81,20,2,2020,oop,static,yes,6.3
Julia,json_parse,78.74,84.54,20,4,2024,multi-paradigm,dynamic,yes,0.8
Python,file_io,2637.68,124.58,23,4,2024,multi-paradigm,dynamic,yes,28.0
R,spectral_norm,6441.72,78.47,23,2,2024,multi-paradigm,dynamic,yes,1.5
Rust,file_io,167.02,13.28,43,1,2022,multi-paradigm,static,no,2.1
Swift,json_parse,84.03,41.94,27,4,2024,multi-paradigm,static,optional,3.5
Python,fibonacci,1310.95,11.78,17,4,2023,multi-paradigm,dynamic,yes,27.16
Haskell,fibonacci,82.83,8.17,16,4,2020,functional,static,yes,0.55
Rust,sort_large_array,164.26,122.52,31,1,2022,multi-paradigm,static,no,2.1
Ruby,sort_large_array,2375.49,1076.69,24,4,2021,oop,dynamic,yes,2.16
Julia,json_parse,116.43,52.43,25,1,2022,multi-paradigm,dynamic,yes,0.6
Ruby,fibonacci,1432.09,16.2,19,2,2023,oop,dynamic,yes,1.89
C#,fibonacci,130.67,9.78,20,4,2020,oop,static,yes,6.3
Go,fibonacci,83.85,7.08,25,4,2025,multi-paradigm,static,yes,4.63
Java,http_server,167.61,205.04,88,4,2021,oop,static,yes,16.05
R,binary_trees,6525.2,3271.42,28,16,2020,multi-paradigm,dynamic,yes,1.8
Kotlin,sort_large_array,236.15,498.28,31,4,2024,multi-paradigm,static,yes,2.8
Java,binary_trees,408.56,1337.77,61,4,2024,oop,static,yes,15.0
JavaScript,binary_trees,1351.37,1135.24,43,2,2025,multi-paradigm,dynamic,yes,15.68
C#,sort_large_array,122.73,869.38,32,16,2023,oop,static,yes,6.86
Haskell,spectral_norm,794.24,22.08,32,1,2022,functional,static,yes,0.51
Rust,regex_match,28.88,6.08,23,2,2024,multi-paradigm,static,no,3.0
Java,file_io,320.98,84.16,53,1,2025,oop,static,yes,14.55
Python,regex_match,1791.27,35.9,11,2,2025,multi-paradigm,dynamic,yes,28.56
Java,json_parse,101.42,124.31,40,2,2020,oop,static,yes,16.5
JavaScript,spectral_norm,1270.53,38.76,47,1,2023,multi-paradigm,dynamic,yes,16.16
Java,mandelbrot,568.31,49.74,71,2,2020,oop,static,yes,16.5
Go,json_parse,77.5,48.14,30,2,2020,multi-paradigm,static,yes,3.15
JavaScript,sort_large_array,732.04,455.96,28,1,2025,multi-paradigm,dynamic,yes,15.68
Kotlin,spectral_norm,532.83,52.31,29,2,2021,multi-paradigm,static,yes,2.02
Python,regex_match,2425.04,39.27,13,2,2023,multi-paradigm,dynamic,yes,27.16
Julia,json_parse,80.77,68.33,19,2,2024,multi-paradigm,dynamic,yes,0.8
TypeScript,binary_trees,1366.04,1188.47,42,2,2021,multi-paradigm,gradual,yes,5.53
C++,mandelbrot,163.31,10.4,70,2,2025,multi-paradigm,static,no,10.61
Kotlin,file_io,471.98,89.29,23,1,2023,multi-paradigm,static,yes,2.58
Python,fibonacci,1232.07,21.5,16,8,2023,multi-paradigm,dynamic,yes,27.16
JavaScript,mandelbrot,652.96,58.51,47,4,2025,multi-paradigm,dynamic,yes,15.68
C++,spectral_norm,120.03,10.2,49,4,2024,multi-paradigm,static,no,10.5
Python,mandelbrot,5830.34,67.94,29,2,2021,multi-paradigm,dynamic,yes,24.36
Ruby,file_io,2852.4,115.16,17,4,2020,oop,dynamic,yes,2.34
Kotlin,file_io,491.25,86.61,24,1,2025,multi-paradigm,static,yes,2.94
Go,spectral_norm,574.89,22.11,45,1,2022,multi-paradigm,static,yes,3.82
Python,json_parse,1270.1,111.61,16,1,2023,multi-paradigm,dynamic,yes,27.16
Ruby,fibonacci,1409.74,15.39,17,4,2024,oop,dynamic,yes,1.8
Python,spectral_norm,5684.19,54.64,28,2,2021,multi-paradigm,dynamic,yes,24.36
R,json_parse,1010.86,166.08,21,1,2021,multi-paradigm,dynamic,yes,1.68
JavaScript,regex_match,325.59,24.86,16,1,2025,multi-paradigm,dynamic,yes,15.68
Scala,spectral_norm,928.8,43.48,27,1,2020,multi-paradigm,static,yes,1.38
Go,file_io,189.55,55.77,29,4,2021,multi-paradigm,static,yes,3.51
Go,mandelbrot,292.75,29.99,51,4,2022,multi-paradigm,static,yes,3.82
Java,json_parse,132.85,131.24,36,4,2020,oop,static,yes,16.5
C++,fibonacci,37.28,3.73,34,8,2022,multi-paradigm,static,no,10.29
C++,binary_trees,184.41,379.12,74,8,2020,multi-paradigm,static,no,9.97
Haskell,json_parse,119.01,65.32,17,1,2022,functional,static,yes,0.51
Swift,json_parse,97.39,41.2,22,1,2024,multi-paradigm,static,optional,3.5
Rust,matrix_multiply,115.05,57.95,44,2,2025,multi-paradigm,static,no,3.45
Rust,sort_large_array,79.45,123.57,25,4,2022,multi-paradigm,static,no,2.1
Swift,fibonacci,77.7,7.13,19,8,2023,multi-paradigm,static,optional,3.32
Rust,spectral_norm,173.45,11.45,43,2,2024,multi-paradigm,static,no,3.0
Haskell,fibonacci,97.37,6.07,17,1,2023,functional,static,yes,0.51
Scala,fibonacci,175.29,11.49,21,1,2024,multi-paradigm,static,yes,1.2
Swift,json_parse,102.02,30.14,25,1,2025,multi-paradigm,static,optional,3.57
Swift,file_io,358.22,30.07,28,1,2024,multi-paradigm,static,optional,3.5
Elixir,regex_match,486.08,24.87,14,1,2021,functional,dynamic,yes,0.42
Haskell,sort_large_array,278.61,532.03,25,4,2022,functional,static,yes,0.51
JavaScript,json_parse,73.3,86.09,26,1,2021,multi-paradigm,dynamic,yes,16.48
R,matrix_multiply,3678.92,505.45,29,2,2024,multi-paradigm,dynamic,yes,1.5
R,file_io,3245.85,168.89,27,4,2025,multi-paradigm,dynamic,yes,1.44
Julia,file_io,440.81,53.32,25,2,2021,multi-paradigm,dynamic,yes,0.5
C#,file_io,460.87,78.4,28,4,2020,oop,static,yes,6.3
Swift,regex_match,109.3,9.12,19,1,2025,multi-paradigm,static,optional,3.57
Kotlin,file_io,391.98,105.57,31,4,2023,multi-paradigm,static,yes,2.58
Java,http_server,273.81,172.07,90,2,2024,oop,static,yes,15.0
Elixir,fibonacci,359.04,14.03,20,4,2024,functional,dynamic,yes,0.6
Python,regex_match,2255.38,31.73,14,2,2024,multi-paradigm,dynamic,yes,28.0
C++,sort_large_array,129.56,95.79,40,1,2021,multi-paradigm,static,no,10.08
Swift,http_server,146.72,193.26,58,16,2024,multi-paradigm,static,optional,3.5
Go,regex_match,77.83,17.28,19,4,2023,multi-paradigm,static,yes,4.19
Java,file_io,286.45,74.83,51,2,2024,oop,static,yes,15.0
Go,json_parse,69.37,53.58,34,2,2023,multi-paradigm,static,yes,4.19
Python,http_server,9627.77,185.29,50,1,2025,multi-paradigm,dynamic,yes,28.56
Ruby,http_server,1085.35,508.12,44,16,2025,oop,dynamic,yes,1.71
Ruby,regex_match,2383.31,46.96,11,1,2023,oop,dynamic,yes,1.89
Ruby,mandelbrot,3835.47,75.54,36,4,2022,oop,dynamic,yes,1.98
R,regex_match,2401.4,53.24,14,4,2020,multi-paradigm,dynamic,yes,1.8
Julia,binary_trees,722.52,744.29,29,1,2025,multi-paradigm,dynamic,yes,0.88
Ruby,file_io,2196.34,150.02,28,4,2023,oop,dynamic,yes,1.89
Haskell,mandelbrot,252.69,55.98,34,8,2025,functional,static,yes,0.49
R,file_io,2729.88,317.51,23,16,2023,multi-paradigm,dynamic,yes,1.53
Python,spectral_norm,5198.34,53.4,33,2,2024,multi-paradigm,dynamic,yes,28.0
Swift,json_parse,76.14,42.07,25,4,2022,multi-paradigm,static,optional,3.15
C++,json_parse,72.46,19.09,43,2,2024,multi-paradigm,static,no,10.5
R,sort_large_array,1949.51,2009.86,23,16,2024,multi-paradigm,dynamic,yes,1.5
R,matrix_multiply,4147.52,401.86,26,2,2022,multi-paradigm,dynamic,yes,1.59
Swift,spectral_norm,491.02,17.57,37,1,2022,multi-paradigm,static,optional,3.15
Ruby,binary_trees,8130.36,1482.59,28,2,2024,oop,dynamic,yes,1.8
Kotlin,sort_large_array,520.48,400.77,27,1,2022,multi-paradigm,static,yes,2.32
Kotlin,file_io,422.09,89.75,25,2,2025,multi-paradigm,static,yes,2.94
Kotlin,binary_trees,677.92,1577.39,31,4,2025,multi-paradigm,static,yes,2.94
Swift,matrix_multiply,143.72,145.88,28,4,2020,multi-paradigm,static,optional,2.8
R,json_parse,1086.34,168.5,19,2,2020,multi-paradigm,dynamic,yes,1.8
JavaScript,regex_match,312.42,22.52,19,2,2023,multi-paradigm,dynamic,yes,16.16
C++,mandelbrot,199.11,11.03,83,2,2024,multi-paradigm,static,no,10.5
Swift,binary_trees,821.11,357.16,47,1,2021,multi-paradigm,static,optional,2.98
R,sort_large_array,6285.63,827.62,20,1,2024,multi-paradigm,dynamic,yes,1.5
JavaScript,json_parse,60.93,176.31,19,8,2020,multi-paradigm,dynamic,yes,16.8
Swift,http_server,313.82,59.56,55,2,2023,multi-paradigm,static,optional,3.32
Scala,fibonacci,150.83,14.35,19,4,2025,multi-paradigm,static,yes,1.16
TypeScript,fibonacci,228.79,10.52,18,2,2025,multi-paradigm,gradual,yes,9.18
C#,http_server,456.33,123.67,54,2,2023,oop,static,yes,6.86
TypeScript,spectral_norm,843.35,44.14,46,2,2024,multi-paradigm,gradual,yes,8.5
Java,binary_trees,555.71,1287.13,56,2,2021,oop,static,yes,16.05
Java,binary_trees,331.42,2531.25,53,16,2024,oop,static,yes,15.0
Scala,fibonacci,170.78,11.4,17,1,2020,multi-paradigm,static,yes,1.38
Rust,file_io,148.16,19.64,37,2,2024,multi-paradigm,static,no,3.0
Kotlin,regex_match,154.0,31.46,15,4,2021,multi-paradigm,static,yes,2.02
Kotlin,spectral_norm,238.24,106.05,38,16,2023,multi-paradigm,static,yes,2.58
Elixir,http_server,160.75,252.7,50,8,2023,functional,dynamic,yes,0.54
Go,json_parse,78.6,54.61,27,1,2020,multi-paradigm,static,yes,3.15
R,matrix_multiply,7195.33,413.66,24,1,2024,multi-paradigm,dynamic,yes,1.5
Rust,file_io,130.96,17.42,30,2,2023,multi-paradigm,static,no,2.55
Java,fibonacci,130.27,10.33,30,2,2022,oop,static,yes,15.6
Java,mandelbrot,488.41,53.86,69,2,2024,oop,static,yes,15.0
Ruby,mandelbrot,11225.92,68.39,38,1,2022,oop,dynamic,yes,1.98
C#,mandelbrot,215.09,94.23,54,16,2021,oop,static,yes,6.51
Python,binary_trees,13300.74,1097.93,24,1,2020,multi-paradigm,dynamic,yes,22.4
C++,fibonacci,39.36,4.93,40,16,2023,multi-paradigm,static,no,10.39
Rust,fibonacci,51.08,1.94,24,1,2025,multi-paradigm,static,no,3.45
Rust,fibonacci,44.2,2.39,27,2,2024,multi-paradigm,static,no,3.0
JavaScript,json_parse,62.87,111.26,26,4,2020,multi-paradigm,dynamic,yes,16.8
Ruby,spectral_norm,4679.78,66.97,27,2,2024,oop,dynamic,yes,1.8
R,json_parse,975.48,172.53,18,1,2025,multi-paradigm,dynamic,yes,1.44
Go,http_server,121.04,89.85,51,2,2025,multi-paradigm,static,yes,4.63
Ruby,matrix_multiply,2324.27,455.33,31,4,2023,oop,dynamic,yes,1.89
Scala,mandelbrot,416.64,65.82,35,4,2025,multi-paradigm,static,yes,1.16
Elixir,sort_large_array,537.48,527.62,23,4,2023,functional,dynamic,yes,0.54
Rust,file_io,106.83,33.59,40,16,2022,multi-paradigm,static,no,2.1
Swift,matrix_multiply,212.86,109.76,32,2,2023,multi-paradigm,static,optional,3.32
Kotlin,sort_large_array,211.56,659.07,23,4,2022,multi-paradigm,static,yes,2.32
Elixir,http_server,371.49,148.55,49,2,2025,functional,dynamic,yes,0.65
Go,spectral_norm,254.4,25.25,51,4,2023,multi-paradigm,static,yes,4.19
C++,spectral_norm,239.95,9.46,56,1,2024,multi-paradigm,static,no,10.5
TypeScript,mandelbrot,731.84,57.7,54,4,2025,multi-paradigm,gradual,yes,9.18
Rust,binary_trees,257.45,287.6,53,2,2025,multi-paradigm,static,no,3.45
Swift,sort_large_array,278.05,207.09,29,1,2022,multi-paradigm,static,optional,3.15
Julia,http_server,722.8,75.31,39,1,2023,multi-paradigm,dynamic,yes,0.7
Java,matrix_multiply,199.36,396.76,46,8,2022,oop,static,yes,15.6
C#,binary_trees,796.31,883.58,49,2,2023,oop,static,yes,6.86
Ruby,file_io,2554.92,99.8,24,1,2025,oop,dynamic,yes,1.71
Elixir,file_io,441.2,192.94,24,16,2022,functional,dynamic,yes,0.48
Julia,matrix_multiply,102.0,168.72,20,2,2021,multi-paradigm,dynamic,yes,0.5
Ruby,binary_trees,7048.64,1785.66,35,4,2022,oop,dynamic,yes,1.98
Go,binary_trees,308.97,598.39,43,4,2024,multi-paradigm,static,yes,4.5
Haskell,matrix_multiply,989.12,171.58,29,1,2024,functional,static,yes,0.5
Python,fibonacci,1376.58,13.99,16,4,2022,multi-paradigm,dynamic,yes,26.04
Julia,http_server,320.33,100.05,51,2,2025,multi-paradigm,dynamic,yes,0.88
R,binary_trees,8894.79,2111.91,34,4,2025,multi-paradigm,dynamic,yes,1.44
Julia,regex_match,93.9,12.69,15,1,2025,multi-paradigm,dynamic,yes,0.88
R,binary_trees,15826.24,1725.99,33,1,2023,multi-paradigm,dynamic,yes,1.53
Ruby,file_io,2854.92,106.44,29,1,2020,oop,dynamic,yes,2.34
Java,sort_large_array,192.5,482.31,36,4,2025,oop,static,yes,14.55
Kotlin,mandelbrot,1122.3,49.67,49,1,2021,multi-paradigm,static,yes,2.02
R,sort_large_array,3122.33,1000.35,23,4,2023,multi-paradigm,dynamic,yes,1.53
Elixir,binary_trees,3247.83,1005.74,40,1,2021,functional,dynamic,yes,0.42
TypeScript,http_server,691.07,142.86,75,2,2022,multi-paradigm,gradual,yes,6.63
Scala,http_server,347.54,223.96,56,4,2022,multi-paradigm,static,yes,1.26
Kotlin,binary_trees,666.73,1471.81,28,4,2024,multi-paradigm,static,yes,2.8
Ruby,http_server,1492.47,235.33,57,4,2025,oop,dynamic,yes,1.71
Ruby,regex_match,1811.04,64.3,14,8,2024,oop,dynamic,yes,1.8
TypeScript,regex_match,310.89,27.87,16,2,2022,multi-paradigm,gradual,yes,6.63
Go,fibonacci,82.31,11.88,25,16,2023,multi-paradigm,static,yes,4.19
C#,sort_large_array,192.85,521.13,37,4,2021,oop,static,yes,6.51
Ruby,fibonacci,1352.37,21.84,18,4,2024,oop,dynamic,yes,1.8
Scala,spectral_norm,553.5,56.79,37,2,2023,multi-paradigm,static,yes,1.22
Go,json_parse,66.98,51.93,27,1,2021,multi-paradigm,static,yes,3.51
Rust,fibonacci,47.03,2.41,27,2,2021,multi-paradigm,static,no,1.65
C++,http_server,298.57,27.53,77,2,2022,multi-paradigm,static,no,10.29
Julia,http_server,254.82,97.51,45,4,2022,multi-paradigm,dynamic,yes,0.6
Go,mandelbrot,253.4,34.42,44,8,2020,multi-paradigm,static,yes,3.15
Elixir,spectral_norm,1253.35,44.21,37,2,2025,functional,dynamic,yes,0.65
Elixir,matrix_multiply,991.62,278.47,24,2,2022,functional,dynamic,yes,0.48
C++,regex_match,53.26,6.53,26,4,2022,multi-paradigm,static,no,10.29
Haskell,matrix_multiply,223.5,398.06,26,16,2023,functional,static,yes,0.51
C++,spectral_norm,258.09,8.29,67,1,2024,multi-paradigm,static,no,10.5
Swift,http_server,236.76,83.01,47,4,2024,multi-paradigm,static,optional,3.5
Python,sort_large_array,5025.18,586.16,21,1,2020,multi-paradigm,dynamic,yes,22.4
Scala,binary_trees,1337.68,1195.89,29,1,2025,multi-paradigm,static,yes,1.16
TypeScript,regex_match,294.58,32.55,20,4,2021,multi-paradigm,gradual,yes,5.53
Kotlin,binary_trees,969.72,1363.98,42,2,2024,multi-paradigm,static,yes,2.8
Rust,file_io,145.17,16.01,35,2,2025,multi-paradigm,static,no,3.45
Julia,file_io,419.73,54.19,19,2,2020,multi-paradigm,dynamic,yes,0.4
Swift,sort_large_array,117.93,254.72,27,4,2025,multi-paradigm,static,optional,3.57
C++,fibonacci,51.63,2.82,35,4,2020,multi-paradigm,static,no,9.97
C#,sort_large_array,240.11,389.53,38,2,2023,oop,static,yes,6.86
Kotlin,binary_trees,668.63,1349.57,39,4,2022,multi-paradigm,static,yes,2.32
Scala,fibonacci,185.98,13.04,20,1,2024,multi-paradigm,static,yes,1.2
Go,file_io,213.24,41.3,34,2,2020,multi-paradigm,static,yes,3.15
Python,sort_large_array,3462.28,642.78,21,2,2021,multi-paradigm,dynamic,yes,24.36
Go,spectral_norm,303.34,23.07,45,4,2020,multi-paradigm,static,yes,3.15
Ruby,json_parse,688.37,153.84,14,2,2024,oop,dynamic,yes,1.8
Kotlin,binary_trees,890.93,1159.08,39,2,2021,multi-paradigm,static,yes,2.02
Elixir,spectral_norm,1199.07,46.52,38,2,2025,functional,dynamic,yes,0.65
Kotlin,mandelbrot,345.97,74.54,48,4,2022,multi-paradigm,static,yes,2.32
R,binary_trees,12667.89,1895.12,30,2,2024,multi-paradigm,dynamic,yes,1.5
Julia,http_server,607.58,76.72,47,1,2023,multi-paradigm,dynamic,yes,0.7
C#,sort_large_array,386.27,358.63,34,1,2025,oop,static,yes,7.07
Java,binary_trees,553.42,1058.75,56,2,2021,oop,static,yes,16.05
R,json_parse,806.47,239.38,13,4,2020,multi-paradigm,dynamic,yes,1.8
Julia,binary_trees,745.08,563.04,34,1,2023,multi-paradigm,dynamic,yes,0.7
Ruby,regex_match,1990.98,31.88,13,2,2022,oop,dynamic,yes,1.98
Go,json_parse,52.27,65.33,27,4,2025,multi-paradigm,static,yes,4.63
Haskell,spectral_norm,845.19,29.73,29,1,2023,functional,static,yes,0.51
Python,matrix_multiply,1718.07,335.35,25,4,2025,multi-paradigm,dynamic,yes,28.56
C++,fibonacci,38.11,2.07,29,4,2025,multi-paradigm,static,no,10.61
Elixir,json_parse,234.84,129.72,17,4,2023,functional,dynamic,yes,0.54
C#,sort_large_array,143.71,1010.52,37,16,2022,oop,static,yes,6.72
Ruby,sort_large_array,4808.88,681.61,20,1,2025,oop,dynamic,yes,1.71
Scala,json_parse,154.89,119.73,22,1,2021,multi-paradigm,static,yes,1.32
Java,http_server,178.04,191.0,71,4,2024,oop,static,yes,15.0
Go,matrix_multiply,462.46,139.83,44,1,2021,multi-paradigm,static,yes,3.51
C#,mandelbrot,178.08,107.4,68,16,2025,oop,static,yes,7.07
TypeScript,regex_match,353.88,23.98,15,1,2024,multi-paradigm,gradual,yes,8.5
Julia,matrix_multiply,158.58,124.98,23,1,2022,multi-paradigm,dynamic,yes,0.6
