respondent_id,survey_year,age,gender,country,self_employed,family_history,treatment,work_interfere,no_employees,remote_work,tech_company,benefits,care_options,wellness_program,seek_help,anonymity,leave,mental_health_consequence,phys_health_consequence,coworkers,supervisor,mental_health_interview,phys_health_interview,mental_vs_physical,obs_consequence,comments
1,2021,21,Female,Other,No,Yes,Yes,Rarely,1-5,Yes,No,Don't know,No,Don't know,Yes,Don't know,Somewhat difficult,Yes,No,Yes,Yes,No,No,Yes,No,We have EAP but nobody talks about it.
2,2023,32,Male,United States,Yes,No,Yes,Sometimes,100-500,Yes,Yes,No,Yes,No,No,Yes,Don't know,Yes,Yes,Some of them,Some of them,Maybe,No,Yes,Yes,
3,2023,25,Male,United States,No,No,No,Often,26-100,Yes,Yes,No,No,No,No,Yes,Very difficult,Maybe,Maybe,Some of them,No,Maybe,Yes,Yes,No,
4,2019,29,Male,United States,No,No,Yes,Rarely,More than 1000,No,Yes,Yes,Yes,No,Yes,Don't know,Very easy,Maybe,No,Yes,Yes,Maybe,Maybe,Don't know,Yes,
5,2023,18,Male,United States,No,No,Yes,Never,26-100,Yes,Yes,No,Don't know,No,Don't know,No,Very easy,Maybe,No,No,Some of them,No,No,No,Yes,Remote work has been a double-edged sword.
6,2019,38,Male,United States,Yes,Yes,No,Rarely,26-100,No,Yes,No,Don't know,No,No,Don't know,Somewhat easy,Yes,No,Yes,Some of them,Maybe,No,Don't know,Yes,
7,2024,40,Female,United States,Yes,Yes,Yes,Often,26-100,Yes,Yes,Yes,No,No,Don't know,Don't know,Very easy,No,No,Yes,Yes,No,Maybe,Yes,Yes,Better awareness programs needed.
8,2022,31,Male,Netherlands,No,No,Yes,Often,More than 1000,Yes,Yes,Yes,Yes,Yes,Yes,Yes,Don't know,No,Yes,Yes,Some of them,No,Yes,No,No,
9,2024,23,Female,United States,No,Yes,No,Sometimes,26-100,Yes,Yes,No,No,No,Yes,Don't know,Somewhat easy,Yes,Yes,No,No,Yes,No,Yes,No,We have EAP but nobody talks about it.
10,2023,36,Female,United States,No,No,No,Rarely,More than 1000,Yes,No,Yes,Yes,Yes,Don't know,Don't know,Somewhat easy,No,No,No,No,No,Yes,Don't know,No,Remote work has been a double-edged sword.
11,2024,40,Male,Canada,No,Yes,No,Sometimes,More than 1000,No,Yes,No,No,Yes,Yes,Don't know,Don't know,Yes,No,No,Yes,No,No,Don't know,No,Remote work has been a double-edged sword.
12,2023,23,Female,United States,No,No,Yes,Rarely,26-100,Yes,No,Don't know,No,Don't know,No,No,Very easy,No,No,Yes,Some of them,No,Maybe,Don't know,No,Leadership support makes all the difference.
13,2023,18,Male,United Kingdom,No,No,Yes,Often,26-100,No,Yes,Yes,No,Yes,Don't know,Don't know,Very difficult,No,Yes,Some of them,No,Maybe,Maybe,Don't know,No,
14,2021,29,Female,United States,No,Yes,Yes,Sometimes,6-25,No,Yes,No,Don't know,No,No,Yes,Don't know,Maybe,No,No,Some of them,Maybe,No,Don't know,No,Anonymous reporting would increase participation.
15,2021,32,Female,United States,No,No,No,Often,100-500,No,Yes,Yes,Don't know,No,No,Don't know,Somewhat difficult,No,No,Yes,No,Yes,No,No,No,We have EAP but nobody talks about it.
16,2021,32,Male,Canada,No,No,Yes,Never,More than 1000,Yes,Yes,Yes,Yes,No,Don't know,Yes,Don't know,Yes,Yes,No,No,No,Maybe,Don't know,Yes,Better awareness programs needed.
17,2022,26,Female,United States,No,No,No,Never,1-5,Yes,Yes,Don't know,Don't know,No,No,Yes,Somewhat easy,No,No,No,No,No,Maybe,Don't know,No,Burnout is rampant in my team.
18,2022,18,Male,Canada,No,Yes,No,Never,26-100,Yes,No,Don't know,Yes,Yes,Yes,Yes,Somewhat difficult,Maybe,No,Yes,No,No,Yes,No,No,
19,2021,28,Female,Canada,No,No,Yes,Sometimes,100-500,Yes,No,Don't know,No,Yes,Yes,Don't know,Very easy,No,Maybe,No,No,No,No,No,No,
20,2024,26,Non-binary,United States,Yes,No,No,Often,6-25,Yes,Yes,Yes,Yes,Yes,Yes,Don't know,Very easy,No,Maybe,Yes,Some of them,No,Yes,Don't know,Yes,We have EAP but nobody talks about it.
21,2023,24,Female,France,No,Yes,Yes,Rarely,500-1000,Yes,Yes,Don't know,Don't know,Yes,Yes,Don't know,Somewhat easy,Maybe,Maybe,No,No,Maybe,Yes,Don't know,No,HR resources are available but rarely used.
22,2022,37,Male,India,No,No,No,Sometimes,26-100,No,Yes,Yes,Don't know,Yes,No,Don't know,Very difficult,No,No,No,Yes,No,No,Don't know,No,Stigma is still a major issue in my workplace.
23,2023,24,Male,Ireland,No,No,Yes,Sometimes,26-100,Yes,Yes,Don't know,No,Yes,Yes,Don't know,Don't know,Yes,Yes,No,Yes,Maybe,Maybe,Yes,No,
24,2019,29,Male,Other,No,Yes,No,Rarely,500-1000,Yes,Yes,Don't know,Don't know,No,Yes,Yes,Somewhat difficult,No,No,Some of them,Yes,No,Yes,No,Yes,Glad to see more companies taking this seriously.
25,2019,40,Male,United States,Yes,Yes,No,Rarely,More than 1000,Yes,Yes,Yes,Yes,Don't know,Yes,Don't know,Very easy,Maybe,Yes,Some of them,No,Maybe,Yes,No,No,Leadership support makes all the difference.
26,2024,36,Female,United Kingdom,No,Yes,Yes,Sometimes,100-500,Yes,Yes,No,No,Don't know,Yes,Yes,Very difficult,Maybe,No,No,Yes,No,No,No,No,Stigma is still a major issue in my workplace.
27,2023,18,Other / Prefer not to say,United States,No,No,No,Sometimes,100-500,No,No,Yes,Don't know,Don't know,Don't know,Don't know,Don't know,No,Maybe,Some of them,Yes,Yes,No,Don't know,Yes,Remote work has been a double-edged sword.
28,2024,32,Male,United States,No,No,Yes,Sometimes,More than 1000,Yes,Yes,Don't know,Don't know,Yes,Yes,Yes,Very easy,Maybe,No,Some of them,Some of them,No,Maybe,Don't know,Yes,
29,2024,19,Male,United States,No,Yes,No,Rarely,100-500,Yes,No,Yes,Yes,No,No,Don't know,Don't know,Maybe,No,No,Some of them,No,Yes,Yes,No,
30,2023,34,Female,Canada,No,No,Yes,Rarely,6-25,Yes,No,Yes,No,No,No,No,Very difficult,No,No,Some of them,No,No,Maybe,Don't know,No,HR resources are available but rarely used.
31,2020,27,Male,Other,No,Yes,Yes,Often,100-500,Yes,Yes,Yes,No,Yes,Yes,Yes,Somewhat easy,Yes,No,No,Yes,No,Maybe,No,No,Better awareness programs needed.
32,2023,18,Male,United States,No,No,Yes,Never,6-25,No,No,No,Yes,Yes,Yes,No,Somewhat easy,No,No,No,Yes,Maybe,No,Yes,No,More anonymous support options would help.
33,2024,36,Male,Other,No,Yes,No,Sometimes,6-25,No,Yes,Yes,No,No,No,No,Don't know,Maybe,Yes,Yes,No,Maybe,No,No,No,
34,2019,25,Male,United States,Yes,No,No,Never,26-100,No,Yes,No,Yes,No,Yes,No,Very easy,Maybe,No,No,Some of them,No,Yes,No,No,
35,2023,26,Male,Australia,Yes,Yes,No,Rarely,100-500,Yes,No,No,Yes,Don't know,No,Yes,Very easy,Yes,No,Yes,Yes,No,Yes,Don't know,No,Leadership support makes all the difference.
36,2019,24,Male,United Kingdom,No,No,No,Often,6-25,No,Yes,No,Don't know,Don't know,Don't know,No,Somewhat easy,No,Maybe,No,No,No,Maybe,Yes,No,
37,2021,26,Male,United States,No,No,Yes,Sometimes,26-100,Yes,Yes,No,Yes,No,No,Yes,Somewhat easy,Yes,Yes,Some of them,No,Maybe,No,Don't know,No,
38,2023,27,Male,Canada,Yes,No,No,Rarely,26-100,Yes,Yes,Don't know,Don't know,Don't know,Yes,Don't know,Very difficult,Yes,Yes,Some of them,No,Maybe,Yes,Don't know,No,
39,2020,34,Male,United States,No,No,No,Rarely,26-100,Yes,Yes,Don't know,No,Don't know,No,No,Don't know,No,No,No,Yes,Maybe,No,No,No,Management needs training on mental health.
40,2024,38,Male,Canada,No,No,No,Often,100-500,Yes,No,Yes,Yes,Don't know,No,No,Somewhat difficult,Maybe,No,No,Yes,Maybe,Yes,No,No,
41,2023,40,Male,France,No,Yes,Yes,Rarely,6-25,Yes,Yes,Don't know,Don't know,No,No,No,Somewhat easy,No,No,Some of them,No,No,No,Don't know,No,Anonymous reporting would increase participation.
42,2020,26,Male,Canada,No,No,No,Rarely,1-5,No,Yes,Don't know,Don't know,No,No,Don't know,Somewhat difficult,Yes,No,No,No,Maybe,Maybe,Don't know,No,
43,2022,50,Other / Prefer not to say,United States,Yes,No,Yes,Sometimes,1-5,Yes,No,No,Don't know,Yes,No,No,Don't know,Maybe,No,No,No,No,No,No,No,Better awareness programs needed.
44,2020,34,Male,United States,No,No,No,Rarely,More than 1000,No,Yes,Yes,No,No,Yes,Don't know,Somewhat easy,Maybe,No,No,Yes,Maybe,No,No,No,
45,2019,29,Male,Australia,No,No,No,Never,1-5,Yes,Yes,No,No,Yes,Don't know,No,Don't know,No,No,No,Yes,No,Maybe,Don't know,No,
46,2021,31,Female,United States,No,Yes,Yes,Sometimes,1-5,Yes,No,Yes,Don't know,No,Yes,No,Somewhat easy,No,Yes,Yes,Some of them,No,No,Yes,No,HR resources are available but rarely used.
47,2019,31,Female,United States,No,No,No,Rarely,100-500,Yes,Yes,Yes,Yes,Don't know,Yes,Yes,Somewhat easy,Yes,No,No,No,Maybe,Maybe,Yes,No,
48,2021,32,Male,United States,No,Yes,No,Never,100-500,Yes,No,Yes,No,Yes,Yes,Don't know,Somewhat difficult,Yes,Maybe,No,Some of them,Maybe,No,Yes,No,
49,2021,25,Female,United Kingdom,No,No,Yes,Often,More than 1000,No,No,Yes,Yes,Yes,Yes,Don't know,Very easy,No,No,No,No,Maybe,No,Yes,No,Open conversations help reduce stigma.
50,2020,26,Female,Other,No,No,No,Rarely,100-500,Yes,Yes,No,Yes,Don't know,Yes,Yes,Don't know,Yes,No,Some of them,Yes,No,No,No,No,Better awareness programs needed.
51,2021,34,Female,United States,No,No,Yes,Sometimes,100-500,No,Yes,Don't know,Don't know,Yes,Yes,Yes,Don't know,Yes,No,No,No,Maybe,Yes,Yes,No,We have EAP but nobody talks about it.
52,2023,18,Female,United Kingdom,No,Yes,No,Rarely,26-100,Yes,Yes,Don't know,Don't know,No,No,No,Somewhat easy,Yes,Maybe,Yes,Some of them,No,Yes,No,No,
53,2024,40,Female,Netherlands,Yes,No,No,Sometimes,26-100,Yes,Yes,No,No,Don't know,Don't know,Yes,Somewhat difficult,Maybe,No,No,Some of them,Yes,No,Yes,No,Remote work has been a double-edged sword.
54,2024,38,Non-binary,Other,No,Yes,Yes,Sometimes,More than 1000,Yes,Yes,Don't know,Yes,Don't know,Yes,No,Somewhat easy,Yes,Yes,No,No,Maybe,Yes,Yes,No,
55,2022,36,Male,Ireland,No,Yes,No,Rarely,26-100,Yes,Yes,Yes,Don't know,Yes,Don't know,No,Very difficult,Maybe,Maybe,No,Some of them,No,No,No,No,Management needs training on mental health.
56,2024,32,Female,Other,No,No,Yes,Sometimes,26-100,No,Yes,Don't know,No,Yes,No,No,Somewhat easy,Yes,Yes,Yes,Some of them,No,No,Don't know,Yes,Remote work has been a double-edged sword.
57,2020,28,Female,Other,No,No,No,Sometimes,More than 1000,Yes,Yes,Yes,No,Yes,Don't know,Yes,Very difficult,No,No,No,Yes,No,No,Yes,Yes,Management needs training on mental health.
58,2023,23,Male,United States,No,No,No,Often,More than 1000,Yes,Yes,Don't know,Don't know,Yes,Yes,Don't know,Don't know,Yes,No,Yes,Yes,No,No,No,No,Burnout is rampant in my team.
59,2019,34,Male,France,No,No,No,Rarely,6-25,Yes,Yes,No,No,No,Don't know,No,Very easy,Yes,No,Yes,Some of them,No,No,No,No,Anonymous reporting would increase participation.
60,2024,38,Female,United States,No,No,No,Rarely,26-100,No,Yes,Don't know,Don't know,No,Don't know,Don't know,Somewhat difficult,Maybe,No,No,No,Maybe,Yes,Don't know,Yes,
61,2024,27,Female,United States,Yes,No,No,Sometimes,6-25,No,Yes,Don't know,Don't know,No,Yes,No,Don't know,Maybe,No,Yes,No,No,Maybe,Yes,No,Leadership support makes all the difference.
62,2023,23,Non-binary,United Kingdom,No,No,No,Never,100-500,Yes,Yes,Don't know,Yes,Don't know,No,Yes,Somewhat easy,Maybe,Yes,No,No,No,Yes,Don't know,Yes,
63,2024,32,Female,Other,No,Yes,No,Never,1-5,No,Yes,No,No,Don't know,No,No,Somewhat easy,Maybe,No,No,Yes,Maybe,No,Yes,No,
64,2019,25,Female,Germany,No,No,No,Never,More than 1000,No,Yes,Yes,Yes,Don't know,Yes,Don't know,Somewhat easy,No,Maybe,No,Some of them,No,No,Yes,No,Open conversations help reduce stigma.
65,2023,34,Female,United States,No,No,No,Never,More than 1000,No,Yes,No,Don't know,Don't know,Don't know,No,Somewhat easy,Yes,Maybe,No,Some of them,No,Yes,Yes,No,More anonymous support options would help.
66,2023,29,Male,United States,No,No,No,Rarely,1-5,Yes,No,No,No,Don't know,No,No,Very easy,Yes,No,No,No,No,No,Don't know,No,
67,2023,27,Male,United States,No,Yes,Yes,Often,6-25,Yes,Yes,No,No,Don't know,No,Yes,Somewhat easy,No,Yes,No,Yes,Yes,No,Yes,No,
68,2022,26,Female,Germany,No,No,Yes,Rarely,6-25,Yes,Yes,Yes,No,Don't know,Yes,Don't know,Very easy,No,No,Some of them,No,Maybe,No,Don't know,No,Open conversations help reduce stigma.
69,2019,28,Male,Brazil,No,Yes,Yes,Sometimes,100-500,No,Yes,No,Yes,Yes,Yes,Yes,Somewhat difficult,Yes,Maybe,No,Yes,Maybe,No,No,No,Leadership support makes all the difference.
70,2022,40,Male,Netherlands,No,Yes,Yes,Often,More than 1000,No,No,No,Yes,No,Yes,Yes,Somewhat easy,No,Maybe,Some of them,No,No,No,No,No,HR resources are available but rarely used.
71,2024,18,Female,United States,No,No,No,Sometimes,100-500,No,Yes,Don't know,Don't know,Yes,Yes,No,Very difficult,Yes,No,No,No,No,Maybe,Don't know,No,More anonymous support options would help.
72,2020,46,Other / Prefer not to say,United States,Yes,No,No,Never,More than 1000,Yes,Yes,Yes,Yes,Don't know,Yes,No,Somewhat easy,No,No,No,Some of them,No,No,Yes,No,
73,2023,18,Non-binary,United States,No,No,No,Never,6-25,No,Yes,No,No,Don't know,No,No,Don't know,Maybe,No,Yes,Yes,Maybe,No,No,Yes,HR resources are available but rarely used.
74,2024,27,Male,Ireland,No,No,Yes,Often,6-25,Yes,Yes,Yes,No,Yes,No,Don't know,Very easy,Yes,No,Some of them,Yes,No,Yes,Yes,No,Remote work has been a double-edged sword.
75,2024,31,Male,Other,No,No,No,Sometimes,100-500,No,Yes,Yes,Yes,No,Yes,Yes,Somewhat easy,Maybe,No,No,Some of them,No,No,No,No,
76,2024,33,Female,United States,No,No,No,Sometimes,More than 1000,No,Yes,No,Yes,No,Don't know,No,Very easy,Maybe,No,No,Yes,No,No,Don't know,No,
77,2019,38,Other / Prefer not to say,Germany,No,Yes,Yes,Often,100-500,Yes,Yes,No,Don't know,Yes,Yes,Don't know,Somewhat difficult,Maybe,No,No,Some of them,No,No,Yes,No,
78,2021,27,Male,United States,No,Yes,Yes,Sometimes,26-100,No,No,No,No,No,No,Yes,Don't know,No,No,No,No,Maybe,No,No,No,
79,2019,41,Male,United States,No,Yes,Yes,Sometimes,100-500,Yes,Yes,No,Don't know,No,Don't know,Yes,Somewhat easy,Yes,No,Some of them,Yes,Maybe,Yes,Don't know,No,Remote work has been a double-edged sword.
80,2021,18,Male,United States,No,Yes,Yes,Rarely,26-100,No,Yes,No,Don't know,No,No,Don't know,Somewhat difficult,No,No,Yes,Yes,No,Yes,No,No,Management needs training on mental health.
81,2023,41,Male,United States,No,No,Yes,Sometimes,1-5,No,No,No,Don't know,No,Don't know,Don't know,Somewhat easy,Yes,No,No,Some of them,Maybe,No,Yes,No,HR resources are available but rarely used.
82,2023,29,Female,United States,No,Yes,No,Rarely,100-500,Yes,Yes,Yes,No,Yes,No,Yes,Somewhat difficult,Maybe,No,Yes,Yes,No,No,No,No,HR resources are available but rarely used.
83,2020,32,Male,United States,No,No,No,Never,100-500,No,Yes,Yes,Yes,No,No,Don't know,Somewhat easy,Yes,No,No,Yes,Yes,Yes,Don't know,No,Better awareness programs needed.
84,2020,29,Male,United States,No,No,No,Rarely,1-5,Yes,No,No,Yes,Don't know,No,No,Somewhat difficult,No,No,No,No,No,Maybe,Don't know,No,Glad to see more companies taking this seriously.
85,2022,30,Male,Netherlands,No,No,Yes,Often,6-25,No,Yes,No,No,No,Yes,No,Somewhat difficult,No,No,Some of them,Some of them,No,No,Yes,No,Anonymous reporting would increase participation.
86,2024,24,Male,Other,No,No,No,Sometimes,100-500,Yes,Yes,No,Yes,No,Yes,Don't know,Somewhat difficult,Maybe,Yes,No,Yes,No,Yes,Don't know,No,Better awareness programs needed.
87,2022,47,Male,United States,No,No,No,Rarely,More than 1000,Yes,Yes,Yes,Don't know,Don't know,Yes,Don't know,Very easy,Maybe,No,Some of them,Some of them,Maybe,Maybe,Yes,No,
88,2019,20,Male,United States,No,No,No,Rarely,26-100,Yes,Yes,Don't know,No,Don't know,Yes,Don't know,Very difficult,No,No,Some of them,Yes,No,No,Yes,No,Open conversations help reduce stigma.
89,2021,34,Male,United States,No,Yes,Yes,Sometimes,26-100,No,Yes,No,No,Yes,No,No,Don't know,No,No,Yes,Some of them,No,Yes,Don't know,No,More anonymous support options would help.
90,2019,30,Other / Prefer not to say,Germany,No,No,No,Never,6-25,No,Yes,Yes,No,Yes,No,Yes,Don't know,Maybe,No,No,Yes,No,No,No,No,Management needs training on mental health.
91,2020,25,Male,Brazil,No,Yes,Yes,Sometimes,More than 1000,Yes,Yes,No,Don't know,Yes,Yes,No,Very easy,No,No,Yes,No,No,Yes,Yes,No,
92,2024,20,Non-binary,Ireland,No,No,Yes,Sometimes,6-25,No,No,No,No,Don't know,Yes,No,Somewhat easy,No,No,No,No,No,No,Don't know,No,
93,2024,39,Female,Other,No,Yes,Yes,Sometimes,26-100,Yes,Yes,Don't know,Yes,Don't know,No,Don't know,Don't know,Maybe,No,No,Yes,No,Yes,Don't know,Yes,
94,2022,21,Male,Germany,No,No,No,Never,500-1000,Yes,No,Yes,Yes,Yes,Don't know,Don't know,Somewhat easy,No,No,Some of them,No,No,Yes,Yes,No,
95,2023,34,Male,Australia,No,No,No,Rarely,6-25,Yes,Yes,Yes,No,Don't know,No,No,Very easy,Maybe,No,Yes,Some of them,No,No,Don't know,No,More anonymous support options would help.
96,2024,40,Male,Germany,Yes,Yes,Yes,Sometimes,More than 1000,No,Yes,Yes,Yes,Yes,Yes,No,Very difficult,Yes,No,Yes,Some of them,No,No,Don't know,Yes,Leadership support makes all the difference.
97,2024,36,Non-binary,Sweden,No,Yes,Yes,Sometimes,More than 1000,No,Yes,No,Don't know,No,Yes,No,Very difficult,Maybe,Yes,Yes,Yes,Maybe,Maybe,Yes,No,Anonymous reporting would increase participation.
98,2022,23,Female,Sweden,No,No,No,Rarely,100-500,Yes,No,Yes,Yes,No,No,Don't know,Don't know,Maybe,No,No,Yes,No,Maybe,Don't know,No,Management needs training on mental health.
99,2019,32,Female,United States,No,Yes,No,Sometimes,100-500,Yes,No,Yes,Yes,Don't know,No,Yes,Somewhat difficult,Yes,No,Yes,Some of them,No,No,Yes,No,Better awareness programs needed.
100,2021,18,Other / Prefer not to say,France,No,Yes,Yes,Sometimes,26-100,Yes,Yes,Don't know,Don't know,No,No,No,Don't know,Yes,No,No,Some of them,No,No,No,No,Anonymous reporting would increase participation.
101,2023,44,Male,United States,No,Yes,Yes,Sometimes,100-500,Yes,No,Don't know,Yes,Don't know,Yes,Yes,Very easy,No,No,No,Some of them,No,No,Yes,Yes,
102,2021,45,Male,United States,No,No,No,Never,100-500,No,No,No,Don't know,Don't know,No,Yes,Don't know,Maybe,No,No,Some of them,No,No,No,No,We have EAP but nobody talks about it.
103,2020,25,Male,United States,No,Yes,Yes,Sometimes,26-100,Yes,Yes,Don't know,No,No,Don't know,Don't know,Somewhat easy,Maybe,No,No,Yes,No,Maybe,No,No,Anonymous reporting would increase participation.
104,2022,36,Female,Netherlands,No,No,Yes,Rarely,100-500,Yes,Yes,Yes,Don't know,No,Don't know,Yes,Very easy,No,No,Yes,Some of them,No,No,Don't know,No,Better awareness programs needed.
105,2022,25,Male,Australia,No,No,Yes,Never,More than 1000,Yes,Yes,Yes,No,Yes,Yes,Don't know,Very easy,No,Maybe,No,Some of them,Yes,No,Yes,No,Better awareness programs needed.
106,2023,29,Male,Other,Yes,Yes,No,Rarely,6-25,No,Yes,No,No,Don't know,No,No,Very easy,Yes,No,Yes,Some of them,No,No,Yes,Yes,Better awareness programs needed.
107,2024,33,Male,Netherlands,No,No,Yes,Never,100-500,Yes,Yes,Yes,Yes,Don't know,Don't know,Don't know,Don't know,No,No,No,Yes,No,Maybe,No,No,Leadership support makes all the difference.
108,2019,44,Male,Ireland,No,No,No,Never,6-25,No,Yes,No,Don't know,No,Yes,Don't know,Somewhat difficult,Maybe,No,No,Some of them,Maybe,Yes,Yes,No,
109,2022,22,Male,Other,No,No,No,Rarely,More than 1000,Yes,No,Yes,Don't know,Don't know,Yes,No,Somewhat easy,Maybe,No,No,Some of them,No,Maybe,No,No,We have EAP but nobody talks about it.
110,2020,29,Female,Germany,Yes,Yes,Yes,Sometimes,More than 1000,Yes,No,Don't know,Yes,Don't know,Yes,Yes,Somewhat easy,Maybe,No,Yes,No,No,Yes,Don't know,No,
111,2024,32,Non-binary,United Kingdom,No,No,No,Rarely,100-500,Yes,Yes,Yes,Don't know,Yes,Yes,Yes,Don't know,No,No,Some of them,Yes,Maybe,Yes,Don't know,No,Open conversations help reduce stigma.
112,2024,29,Female,United Kingdom,No,Yes,Yes,Sometimes,100-500,No,Yes,Don't know,Yes,Yes,Yes,Don't know,Somewhat easy,Yes,No,Some of them,Yes,No,Yes,Yes,No,
113,2022,18,Female,Australia,Yes,No,No,Sometimes,100-500,No,Yes,Don't know,No,Yes,No,Yes,Don't know,Yes,No,Some of them,Yes,Maybe,No,Don't know,Yes,HR resources are available but rarely used.
114,2023,39,Male,United Kingdom,Yes,No,No,Never,1-5,Yes,Yes,No,No,Don't know,Don't know,Don't know,Somewhat difficult,No,No,Some of them,No,No,Yes,No,No,More anonymous support options would help.
115,2022,32,Male,France,No,Yes,No,Never,26-100,Yes,Yes,Yes,Don't know,Don't know,No,Don't know,Somewhat easy,Maybe,No,Some of them,Yes,Maybe,Maybe,Yes,No,Open conversations help reduce stigma.
116,2024,29,Female,United States,No,No,No,Never,500-1000,Yes,No,Yes,Yes,Yes,Yes,No,Somewhat easy,No,No,Yes,No,Yes,Maybe,Don't know,No,Better awareness programs needed.
117,2023,35,Female,Canada,No,No,Yes,Never,100-500,No,Yes,Don't know,Don't know,No,Yes,Don't know,Don't know,Yes,Yes,Some of them,No,Maybe,Maybe,No,Yes,Management needs training on mental health.
118,2022,24,Male,United States,No,No,No,Rarely,500-1000,No,Yes,No,Don't know,Yes,No,Don't know,Don't know,Maybe,No,No,Yes,No,No,Don't know,No,Glad to see more companies taking this seriously.
119,2024,48,Female,Canada,No,No,No,Never,26-100,Yes,Yes,No,No,Yes,Yes,No,Very difficult,No,No,Yes,No,No,No,No,No,Leadership support makes all the difference.
120,2019,30,Male,United States,No,No,No,Never,6-25,Yes,Yes,No,Don't know,No,No,No,Very difficult,No,Yes,No,Yes,No,No,Don't know,No,Remote work has been a double-edged sword.
121,2022,26,Other / Prefer not to say,Netherlands,No,No,No,Rarely,26-100,No,Yes,No,Don't know,Don't know,No,No,Somewhat difficult,Maybe,Maybe,Yes,No,Yes,No,Yes,Yes,Burnout is rampant in my team.
122,2023,24,Male,Germany,No,No,Yes,Sometimes,100-500,No,Yes,Yes,Yes,Yes,Don't know,Yes,Very easy,No,Maybe,No,No,No,No,Yes,No,
123,2023,33,Female,Other,No,No,No,Never,More than 1000,Yes,Yes,Yes,No,Yes,Yes,Yes,Somewhat easy,No,No,Yes,Yes,No,No,Don't know,No,Glad to see more companies taking this seriously.
124,2023,35,Female,Sweden,No,No,Yes,Sometimes,100-500,Yes,Yes,Yes,Yes,Don't know,Yes,Don't know,Somewhat difficult,Maybe,Maybe,No,Yes,No,No,No,No,Glad to see more companies taking this seriously.
125,2023,27,Male,Germany,No,No,No,Never,More than 1000,Yes,Yes,Yes,Yes,Yes,No,Don't know,Somewhat easy,Yes,No,No,No,No,No,Yes,No,Management needs training on mental health.
126,2024,20,Female,United Kingdom,No,No,No,Never,100-500,Yes,Yes,Yes,No,Don't know,Yes,Yes,Very easy,No,No,Yes,No,No,No,Don't know,No,Open conversations help reduce stigma.
127,2019,31,Male,Other,No,Yes,Yes,Often,More than 1000,Yes,Yes,Yes,Don't know,Yes,Yes,Yes,Don't know,Yes,No,No,Some of them,Maybe,No,Yes,No,HR resources are available but rarely used.
128,2021,37,Male,United States,No,No,No,Never,26-100,No,Yes,Don't know,No,No,No,Yes,Don't know,No,No,No,Some of them,Maybe,No,No,Yes,Remote work has been a double-edged sword.
129,2023,29,Male,United States,No,Yes,No,Rarely,6-25,Yes,Yes,Don't know,Don't know,Don't know,No,Don't know,Somewhat easy,Maybe,No,Some of them,Yes,Maybe,Maybe,Yes,No,Better awareness programs needed.
130,2022,25,Male,Other,No,No,No,Sometimes,100-500,Yes,Yes,Yes,Yes,Yes,Don't know,Yes,Don't know,No,No,Some of them,Some of them,No,Maybe,Don't know,Yes,Stigma is still a major issue in my workplace.
131,2022,39,Male,Other,No,Yes,No,Sometimes,1-5,No,Yes,Don't know,No,No,No,Don't know,Very easy,No,No,Some of them,No,No,No,No,No,Remote work has been a double-edged sword.
132,2024,28,Male,United States,No,Yes,Yes,Often,1-5,Yes,Yes,Don't know,No,Don't know,No,Yes,Somewhat difficult,Maybe,No,Yes,No,Maybe,No,Don't know,No,
133,2024,23,Male,Canada,No,No,Yes,Sometimes,26-100,No,Yes,Yes,No,Yes,Don't know,Don't know,Very easy,Maybe,No,Yes,Yes,No,Maybe,Don't know,No,
134,2019,29,Male,United States,No,No,No,Never,26-100,No,No,No,Don't know,Don't know,No,Don't know,Somewhat easy,No,No,No,Some of them,No,No,Don't know,No,Stigma is still a major issue in my workplace.
135,2020,47,Male,Brazil,No,Yes,Yes,Sometimes,1-5,No,No,No,No,Don't know,Don't know,Don't know,Don't know,No,No,Some of them,Yes,No,No,Yes,No,
136,2023,19,Female,United States,No,No,No,Never,1-5,Yes,Yes,No,Yes,No,Don't know,Yes,Somewhat difficult,Yes,No,Some of them,Yes,No,No,Yes,No,
137,2024,28,Female,United States,Yes,Yes,No,Often,26-100,Yes,Yes,Don't know,Yes,No,No,No,Don't know,Maybe,Yes,Yes,No,No,Maybe,Don't know,No,Stigma is still a major issue in my workplace.
138,2024,37,Male,Netherlands,No,No,No,Never,500-1000,Yes,No,No,Yes,Yes,Don't know,No,Don't know,No,No,No,No,Yes,Maybe,No,No,Management needs training on mental health.
139,2024,27,Male,Sweden,No,No,Yes,Often,6-25,No,Yes,No,No,No,Yes,Don't know,Somewhat difficult,No,No,No,No,No,Maybe,Yes,No,Remote work has been a double-edged sword.
140,2021,46,Male,United States,No,No,Yes,Sometimes,26-100,No,Yes,Don't know,Yes,No,No,Yes,Somewhat easy,No,No,No,No,No,Yes,No,No,Open conversations help reduce stigma.
141,2024,38,Female,United Kingdom,No,No,Yes,Often,100-500,Yes,Yes,Don't know,Yes,Yes,Don't know,Don't know,Somewhat easy,No,Yes,Yes,Some of them,No,No,No,No,
142,2019,24,Female,United States,No,No,No,Often,More than 1000,Yes,Yes,Yes,Don't know,Don't know,Don't know,No,Somewhat easy,No,Yes,Yes,Yes,No,Maybe,No,No,Open conversations help reduce stigma.
143,2019,34,Non-binary,Other,No,No,No,Never,26-100,Yes,No,Yes,Yes,Yes,No,Don't know,Don't know,Yes,No,No,No,No,No,Yes,No,More anonymous support options would help.
144,2024,30,Male,United States,Yes,Yes,Yes,Often,500-1000,Yes,Yes,Yes,Yes,Yes,No,Yes,Somewhat easy,Maybe,No,Yes,No,No,Yes,Yes,No,We have EAP but nobody talks about it.
145,2024,25,Male,United Kingdom,No,No,Yes,Rarely,26-100,Yes,Yes,Yes,Yes,Don't know,Don't know,Don't know,Somewhat difficult,Yes,Maybe,Yes,Some of them,Maybe,Maybe,Don't know,No,HR resources are available but rarely used.
146,2022,29,Male,United States,No,Yes,No,Rarely,1-5,Yes,Yes,No,Don't know,No,Don't know,Don't know,Very difficult,Maybe,No,Some of them,No,No,No,Don't know,No,Stigma is still a major issue in my workplace.
147,2020,31,Female,Germany,Yes,No,No,Sometimes,100-500,No,Yes,Yes,Yes,Yes,Don't know,Yes,Don't know,Yes,No,Some of them,No,No,No,Yes,No,
148,2022,20,Male,Germany,No,No,No,Never,26-100,Yes,Yes,Don't know,Don't know,Yes,Don't know,No,Somewhat easy,Maybe,Maybe,Some of them,No,No,Maybe,Yes,No,
149,2022,24,Female,United States,Yes,No,No,Often,6-25,No,Yes,No,No,Yes,Yes,Yes,Somewhat difficult,No,Maybe,No,No,No,No,Don't know,No,We have EAP but nobody talks about it.
150,2021,25,Female,United States,No,Yes,No,Often,More than 1000,Yes,Yes,Yes,Don't know,Yes,Yes,Yes,Don't know,Yes,No,Some of them,Yes,Yes,Yes,Don't know,No,
151,2022,26,Female,United States,No,No,No,Rarely,500-1000,Yes,No,No,Yes,Don't know,No,Yes,Don't know,Yes,No,Some of them,Yes,No,No,Yes,Yes,
152,2024,37,Male,United States,No,No,No,Never,26-100,No,Yes,Yes,Don't know,Don't know,No,Don't know,Somewhat difficult,Maybe,No,No,No,Maybe,Maybe,Yes,No,
153,2021,41,Female,Other,No,No,No,Rarely,1-5,Yes,No,No,Don't know,Yes,Don't know,No,Very difficult,Yes,No,No,Yes,Maybe,Maybe,Yes,No,
154,2022,18,Male,United Kingdom,No,Yes,No,Often,More than 1000,No,No,No,Don't know,Yes,Don't know,Don't know,Somewhat difficult,Maybe,No,Some of them,Yes,No,No,Don't know,No,Management needs training on mental health.
155,2024,35,Female,Netherlands,No,No,Yes,Sometimes,26-100,Yes,Yes,Yes,Don't know,Don't know,No,Yes,Somewhat difficult,Yes,No,Some of them,No,No,Maybe,Don't know,No,More anonymous support options would help.
156,2022,30,Male,Other,No,No,No,Rarely,500-1000,Yes,Yes,Don't know,Yes,Don't know,No,Yes,Somewhat easy,Maybe,No,No,Yes,Maybe,No,Don't know,Yes,Anonymous reporting would increase participation.
157,2021,30,Male,Canada,No,No,Yes,Rarely,26-100,No,Yes,No,No,No,Don't know,No,Very easy,Maybe,No,No,No,No,Yes,No,No,Anonymous reporting would increase participation.
158,2024,24,Female,Germany,No,No,Yes,Sometimes,6-25,No,No,No,Don't know,Yes,No,No,Don't know,Maybe,Yes,No,Yes,Maybe,Yes,No,No,
159,2023,21,Male,Netherlands,No,No,No,Never,6-25,No,Yes,No,No,No,No,Don't know,Don't know,Yes,Yes,Some of them,Yes,No,No,No,No,Glad to see more companies taking this seriously.
160,2023,18,Male,United States,No,No,Yes,Often,26-100,Yes,No,No,Don't know,No,No,No,Don't know,Maybe,Maybe,Yes,Yes,Maybe,Maybe,Don't know,Yes,
161,2020,23,Female,Canada,Yes,Yes,No,Never,100-500,No,Yes,Yes,Yes,Don't know,Yes,Don't know,Somewhat easy,No,Maybe,Yes,Yes,No,Yes,Don't know,No,We have EAP but nobody talks about it.
162,2024,43,Male,United States,No,No,No,Rarely,500-1000,No,No,Yes,No,No,No,Yes,Somewhat difficult,Yes,No,Some of them,No,Yes,No,Yes,No,
163,2021,43,Male,United States,No,No,Yes,Sometimes,100-500,No,Yes,Yes,Don't know,Don't know,Don't know,Don't know,Very difficult,No,No,No,No,Maybe,No,Yes,No,
164,2021,27,Male,Other,No,No,No,Rarely,26-100,Yes,Yes,No,Don't know,No,Don't know,No,Don't know,Yes,No,No,No,No,Maybe,Yes,No,HR resources are available but rarely used.
165,2024,24,Male,United States,No,No,No,Rarely,More than 1000,No,Yes,Yes,Don't know,Yes,No,Yes,Somewhat easy,Yes,Yes,Yes,No,Maybe,Maybe,Don't know,Yes,Better awareness programs needed.
166,2019,30,Male,United States,Yes,Yes,No,Never,100-500,No,Yes,Yes,Yes,Yes,Don't know,Don't know,Somewhat easy,Maybe,Maybe,No,No,No,Maybe,Don't know,Yes,
167,2019,18,Male,United States,No,No,Yes,Often,100-500,No,Yes,Don't know,Don't know,No,Yes,No,Somewhat easy,No,No,No,Yes,No,Yes,Yes,No,
168,2023,30,Male,Netherlands,No,No,Yes,Rarely,6-25,Yes,Yes,Yes,Yes,Don't know,No,No,Very easy,Yes,No,No,Yes,Yes,No,Yes,No,Anonymous reporting would increase participation.
169,2020,18,Female,Other,Yes,Yes,Yes,Sometimes,100-500,No,Yes,No,Don't know,Yes,Yes,Yes,Somewhat difficult,No,No,Yes,No,No,No,Yes,No,HR resources are available but rarely used.
170,2023,41,Male,United States,No,No,Yes,Often,6-25,No,Yes,No,No,Yes,Don't know,Yes,Don't know,No,No,No,Yes,Yes,Maybe,No,No,Management needs training on mental health.
171,2024,18,Female,India,No,No,No,Sometimes,100-500,Yes,Yes,Yes,Don't know,Don't know,Yes,Yes,Somewhat easy,Maybe,Maybe,Yes,Yes,Maybe,No,No,No,
172,2024,28,Female,United States,Yes,No,Yes,Never,26-100,Yes,Yes,Don't know,No,Don't know,No,No,Somewhat easy,No,No,Yes,No,No,Maybe,Don't know,No,
173,2023,28,Male,United States,No,No,Yes,Never,500-1000,Yes,Yes,No,No,Yes,Don't know,No,Somewhat difficult,Maybe,No,No,Yes,No,No,Don't know,No,Stigma is still a major issue in my workplace.
174,2020,46,Female,United States,Yes,No,Yes,Often,More than 1000,Yes,No,No,No,No,Don't know,No,Don't know,Yes,No,No,Yes,No,No,Yes,No,Leadership support makes all the difference.
175,2020,19,Female,United States,No,No,No,Never,100-500,Yes,Yes,Yes,Don't know,No,Don't know,Yes,Don't know,No,Maybe,No,No,No,Yes,Don't know,No,
176,2020,30,Male,Canada,No,No,No,Rarely,500-1000,No,Yes,No,Don't know,Yes,Yes,Don't know,Somewhat easy,No,Yes,Yes,Yes,Maybe,No,No,No,
177,2019,35,Male,Germany,No,No,Yes,Often,More than 1000,No,No,Don't know,Yes,No,Yes,Yes,Very difficult,No,No,Some of them,Some of them,Maybe,No,Yes,No,
178,2022,27,Male,United States,Yes,No,No,Rarely,500-1000,Yes,No,No,Yes,No,Yes,Yes,Somewhat difficult,No,No,Yes,Some of them,No,No,No,No,
179,2024,44,Male,Canada,No,Yes,Yes,Sometimes,6-25,No,No,No,Don't know,Don't know,No,No,Somewhat easy,Maybe,Maybe,No,Some of them,Maybe,No,Yes,No,
180,2022,26,Female,Germany,No,No,No,Rarely,More than 1000,No,Yes,Yes,No,No,No,Don't know,Somewhat easy,Yes,No,No,Yes,Maybe,No,Don't know,No,Leadership support makes all the difference.
181,2024,34,Male,United States,No,No,Yes,Sometimes,More than 1000,No,Yes,Don't know,Don't know,No,Yes,Yes,Somewhat easy,No,No,Some of them,No,No,No,Yes,No,More anonymous support options would help.
182,2019,40,Male,United States,No,No,Yes,Sometimes,More than 1000,Yes,Yes,Don't know,No,Yes,Don't know,Don't know,Somewhat easy,Maybe,No,Some of them,Some of them,Yes,Maybe,No,No,Open conversations help reduce stigma.
183,2024,28,Female,United Kingdom,Yes,No,Yes,Never,More than 1000,No,No,Don't know,Don't know,Don't know,Yes,Yes,Very easy,Yes,No,No,Yes,No,Yes,Yes,Yes,Anonymous reporting would increase participation.
184,2024,26,Non-binary,Australia,No,No,No,Rarely,26-100,No,No,Don't know,No,No,No,Yes,Somewhat easy,No,No,Yes,Yes,Maybe,Yes,Yes,No,Leadership support makes all the difference.
185,2024,18,Male,United States,No,No,No,Rarely,500-1000,Yes,Yes,Yes,No,No,Yes,No,Somewhat easy,No,Yes,No,Yes,Maybe,Yes,No,Yes,Glad to see more companies taking this seriously.
186,2022,28,Male,Netherlands,No,Yes,No,Rarely,500-1000,Yes,Yes,Don't know,Yes,No,Don't know,Don't know,Somewhat difficult,No,No,No,No,No,No,Don't know,No,Burnout is rampant in my team.
187,2021,25,Male,Sweden,No,Yes,Yes,Often,6-25,Yes,Yes,Yes,Don't know,Yes,No,No,Don't know,No,No,No,No,No,Yes,No,No,Anonymous reporting would increase participation.
188,2020,18,Male,United States,Yes,No,Yes,Rarely,More than 1000,Yes,Yes,Yes,Don't know,Don't know,No,Yes,Somewhat easy,Maybe,No,Yes,No,Maybe,Maybe,Yes,No,Better awareness programs needed.
189,2023,27,Male,United States,No,No,No,Never,1-5,No,Yes,Don't know,Don't know,No,Don't know,Yes,Don't know,No,Yes,No,Some of them,Yes,No,Yes,No,
190,2020,34,Male,Other,No,No,No,Rarely,500-1000,No,Yes,Yes,Yes,Yes,No,Don't know,Somewhat difficult,No,Maybe,Yes,Yes,No,No,No,No,
191,2023,24,Male,Other,No,No,No,Never,100-500,No,Yes,Yes,Don't know,Yes,Yes,Yes,Somewhat easy,Yes,No,Yes,No,No,Yes,No,No,Burnout is rampant in my team.
192,2024,30,Female,United States,Yes,No,No,Never,500-1000,Yes,Yes,Yes,No,No,Don't know,Yes,Very easy,Yes,Maybe,No,Some of them,No,No,Yes,No,Glad to see more companies taking this seriously.
193,2024,35,Non-binary,Germany,No,No,Yes,Sometimes,26-100,Yes,Yes,Don't know,Don't know,Don't know,Don't know,No,Somewhat easy,Maybe,Yes,No,No,No,Maybe,Yes,No,
194,2021,18,Male,United States,No,No,No,Never,26-100,Yes,Yes,Don't know,Don't know,No,No,Don't know,Very easy,Yes,No,No,Yes,Maybe,No,No,No,Anonymous reporting would increase participation.
195,2020,36,Female,United Kingdom,No,No,Yes,Sometimes,More than 1000,No,No,Don't know,Don't know,Yes,Yes,Yes,Don't know,No,No,Some of them,Some of them,Maybe,No,Don't know,No,
196,2021,36,Male,United States,No,Yes,Yes,Sometimes,26-100,No,No,Don't know,Yes,Don't know,No,No,Don't know,No,No,No,Yes,No,No,Don't know,No,Open conversations help reduce stigma.
197,2021,45,Female,Netherlands,No,Yes,No,Sometimes,26-100,No,No,No,Yes,Don't know,Don't know,Yes,Don't know,No,No,Some of them,Yes,Yes,No,Don't know,Yes,Leadership support makes all the difference.
198,2019,36,Male,Germany,No,No,Yes,Rarely,6-25,No,Yes,No,No,Don't know,Don't know,Don't know,Somewhat easy,Maybe,No,No,Yes,Yes,No,No,No,
199,2020,18,Male,Canada,No,Yes,Yes,Often,More than 1000,No,No,Yes,Yes,Yes,Don't know,Yes,Somewhat easy,Yes,No,No,Some of them,No,No,Don't know,No,
200,2024,38,Male,United States,No,No,Yes,Sometimes,More than 1000,Yes,Yes,Yes,Don't know,No,No,Yes,Don't know,No,No,No,Some of them,No,Maybe,Yes,No,Burnout is rampant in my team.
201,2022,31,Female,United States,No,No,No,Never,26-100,Yes,Yes,No,No,Don't know,Don't know,Don't know,Somewhat easy,No,No,No,No,No,No,Yes,No,
202,2021,33,Male,United States,No,No,Yes,Often,1-5,Yes,Yes,No,Yes,Don't know,No,No,Don't know,Maybe,Maybe,Yes,Some of them,Maybe,Maybe,Don't know,No,Glad to see more companies taking this seriously.
203,2023,45,Female,United States,No,No,No,Rarely,500-1000,No,Yes,Don't know,Yes,Don't know,No,Don't know,Don't know,No,Maybe,Yes,Some of them,No,No,Yes,No,More anonymous support options would help.
204,2022,32,Male,United States,No,Yes,No,Never,1-5,Yes,Yes,Don't know,Don't know,No,Don't know,No,Don't know,Maybe,Maybe,No,Some of them,No,Maybe,Yes,Yes,Better awareness programs needed.
205,2023,33,Female,Germany,No,Yes,No,Never,26-100,No,Yes,No,No,Yes,Yes,No,Somewhat difficult,Maybe,Yes,No,Yes,Yes,No,No,No,
206,2020,20,Male,United States,No,Yes,Yes,Often,More than 1000,No,Yes,Yes,Yes,Don't know,Don't know,Yes,Very easy,Yes,No,No,Yes,No,Yes,Don't know,Yes,More anonymous support options would help.
207,2021,32,Male,United States,No,Yes,Yes,Sometimes,26-100,Yes,Yes,Don't know,No,Don't know,No,No,Very easy,No,Maybe,Some of them,Yes,No,Maybe,Don't know,No,Anonymous reporting would increase participation.
208,2019,29,Male,United Kingdom,No,No,Yes,Often,6-25,No,Yes,Yes,Don't know,Yes,No,No,Somewhat easy,No,No,Yes,No,Maybe,Maybe,Yes,No,Burnout is rampant in my team.
209,2020,43,Male,United States,No,No,No,Never,1-5,Yes,No,No,No,No,No,No,Somewhat difficult,Maybe,No,Yes,No,No,No,Don't know,Yes,Remote work has been a double-edged sword.
210,2023,23,Male,India,No,Yes,Yes,Rarely,500-1000,No,Yes,Yes,No,Yes,Yes,Don't know,Somewhat easy,Maybe,Maybe,Some of them,No,No,Maybe,Yes,No,
211,2022,18,Male,Canada,No,No,Yes,Sometimes,More than 1000,Yes,Yes,Yes,Don't know,No,Don't know,No,Somewhat difficult,Yes,No,Yes,Some of them,Maybe,No,Yes,No,
212,2023,23,Female,United States,No,No,No,Never,6-25,Yes,Yes,Don't know,No,Don't know,No,Don't know,Don't know,No,No,No,No,No,Maybe,Yes,Yes,Open conversations help reduce stigma.
213,2023,23,Female,United States,Yes,Yes,No,Never,6-25,No,Yes,No,Don't know,Yes,Don't know,No,Don't know,Maybe,No,No,Yes,No,No,Yes,No,Remote work has been a double-edged sword.
214,2023,35,Male,United States,No,No,Yes,Rarely,26-100,No,Yes,No,Don't know,Yes,Don't know,No,Don't know,No,Yes,Yes,No,No,Maybe,No,No,
215,2020,45,Male,Netherlands,No,No,Yes,Often,500-1000,Yes,No,No,No,Don't know,Yes,Yes,Somewhat easy,Yes,No,No,No,Yes,Maybe,Yes,No,Remote work has been a double-edged sword.
216,2023,31,Male,United Kingdom,No,Yes,No,Never,6-25,Yes,No,Don't know,Don't know,No,Yes,No,Somewhat difficult,Maybe,No,Yes,No,No,No,Yes,No,
217,2022,34,Non-binary,Sweden,No,Yes,No,Never,100-500,No,Yes,Yes,No,Yes,Yes,Yes,Somewhat easy,Yes,No,Some of them,No,No,Maybe,Don't know,No,
218,2023,52,Male,India,No,Yes,Yes,Sometimes,26-100,No,Yes,No,No,No,Yes,Don't know,Somewhat easy,No,No,No,No,Maybe,No,Don't know,No,Open conversations help reduce stigma.
219,2023,26,Male,United States,Yes,No,Yes,Sometimes,More than 1000,No,Yes,Yes,Yes,Don't know,Yes,No,Don't know,No,Yes,Yes,Yes,No,No,Yes,No,
220,2023,18,Male,India,Yes,No,Yes,Sometimes,100-500,No,Yes,Yes,Yes,No,Don't know,Don't know,Don't know,Maybe,No,No,No,No,Maybe,No,No,
221,2021,27,Male,Other,No,No,No,Sometimes,500-1000,Yes,Yes,Yes,No,Yes,Don't know,No,Don't know,Maybe,No,Yes,No,Maybe,No,Yes,No,Stigma is still a major issue in my workplace.
222,2021,28,Male,United Kingdom,No,No,No,Rarely,More than 1000,No,No,Yes,Yes,Yes,Yes,Don't know,Don't know,No,No,No,No,Yes,Maybe,Don't know,No,
223,2023,49,Male,Other,No,No,Yes,Sometimes,26-100,No,Yes,No,Yes,No,Yes,Don't know,Somewhat easy,Yes,No,No,Some of them,No,No,Don't know,Yes,
224,2022,25,Male,United States,No,No,No,Often,26-100,Yes,Yes,No,Yes,Yes,No,No,Very easy,Maybe,No,No,Some of them,No,No,Don't know,No,Anonymous reporting would increase participation.
225,2024,34,Male,Ireland,No,No,No,Never,26-100,Yes,No,No,No,Don't know,No,No,Somewhat difficult,Maybe,Yes,Some of them,Yes,Maybe,No,Yes,No,Open conversations help reduce stigma.
226,2022,23,Male,Germany,No,No,No,Never,100-500,No,Yes,Don't know,Yes,Yes,Yes,Yes,Somewhat difficult,Maybe,No,No,Some of them,No,Maybe,Don't know,No,We have EAP but nobody talks about it.
227,2023,30,Male,Canada,No,No,No,Rarely,6-25,No,No,No,No,No,Yes,Don't know,Somewhat difficult,No,No,No,Yes,No,Yes,Yes,No,Stigma is still a major issue in my workplace.
228,2020,34,Male,United States,No,Yes,Yes,Sometimes,100-500,Yes,No,Yes,Yes,Don't know,Yes,No,Very easy,Yes,No,No,Some of them,No,Maybe,Yes,Yes,We have EAP but nobody talks about it.
229,2019,46,Male,United States,No,No,No,Never,More than 1000,Yes,No,Don't know,Yes,Yes,Yes,Yes,Somewhat easy,No,No,No,Some of them,No,Maybe,Yes,Yes,Remote work has been a double-edged sword.
230,2021,34,Male,United Kingdom,No,No,No,Never,100-500,No,No,No,Yes,No,Yes,Yes,Somewhat easy,Yes,Yes,Some of them,No,Maybe,No,No,Yes,Glad to see more companies taking this seriously.
231,2020,34,Male,United States,No,No,No,Rarely,100-500,Yes,No,Don't know,Yes,Yes,Yes,Don't know,Very difficult,Yes,Maybe,Some of them,Yes,No,No,Don't know,No,Leadership support makes all the difference.
232,2020,38,Male,Ireland,No,No,No,Sometimes,26-100,No,Yes,No,Don't know,Don't know,Don't know,Yes,Don't know,Yes,No,No,No,No,Maybe,Yes,Yes,
233,2023,40,Male,United States,No,Yes,No,Rarely,26-100,Yes,No,No,No,No,Yes,No,Don't know,No,No,Some of them,Yes,No,Maybe,No,No,Management needs training on mental health.
234,2021,20,Male,Germany,No,Yes,No,Sometimes,500-1000,No,Yes,No,Yes,Yes,Yes,Yes,Don't know,No,No,Yes,No,No,Maybe,Yes,No,We have EAP but nobody talks about it.
235,2023,22,Male,Other,Yes,No,No,Rarely,100-500,No,Yes,Yes,No,Don't know,Yes,Yes,Somewhat difficult,No,Maybe,No,Some of them,No,Maybe,Don't know,No,Anonymous reporting would increase participation.
236,2022,29,Male,United States,No,No,Yes,Rarely,26-100,No,Yes,No,No,No,No,Don't know,Very easy,Yes,No,No,Yes,No,No,Don't know,No,Leadership support makes all the difference.
237,2019,29,Female,Germany,No,Yes,Yes,Sometimes,100-500,No,Yes,No,Don't know,Don't know,No,Yes,Somewhat difficult,Yes,No,Some of them,Yes,No,Yes,Don't know,No,We have EAP but nobody talks about it.
238,2022,37,Male,Germany,No,No,No,Sometimes,500-1000,No,Yes,Yes,Yes,Yes,Don't know,Don't know,Very difficult,No,No,Some of them,No,Maybe,No,Yes,No,
239,2023,30,Male,Netherlands,No,Yes,Yes,Sometimes,26-100,Yes,Yes,No,Don't know,No,No,No,Somewhat easy,Maybe,Maybe,No,No,Maybe,Maybe,Yes,Yes,Glad to see more companies taking this seriously.
240,2024,18,Male,United States,No,No,No,Never,100-500,Yes,Yes,Yes,Yes,Yes,Don't know,Don't know,Somewhat easy,Maybe,Maybe,Some of them,Yes,No,Maybe,Don't know,No,Glad to see more companies taking this seriously.
241,2021,21,Female,United Kingdom,No,Yes,Yes,Sometimes,500-1000,Yes,Yes,Don't know,Yes,Don't know,Yes,Don't know,Somewhat difficult,Maybe,Maybe,No,Some of them,No,Maybe,Don't know,No,Anonymous reporting would increase participation.
242,2023,30,Female,United States,No,No,No,Never,1-5,No,No,Don't know,No,Don't know,No,Yes,Somewhat difficult,No,No,Some of them,No,No,No,Don't know,No,
243,2024,33,Male,Netherlands,No,No,No,Rarely,26-100,Yes,Yes,Don't know,Don't know,Yes,No,Don't know,Very easy,Maybe,No,No,Yes,No,Maybe,Yes,Yes,Remote work has been a double-edged sword.
244,2023,37,Male,United States,No,No,Yes,Never,100-500,Yes,Yes,Don't know,Yes,Yes,Yes,No,Don't know,Maybe,No,No,Yes,Maybe,No,Yes,No,More anonymous support options would help.
245,2023,41,Male,Canada,No,Yes,Yes,Rarely,More than 1000,Yes,Yes,No,Yes,Yes,Yes,Don't know,Don't know,No,No,Some of them,No,Maybe,No,Yes,No,Remote work has been a double-edged sword.
246,2020,26,Male,United States,No,No,No,Never,More than 1000,Yes,Yes,Don't know,Don't know,Yes,Yes,Yes,Somewhat difficult,Maybe,No,Yes,No,No,No,No,Yes,Burnout is rampant in my team.
247,2023,29,Male,United States,No,No,No,Sometimes,26-100,No,Yes,No,No,No,Don't know,Don't know,Very easy,Maybe,No,Some of them,No,Maybe,Maybe,Yes,Yes,
248,2022,26,Female,Other,No,No,Yes,Never,500-1000,No,No,Yes,Yes,Yes,Yes,Don't know,Somewhat easy,Maybe,Yes,No,Yes,No,Yes,Yes,Yes,Burnout is rampant in my team.
249,2022,37,Male,United States,No,Yes,Yes,Often,100-500,No,No,Yes,Yes,Don't know,Yes,Yes,Somewhat easy,No,No,Some of them,Yes,No,Yes,Yes,No,
250,2024,27,Female,United States,No,No,Yes,Sometimes,1-5,No,Yes,Don't know,No,Don't know,Yes,Don't know,Very easy,No,No,Some of them,Some of them,Maybe,Maybe,Yes,No,Management needs training on mental health.
251,2021,37,Male,United States,No,No,No,Never,100-500,Yes,Yes,Yes,Yes,No,Don't know,Don't know,Don't know,Yes,No,Yes,No,No,Yes,Yes,No,
252,2024,18,Male,Other,No,No,No,Never,6-25,No,No,No,Don't know,Yes,Don't know,Yes,Very difficult,No,No,No,No,No,Yes,Don't know,No,
253,2024,20,Female,Brazil,No,Yes,No,Rarely,26-100,No,Yes,Yes,No,Don't know,No,Yes,Somewhat easy,Yes,No,No,No,No,No,Don't know,No,
254,2020,21,Female,United Kingdom,No,Yes,No,Never,6-25,No,No,Don't know,No,No,Yes,Don't know,Somewhat easy,Yes,No,Yes,No,No,Yes,Yes,Yes,
255,2019,21,Male,Other,Yes,No,Yes,Sometimes,More than 1000,Yes,Yes,Yes,Don't know,Yes,Don't know,No,Somewhat difficult,No,No,Yes,Yes,Maybe,No,No,Yes,
256,2023,29,Non-binary,United States,No,No,No,Sometimes,100-500,No,No,Don't know,Yes,Yes,Yes,Yes,Somewhat difficult,Maybe,No,No,Some of them,No,No,No,Yes,
257,2024,25,Female,United Kingdom,No,No,No,Rarely,More than 1000,Yes,Yes,Yes,Don't know,Don't know,No,Don't know,Somewhat difficult,Maybe,No,Yes,No,No,No,Don't know,No,Open conversations help reduce stigma.
258,2021,38,Male,Canada,No,No,Yes,Often,100-500,No,No,Yes,Yes,No,Yes,Yes,Very difficult,Maybe,Maybe,No,No,Maybe,No,Don't know,No,Better awareness programs needed.
259,2021,36,Male,United States,No,Yes,Yes,Often,100-500,No,Yes,Yes,Don't know,No,No,Don't know,Very difficult,No,No,No,Yes,Maybe,Yes,Yes,No,Management needs training on mental health.
260,2024,20,Male,Canada,No,No,No,Rarely,More than 1000,Yes,Yes,Yes,Don't know,Yes,Don't know,Don't know,Somewhat easy,No,No,No,No,No,Yes,Yes,No,Better awareness programs needed.
261,2019,33,Male,United States,No,No,No,Rarely,More than 1000,No,Yes,No,Don't know,No,Yes,Yes,Somewhat difficult,Yes,No,No,No,No,Yes,No,No,
262,2023,37,Female,Other,No,Yes,No,Often,500-1000,Yes,Yes,No,Yes,No,No,No,Don't know,No,No,No,Yes,Maybe,Yes,Yes,No,More anonymous support options would help.
263,2022,33,Male,Germany,No,No,Yes,Sometimes,More than 1000,No,Yes,Don't know,No,Yes,No,Yes,Don't know,No,Maybe,Yes,No,Maybe,No,Yes,Yes,Leadership support makes all the difference.
264,2024,18,Female,United Kingdom,No,Yes,No,Never,100-500,Yes,Yes,Yes,Yes,Yes,Don't know,Yes,Somewhat easy,No,No,Yes,No,No,Yes,Yes,Yes,Glad to see more companies taking this seriously.
265,2024,39,Male,United States,No,Yes,No,Never,26-100,Yes,Yes,Yes,No,No,No,No,Somewhat easy,Yes,No,Yes,Some of them,Maybe,Maybe,Don't know,No,HR resources are available but rarely used.
266,2023,28,Male,Netherlands,No,No,No,Rarely,100-500,No,No,Yes,Don't know,Yes,Yes,Don't know,Very easy,No,Maybe,No,No,No,No,Don't know,No,Management needs training on mental health.
267,2022,40,Male,United Kingdom,No,No,Yes,Never,100-500,No,Yes,Don't know,No,Yes,No,Don't know,Don't know,Maybe,No,Some of them,No,No,No,Yes,No,
268,2024,18,Female,Australia,No,Yes,No,Never,6-25,Yes,No,Don't know,No,No,No,Yes,Somewhat easy,No,No,Some of them,Yes,No,No,Don't know,No,Remote work has been a double-edged sword.
269,2022,29,Male,United Kingdom,No,Yes,No,Sometimes,More than 1000,No,Yes,Yes,No,Don't know,Yes,Don't know,Somewhat easy,Maybe,No,Some of them,No,No,Maybe,Yes,Yes,Management needs training on mental health.
270,2021,25,Female,Netherlands,No,Yes,No,Often,6-25,Yes,No,Don't know,Don't know,Yes,No,No,Somewhat easy,Maybe,No,No,Some of them,No,Maybe,No,No,More anonymous support options would help.
271,2024,24,Non-binary,United States,No,Yes,Yes,Often,26-100,Yes,No,No,No,Don't know,No,Yes,Somewhat easy,No,No,No,No,Yes,No,Don't know,No,Open conversations help reduce stigma.
272,2020,21,Female,Canada,No,No,Yes,Sometimes,500-1000,Yes,Yes,Yes,No,Yes,No,Don't know,Very easy,No,Maybe,No,No,Maybe,Maybe,No,No,
273,2023,18,Male,France,No,No,No,Often,100-500,No,Yes,Yes,Don't know,No,Yes,No,Don't know,Maybe,No,Some of them,No,Yes,Maybe,No,Yes,
274,2021,25,Female,United Kingdom,No,Yes,Yes,Sometimes,6-25,Yes,Yes,Yes,No,Don't know,No,No,Somewhat easy,No,Maybe,No,Some of them,No,Yes,Don't know,No,Better awareness programs needed.
275,2022,22,Other / Prefer not to say,Netherlands,No,No,No,Never,1-5,Yes,Yes,Yes,Don't know,Yes,No,Don't know,Don't know,Yes,No,Yes,Some of them,Maybe,No,No,No,
276,2022,37,Female,United States,No,No,Yes,Often,26-100,No,No,No,Don't know,Don't know,No,No,Somewhat easy,Maybe,No,No,Yes,No,No,Don't know,No,Management needs training on mental health.
277,2019,28,Male,Canada,No,No,No,Rarely,26-100,No,Yes,No,Yes,No,Don't know,Don't know,Somewhat easy,No,Maybe,Yes,Some of them,Maybe,Yes,Yes,No,More anonymous support options would help.
278,2024,20,Male,United Kingdom,No,No,No,Never,26-100,Yes,Yes,No,Don't know,Don't know,No,No,Don't know,No,No,Some of them,Some of them,No,No,Yes,No,We have EAP but nobody talks about it.
279,2022,40,Male,Germany,No,No,No,Never,26-100,No,Yes,No,No,Don't know,No,Don't know,Don't know,No,No,Yes,Yes,No,No,Yes,No,Burnout is rampant in my team.
280,2023,25,Male,United Kingdom,No,No,Yes,Often,100-500,No,Yes,Don't know,Yes,No,Don't know,No,Somewhat difficult,No,Yes,No,No,Maybe,No,Don't know,No,Burnout is rampant in my team.
281,2024,18,Male,United States,No,No,Yes,Sometimes,100-500,No,Yes,Yes,Don't know,Yes,Yes,Yes,Somewhat easy,No,No,No,Yes,No,Maybe,No,No,Leadership support makes all the difference.
282,2022,25,Other / Prefer not to say,Canada,No,No,No,Never,100-500,Yes,Yes,No,No,Yes,No,Yes,Don't know,Maybe,No,Some of them,Yes,Maybe,No,Yes,No,Leadership support makes all the difference.
283,2020,25,Male,Other,Yes,No,No,Rarely,100-500,No,Yes,Yes,Yes,Yes,Yes,Yes,Somewhat difficult,Yes,No,No,Some of them,Maybe,Maybe,Yes,No,
284,2019,21,Male,United States,No,Yes,Yes,Sometimes,500-1000,Yes,No,Don't know,Don't know,Yes,No,Yes,Very easy,Maybe,Yes,No,No,No,Maybe,Yes,No,
285,2024,37,Male,United States,No,No,Yes,Often,6-25,Yes,Yes,No,No,Don't know,Yes,Don't know,Don't know,No,No,No,No,Maybe,No,Don't know,No,HR resources are available but rarely used.
286,2022,38,Male,United States,No,No,No,Rarely,26-100,No,Yes,Yes,No,No,No,No,Somewhat easy,Maybe,Maybe,No,Yes,Maybe,Maybe,Don't know,Yes,We have EAP but nobody talks about it.
287,2019,44,Female,Germany,No,No,Yes,Sometimes,100-500,No,Yes,Yes,No,Yes,Yes,Yes,Don't know,Yes,No,Some of them,Yes,No,Yes,Don't know,Yes,
288,2022,37,Male,United Kingdom,No,No,No,Rarely,More than 1000,Yes,Yes,Don't know,No,Yes,Yes,Yes,Somewhat easy,Yes,No,No,Some of them,No,Maybe,Don't know,No,Remote work has been a double-edged sword.
289,2019,18,Male,Netherlands,No,Yes,Yes,Often,26-100,Yes,No,No,Don't know,Yes,No,Don't know,Somewhat difficult,Maybe,Maybe,Yes,Some of them,No,No,Yes,No,
290,2023,39,Non-binary,Other,Yes,No,No,Rarely,1-5,No,No,No,Don't know,Don't know,No,Yes,Don't know,No,Maybe,No,Yes,No,Yes,Don't know,No,
291,2021,38,Male,United Kingdom,Yes,Yes,Yes,Often,26-100,No,Yes,No,Yes,No,Yes,No,Somewhat difficult,Maybe,No,No,Yes,No,Maybe,Yes,No,Remote work has been a double-edged sword.
292,2022,40,Female,India,No,No,No,Never,100-500,No,Yes,Yes,Yes,Don't know,Don't know,Don't know,Very easy,Maybe,No,No,No,No,Maybe,No,No,
293,2020,30,Male,United States,No,No,Yes,Often,1-5,No,Yes,Yes,No,Don't know,No,No,Don't know,No,Yes,Some of them,No,No,Maybe,Don't know,No,Management needs training on mental health.
294,2020,24,Male,United States,No,No,No,Never,100-500,Yes,Yes,Don't know,Don't know,No,Yes,Yes,Somewhat difficult,No,No,Some of them,No,Maybe,Yes,Don't know,No,Leadership support makes all the difference.
295,2024,31,Female,United States,No,No,No,Never,100-500,Yes,Yes,Yes,Don't know,Yes,Yes,No,Very difficult,Yes,No,Some of them,No,Maybe,Yes,Don't know,No,Remote work has been a double-edged sword.
296,2020,29,Female,United States,No,No,No,Rarely,500-1000,Yes,Yes,Yes,Yes,Yes,Don't know,Yes,Somewhat easy,No,No,Yes,Some of them,No,Maybe,Yes,No,More anonymous support options would help.
297,2023,29,Male,Other,No,Yes,No,Often,100-500,Yes,Yes,Yes,Yes,Yes,Yes,Yes,Very easy,No,No,Yes,Yes,No,Yes,Yes,Yes,HR resources are available but rarely used.
298,2020,33,Female,Other,No,No,Yes,Sometimes,100-500,Yes,Yes,Yes,No,No,No,Yes,Very easy,No,Maybe,No,Some of them,Maybe,Yes,Don't know,No,Open conversations help reduce stigma.
299,2023,21,Other / Prefer not to say,Other,No,Yes,No,Sometimes,6-25,Yes,Yes,Don't know,Don't know,No,No,No,Don't know,No,No,Some of them,Some of them,No,Maybe,Don't know,No,Anonymous reporting would increase participation.
300,2021,36,Male,United States,Yes,Yes,No,Often,100-500,No,Yes,No,Yes,No,Yes,Yes,Don't know,Yes,Maybe,Yes,No,No,No,Yes,Yes,
301,2019,24,Male,Other,No,No,No,Rarely,More than 1000,Yes,No,Don't know,No,Don't know,Yes,Don't know,Very difficult,Yes,No,Yes,Yes,Maybe,No,Yes,No,
302,2021,23,Female,Other,No,No,No,Rarely,6-25,No,Yes,Don't know,Don't know,No,Yes,Yes,Somewhat easy,No,Maybe,No,Some of them,No,Maybe,Don't know,No,
303,2020,28,Female,United States,No,No,Yes,Sometimes,More than 1000,Yes,Yes,Yes,Don't know,Yes,Don't know,No,Somewhat difficult,No,No,No,No,No,Yes,Yes,No,Burnout is rampant in my team.
304,2024,25,Male,United States,No,No,No,Sometimes,26-100,No,No,No,Yes,Don't know,Don't know,Don't know,Don't know,Maybe,No,Yes,Yes,No,No,No,No,
305,2019,43,Female,United States,No,No,No,Never,500-1000,Yes,Yes,No,Yes,Yes,No,Don't know,Don't know,No,Maybe,No,No,No,No,No,No,Leadership support makes all the difference.
306,2021,26,Male,Other,No,No,Yes,Sometimes,100-500,Yes,Yes,Don't know,Don't know,Yes,No,No,Don't know,Yes,No,Yes,Some of them,No,Maybe,No,No,More anonymous support options would help.
307,2023,23,Male,United Kingdom,No,No,Yes,Sometimes,26-100,No,Yes,Don't know,No,Yes,No,Don't know,Somewhat difficult,No,No,Yes,Some of them,No,No,No,No,More anonymous support options would help.
308,2019,28,Male,Other,No,No,Yes,Sometimes,26-100,Yes,Yes,Don't know,Don't know,No,No,Don't know,Very easy,No,No,Some of them,No,Maybe,No,Yes,Yes,We have EAP but nobody talks about it.
309,2020,19,Male,United States,No,No,No,Never,100-500,No,Yes,Don't know,Yes,Yes,Don't know,No,Very easy,No,No,No,Some of them,Maybe,No,Don't know,No,
310,2022,20,Male,Australia,No,No,No,Sometimes,More than 1000,Yes,Yes,Yes,Don't know,Don't know,Don't know,Yes,Somewhat difficult,Maybe,No,Some of them,Yes,No,No,No,Yes,Burnout is rampant in my team.
311,2023,30,Non-binary,United States,No,Yes,No,Often,100-500,No,No,Don't know,Yes,No,Yes,No,Very easy,No,No,Some of them,No,No,No,Yes,No,
312,2024,27,Male,Canada,Yes,No,Yes,Often,100-500,Yes,Yes,Yes,No,Yes,Don't know,Don't know,Very difficult,No,No,Some of them,Yes,No,No,Yes,No,
313,2022,34,Female,Sweden,No,No,No,Never,500-1000,No,Yes,Yes,No,Yes,Don't know,Yes,Don't know,Yes,No,Some of them,Yes,Maybe,No,Yes,No,Burnout is rampant in my team.
314,2022,27,Female,United States,No,Yes,Yes,Often,6-25,No,Yes,No,Don't know,Don't know,No,Don't know,Don't know,No,Maybe,No,No,No,Maybe,Don't know,No,Stigma is still a major issue in my workplace.
315,2022,18,Male,United States,No,No,Yes,Often,100-500,No,Yes,Yes,Yes,Yes,Don't know,Yes,Somewhat easy,No,No,Yes,No,No,No,No,No,
316,2022,33,Male,Other,No,No,No,Never,26-100,Yes,Yes,No,Don't know,No,Don't know,Yes,Don't know,Maybe,No,No,Yes,Maybe,Yes,Don't know,No,
317,2020,22,Male,France,No,No,Yes,Often,6-25,No,Yes,Yes,No,Yes,Yes,Don't know,Very difficult,No,Maybe,No,Yes,Maybe,No,Don't know,No,
318,2021,39,Male,Germany,No,No,Yes,Rarely,1-5,No,Yes,Don't know,Don't know,Don't know,No,No,Somewhat easy,No,No,Some of them,No,Yes,Yes,Yes,No,Better awareness programs needed.
319,2022,28,Female,Other,Yes,Yes,No,Rarely,6-25,No,Yes,Don't know,Don't know,Yes,No,No,Don't know,Maybe,No,No,Yes,Yes,Yes,Yes,Yes,Glad to see more companies taking this seriously.
320,2023,41,Male,Netherlands,Yes,Yes,Yes,Often,6-25,No,No,No,No,No,No,No,Don't know,Maybe,Yes,Yes,Yes,No,Yes,Don't know,No,Management needs training on mental health.
321,2022,26,Male,United Kingdom,No,Yes,No,Never,100-500,Yes,No,Yes,Yes,Don't know,Yes,Don't know,Somewhat difficult,No,No,Yes,No,No,Maybe,Don't know,No,
322,2023,26,Male,United States,No,No,Yes,Often,6-25,No,Yes,Yes,Don't know,No,Don't know,Don't know,Very easy,Maybe,No,No,No,Yes,No,Yes,Yes,
323,2022,26,Female,United States,No,No,No,Rarely,26-100,No,Yes,Yes,Don't know,Don't know,Yes,No,Very easy,No,No,Some of them,Some of them,No,No,Don't know,No,
324,2022,33,Male,United States,No,No,No,Sometimes,100-500,Yes,Yes,No,Don't know,Don't know,Don't know,Yes,Don't know,Maybe,No,No,Yes,Maybe,Maybe,Yes,No,
325,2022,29,Male,United States,No,No,Yes,Sometimes,100-500,No,No,No,Don't know,Yes,Yes,Don't know,Somewhat easy,Maybe,Maybe,No,Some of them,No,No,Don't know,No,
326,2021,28,Male,Other,No,No,No,Rarely,100-500,Yes,Yes,No,Yes,Yes,Don't know,Yes,Somewhat difficult,No,No,No,Yes,No,Maybe,No,No,
327,2024,34,Male,United Kingdom,Yes,No,Yes,Sometimes,More than 1000,Yes,Yes,Don't know,Yes,Yes,No,Yes,Somewhat difficult,No,No,Some of them,No,No,No,No,Yes,Open conversations help reduce stigma.
328,2022,28,Male,Ireland,No,No,Yes,Sometimes,100-500,Yes,Yes,Yes,Yes,Don't know,No,No,Don't know,Yes,No,No,No,No,Yes,Yes,No,Glad to see more companies taking this seriously.
329,2024,32,Male,United States,No,Yes,Yes,Sometimes,26-100,No,No,Don't know,Yes,No,No,No,Somewhat easy,No,No,Some of them,No,Yes,No,Don't know,No,
330,2023,44,Male,Netherlands,No,Yes,Yes,Sometimes,1-5,Yes,Yes,No,Don't know,Don't know,No,No,Very difficult,No,Yes,No,Yes,No,No,No,No,
331,2021,33,Male,United States,No,Yes,Yes,Sometimes,More than 1000,No,Yes,Don't know,Yes,Yes,Don't know,Don't know,Very difficult,Maybe,No,No,Yes,No,No,No,No,More anonymous support options would help.
332,2022,37,Male,Australia,No,Yes,Yes,Sometimes,6-25,Yes,No,No,Don't know,No,Don't know,No,Don't know,No,No,Some of them,No,Maybe,No,Don't know,No,Anonymous reporting would increase participation.
333,2019,31,Male,Brazil,No,No,No,Often,1-5,No,No,No,Don't know,No,Yes,No,Somewhat easy,Maybe,No,No,Some of them,No,Yes,Yes,No,Anonymous reporting would increase participation.
334,2022,18,Non-binary,United States,No,No,No,Sometimes,26-100,Yes,Yes,No,Don't know,Don't know,Don't know,No,Somewhat difficult,No,No,Yes,Yes,No,No,Yes,No,Glad to see more companies taking this seriously.
335,2023,33,Male,United States,No,No,No,Rarely,1-5,No,Yes,No,Don't know,Don't know,No,No,Very difficult,Yes,No,No,Yes,No,No,Don't know,No,Remote work has been a double-edged sword.
336,2024,30,Female,United States,No,No,Yes,Never,100-500,No,Yes,Yes,Don't know,No,No,Don't know,Don't know,Maybe,No,Some of them,No,No,No,Yes,No,
337,2023,35,Female,United Kingdom,No,No,No,Rarely,26-100,Yes,Yes,Don't know,No,No,No,No,Very difficult,Yes,No,Yes,Yes,Maybe,No,Yes,No,HR resources are available but rarely used.
338,2022,29,Male,United States,No,Yes,Yes,Often,500-1000,Yes,Yes,Don't know,Don't know,No,Yes,Don't know,Somewhat difficult,Maybe,No,Yes,Some of them,Maybe,Maybe,Yes,No,Remote work has been a double-edged sword.
339,2020,26,Female,United States,Yes,No,No,Sometimes,100-500,Yes,Yes,Don't know,Don't know,Yes,Yes,Yes,Don't know,Maybe,No,No,Yes,Maybe,Maybe,Yes,No,HR resources are available but rarely used.
340,2022,38,Male,United States,No,No,Yes,Sometimes,6-25,No,Yes,No,No,No,No,Yes,Somewhat difficult,Maybe,No,Yes,No,Maybe,No,Yes,No,
341,2020,40,Male,Canada,Yes,Yes,No,Rarely,26-100,Yes,Yes,No,No,Yes,Yes,Don't know,Very easy,Maybe,Maybe,Yes,No,No,Maybe,Don't know,No,Remote work has been a double-edged sword.
342,2023,22,Female,United States,No,No,No,Rarely,100-500,Yes,Yes,Yes,Yes,Don't know,Yes,Yes,Somewhat easy,Maybe,No,Yes,Yes,No,Maybe,No,No,Burnout is rampant in my team.
343,2022,30,Male,Canada,No,No,Yes,Rarely,6-25,Yes,Yes,No,Don't know,No,Don't know,Don't know,Somewhat easy,Yes,No,Some of them,Yes,No,No,Don't know,No,Burnout is rampant in my team.
344,2019,41,Male,United States,No,No,No,Rarely,500-1000,Yes,No,Yes,Don't know,No,No,Don't know,Don't know,Yes,No,No,No,No,Maybe,No,Yes,
345,2019,29,Female,United States,No,No,No,Sometimes,26-100,No,Yes,No,Don't know,Don't know,No,Don't know,Very easy,Maybe,No,Yes,Yes,No,No,Yes,Yes,Open conversations help reduce stigma.
346,2020,41,Male,United States,No,No,No,Rarely,26-100,Yes,No,Don't know,Don't know,Don't know,No,Don't know,Somewhat easy,Yes,No,Some of them,Yes,Yes,Yes,Don't know,No,
347,2023,46,Male,United States,No,No,No,Never,More than 1000,No,Yes,Yes,No,Yes,Yes,Yes,Don't know,Yes,No,Yes,No,Maybe,No,Don't know,No,Open conversations help reduce stigma.
348,2023,33,Female,United States,No,No,Yes,Rarely,100-500,No,Yes,No,Yes,Yes,Yes,Don't know,Very difficult,No,No,Some of them,Yes,No,Maybe,Don't know,Yes,Anonymous reporting would increase participation.
349,2024,18,Male,United States,No,No,No,Never,500-1000,Yes,Yes,Yes,Don't know,Yes,No,Yes,Somewhat easy,Yes,Maybe,Some of them,No,No,Maybe,Yes,No,
350,2020,27,Non-binary,United Kingdom,No,No,No,Never,26-100,Yes,Yes,Don't know,Yes,Yes,No,Don't know,Don't know,Maybe,No,Yes,Some of them,No,No,No,Yes,More anonymous support options would help.
351,2021,39,Male,United States,No,No,No,Rarely,More than 1000,No,Yes,Yes,Yes,Yes,Yes,Yes,Somewhat difficult,Maybe,Maybe,Yes,Some of them,No,Yes,Don't know,No,Open conversations help reduce stigma.
352,2023,28,Male,United States,No,No,No,Never,500-1000,Yes,Yes,Yes,Don't know,Yes,Yes,No,Don't know,No,No,Some of them,Some of them,Maybe,Maybe,No,Yes,
353,2024,27,Male,United States,No,Yes,Yes,Rarely,More than 1000,Yes,Yes,Yes,Yes,No,Yes,Yes,Somewhat easy,No,No,Some of them,No,No,No,Yes,No,Anonymous reporting would increase participation.
354,2023,18,Male,United States,No,No,Yes,Often,100-500,No,Yes,Yes,Yes,Don't know,Don't know,Don't know,Don't know,No,Maybe,Some of them,Yes,Maybe,Yes,Yes,No,
355,2023,30,Non-binary,United States,No,No,Yes,Often,More than 1000,Yes,Yes,Yes,Yes,No,Yes,Don't know,Very difficult,Yes,No,Yes,Some of them,No,No,No,Yes,Stigma is still a major issue in my workplace.
356,2023,22,Male,United States,No,No,Yes,Often,More than 1000,Yes,Yes,No,Yes,Yes,No,Yes,Very difficult,No,Yes,Some of them,Some of them,Yes,No,Yes,No,HR resources are available but rarely used.
357,2021,30,Male,United States,No,No,No,Never,100-500,Yes,Yes,Yes,Don't know,Yes,Yes,Yes,Somewhat difficult,No,No,Yes,No,No,Maybe,Don't know,Yes,
358,2020,34,Male,United States,No,Yes,Yes,Sometimes,100-500,Yes,Yes,Don't know,Don't know,Yes,Yes,Don't know,Somewhat difficult,Yes,No,No,Yes,No,Yes,Don't know,No,More anonymous support options would help.
359,2021,33,Male,United States,No,Yes,Yes,Sometimes,26-100,No,No,Don't know,No,No,No,Yes,Somewhat easy,Maybe,No,No,Some of them,Yes,No,No,No,
360,2023,32,Male,United States,No,No,Yes,Sometimes,100-500,Yes,No,No,Yes,Yes,Yes,Yes,Very difficult,No,No,Some of them,No,No,Maybe,Don't know,No,
361,2023,25,Male,United States,No,No,No,Never,More than 1000,Yes,No,Yes,Don't know,Yes,Yes,Yes,Somewhat difficult,No,No,No,No,Maybe,No,No,No,
362,2024,33,Male,Germany,No,Yes,No,Never,More than 1000,No,Yes,Yes,No,Yes,Yes,No,Very easy,No,No,No,No,Maybe,Maybe,Yes,No,HR resources are available but rarely used.
363,2020,32,Non-binary,United Kingdom,No,Yes,Yes,Sometimes,26-100,Yes,Yes,No,Yes,Yes,Don't know,No,Somewhat easy,Yes,Maybe,No,No,Maybe,No,No,No,Better awareness programs needed.
364,2019,32,Female,United States,No,Yes,No,Sometimes,26-100,Yes,Yes,No,No,Yes,No,No,Somewhat easy,Maybe,No,Yes,No,Maybe,No,Yes,No,Burnout is rampant in my team.
365,2021,33,Male,Australia,No,No,Yes,Sometimes,1-5,No,No,Don't know,No,Yes,No,No,Don't know,No,No,Some of them,Yes,No,No,Don't know,No,Better awareness programs needed.
366,2023,40,Female,United States,No,Yes,No,Never,More than 1000,Yes,Yes,Yes,Don't know,Yes,Yes,No,Somewhat difficult,No,Maybe,No,No,No,Maybe,Yes,No,Remote work has been a double-edged sword.
367,2024,46,Non-binary,Other,No,No,Yes,Often,6-25,Yes,Yes,No,Yes,No,Yes,Yes,Somewhat easy,No,No,Yes,No,No,No,Don't know,No,
368,2022,31,Male,Netherlands,No,No,No,Sometimes,26-100,No,Yes,No,No,Yes,No,Don't know,Somewhat easy,Yes,Yes,Some of them,No,No,No,No,No,Leadership support makes all the difference.
369,2024,18,Male,United States,Yes,No,No,Never,1-5,No,Yes,Yes,Don't know,No,Don't know,Don't know,Don't know,Yes,No,Some of them,Some of them,Yes,No,No,No,Stigma is still a major issue in my workplace.
370,2024,35,Male,United States,No,No,Yes,Often,26-100,No,No,No,Yes,No,No,Don't know,Somewhat easy,No,No,Yes,No,Maybe,Maybe,No,No,Glad to see more companies taking this seriously.
371,2023,32,Non-binary,United States,No,No,No,Never,More than 1000,No,Yes,No,Don't know,Yes,Yes,No,Somewhat difficult,Yes,Maybe,Some of them,Yes,Maybe,No,No,No,
372,2021,26,Female,Canada,Yes,No,No,Rarely,100-500,Yes,No,No,Don't know,Yes,Don't know,No,Somewhat easy,Yes,No,Some of them,No,Maybe,Yes,No,Yes,Open conversations help reduce stigma.
373,2024,18,Male,Australia,Yes,No,Yes,Sometimes,500-1000,No,Yes,No,Yes,Don't know,No,Yes,Don't know,No,No,No,No,No,Maybe,No,No,
374,2020,30,Non-binary,Australia,No,No,Yes,Often,26-100,Yes,Yes,Yes,No,Yes,Don't know,Yes,Somewhat easy,No,No,Some of them,No,No,No,No,No,
375,2020,32,Male,Canada,Yes,No,No,Often,More than 1000,No,Yes,Yes,Yes,Yes,Don't know,Don't know,Somewhat difficult,Yes,Maybe,No,Yes,No,Yes,No,Yes,
376,2021,31,Female,United Kingdom,Yes,No,Yes,Often,100-500,Yes,Yes,Yes,Don't know,Don't know,Yes,No,Somewhat easy,Yes,No,Some of them,Yes,Maybe,Maybe,Don't know,Yes,Glad to see more companies taking this seriously.
377,2021,24,Male,Other,No,No,No,Never,500-1000,Yes,Yes,Yes,Yes,Yes,No,Yes,Somewhat difficult,Yes,No,No,No,No,No,Don't know,No,
378,2023,30,Male,United States,Yes,No,Yes,Often,26-100,Yes,No,Yes,Don't know,No,No,Yes,Somewhat easy,No,No,No,No,No,Maybe,Don't know,No,
379,2023,20,Male,United States,Yes,No,No,Often,6-25,Yes,Yes,No,No,No,Yes,No,Somewhat easy,Maybe,Yes,Some of them,Some of them,No,Maybe,Yes,Yes,
380,2024,29,Male,United Kingdom,No,No,No,Rarely,1-5,Yes,No,Don't know,Yes,No,No,Don't know,Somewhat easy,No,No,No,Yes,No,No,Don't know,Yes,
381,2020,18,Male,Canada,No,No,No,Never,1-5,Yes,Yes,No,No,No,Don't know,No,Don't know,No,No,Yes,No,No,Maybe,Don't know,No,
382,2021,32,Male,United States,No,No,No,Rarely,6-25,Yes,No,Don't know,Don't know,Don't know,Yes,Don't know,Somewhat difficult,No,No,Some of them,No,No,No,No,Yes,Management needs training on mental health.
383,2020,23,Female,Other,No,No,Yes,Sometimes,6-25,Yes,Yes,Yes,No,No,No,Yes,Don't know,Yes,Maybe,No,No,No,Yes,Don't know,No,
384,2021,32,Female,United States,No,Yes,Yes,Never,500-1000,No,Yes,Yes,Yes,Yes,Yes,Don't know,Don't know,Yes,Yes,No,No,No,No,Yes,No,Stigma is still a major issue in my workplace.
385,2023,18,Male,Other,No,Yes,No,Rarely,26-100,No,Yes,Don't know,No,No,No,Yes,Very easy,Maybe,No,No,No,No,No,No,No,More anonymous support options would help.
386,2019,44,Female,United States,No,No,Yes,Sometimes,26-100,Yes,Yes,No,Yes,No,Yes,Don't know,Somewhat easy,Yes,No,Yes,No,Yes,Yes,Don't know,Yes,
387,2021,36,Male,Netherlands,No,No,Yes,Rarely,100-500,No,No,Yes,Yes,No,Don't know,Don't know,Don't know,No,No,Yes,No,No,Maybe,No,No,Remote work has been a double-edged sword.
388,2021,19,Female,United States,Yes,No,No,Rarely,100-500,Yes,Yes,Yes,Don't know,Yes,Don't know,No,Somewhat easy,No,No,Yes,Some of them,No,No,Yes,No,
389,2022,23,Male,United Kingdom,No,Yes,Yes,Often,100-500,No,No,Don't know,Yes,Yes,Yes,No,Somewhat difficult,Yes,Yes,Some of them,Yes,No,No,Don't know,No,
390,2020,44,Male,United States,No,No,No,Often,26-100,Yes,Yes,No,No,Don't know,Don't know,Don't know,Very easy,Yes,No,Some of them,Yes,No,Maybe,Yes,No,
391,2021,23,Male,United Kingdom,No,No,Yes,Sometimes,100-500,No,No,Yes,No,Yes,Yes,Yes,Somewhat easy,No,Maybe,No,Some of them,No,No,No,Yes,
392,2020,40,Male,United States,No,Yes,No,Often,6-25,Yes,No,Yes,Don't know,No,Don't know,Don't know,Very difficult,No,No,No,No,No,Yes,No,No,
393,2022,23,Female,India,No,No,No,Sometimes,100-500,No,Yes,Don't know,Don't know,Yes,Don't know,Yes,Somewhat easy,No,No,Some of them,Yes,No,No,Don't know,No,Glad to see more companies taking this seriously.
394,2024,32,Female,Netherlands,No,Yes,Yes,Sometimes,1-5,No,Yes,Yes,No,No,No,Don't know,Don't know,Yes,No,Some of them,No,Maybe,Yes,Don't know,Yes,Open conversations help reduce stigma.
395,2020,37,Other / Prefer not to say,United States,No,Yes,No,Never,100-500,Yes,Yes,Don't know,Yes,No,Yes,No,Somewhat easy,Yes,No,Yes,Some of them,No,No,No,No,Leadership support makes all the difference.
396,2021,20,Other / Prefer not to say,Australia,No,Yes,No,Rarely,More than 1000,Yes,No,No,Yes,No,Yes,Don't know,Somewhat difficult,No,Maybe,Some of them,No,No,No,Don't know,Yes,
397,2023,25,Male,United States,No,No,Yes,Never,100-500,No,No,Yes,Yes,Yes,Yes,Don't know,Don't know,Yes,No,No,Yes,No,Yes,Don't know,No,HR resources are available but rarely used.
398,2023,31,Female,Australia,No,Yes,No,Rarely,100-500,Yes,No,No,Yes,No,Don't know,No,Somewhat easy,No,No,No,Some of them,No,Maybe,No,No,
399,2024,42,Male,United Kingdom,No,No,Yes,Often,1-5,No,No,Yes,Don't know,No,No,No,Very easy,Maybe,No,No,Yes,Maybe,Yes,Don't know,No,
400,2021,33,Non-binary,Canada,No,No,No,Rarely,26-100,Yes,Yes,No,No,No,Don't know,Don't know,Don't know,No,Yes,Yes,No,Maybe,No,Don't know,No,Stigma is still a major issue in my workplace.
401,2019,23,Male,United States,No,No,Yes,Often,6-25,No,Yes,Don't know,No,Don't know,No,Don't know,Very easy,Maybe,Maybe,Yes,Yes,No,Maybe,No,No,More anonymous support options would help.
402,2022,29,Male,United States,No,No,No,Sometimes,6-25,Yes,No,No,Don't know,No,No,Yes,Don't know,Yes,No,No,No,No,Yes,Don't know,Yes,HR resources are available but rarely used.
403,2021,23,Male,Germany,Yes,No,No,Rarely,26-100,No,Yes,Don't know,No,Don't know,Don't know,Yes,Don't know,Yes,No,No,No,No,No,No,No,Remote work has been a double-edged sword.
404,2019,33,Male,Netherlands,No,No,Yes,Often,26-100,No,Yes,No,No,Yes,No,Don't know,Somewhat difficult,No,No,Yes,Some of them,Yes,Maybe,No,No,
405,2021,40,Male,Other,No,Yes,Yes,Rarely,26-100,Yes,Yes,No,Don't know,Yes,Don't know,Yes,Somewhat easy,No,Yes,Yes,Some of them,No,Yes,Yes,No,HR resources are available but rarely used.
406,2023,47,Male,Sweden,No,No,No,Never,6-25,Yes,Yes,Yes,Yes,No,No,No,Somewhat easy,Maybe,Maybe,No,No,No,No,Don't know,Yes,Remote work has been a double-edged sword.
407,2022,35,Non-binary,Sweden,Yes,No,No,Never,6-25,No,Yes,No,No,Don't know,Yes,No,Don't know,No,No,Some of them,No,No,Yes,No,No,Glad to see more companies taking this seriously.
408,2024,18,Female,Canada,No,No,No,Rarely,6-25,Yes,Yes,Yes,No,No,Don't know,No,Don't know,No,No,Yes,Yes,No,Yes,Yes,No,
409,2019,19,Male,Canada,No,No,Yes,Never,More than 1000,Yes,Yes,Yes,Don't know,Don't know,No,No,Don't know,No,No,Yes,Yes,No,No,Don't know,No,
410,2019,19,Male,India,No,No,Yes,Sometimes,26-100,Yes,Yes,No,Yes,No,Don't know,No,Don't know,Maybe,No,No,Yes,Maybe,No,Yes,Yes,
411,2021,26,Male,Ireland,No,No,No,Rarely,More than 1000,No,Yes,Yes,No,Yes,Yes,Yes,Don't know,Yes,No,No,No,Maybe,Yes,Yes,No,
412,2024,40,Female,United States,Yes,Yes,Yes,Often,500-1000,Yes,Yes,Yes,Don't know,No,No,Yes,Somewhat easy,Yes,No,No,No,No,No,Don't know,No,
413,2024,32,Male,United States,Yes,No,No,Sometimes,More than 1000,No,Yes,Yes,Don't know,Yes,No,Yes,Somewhat difficult,No,No,Some of them,Yes,Yes,Maybe,Yes,No,
414,2020,22,Male,United Kingdom,No,Yes,No,Never,26-100,Yes,Yes,Yes,No,Don't know,Don't know,Don't know,Somewhat easy,Maybe,No,Yes,Some of them,Maybe,Maybe,Don't know,No,
415,2020,27,Female,United States,No,Yes,No,Sometimes,500-1000,Yes,Yes,Yes,Don't know,Don't know,No,Yes,Somewhat easy,No,No,Yes,Yes,No,Maybe,Yes,No,Open conversations help reduce stigma.
416,2023,18,Male,Germany,No,Yes,No,Often,100-500,No,Yes,Yes,Don't know,Yes,No,Yes,Somewhat difficult,No,No,Yes,No,Maybe,No,No,No,
417,2022,33,Male,Brazil,No,No,No,Rarely,26-100,Yes,Yes,No,Don't know,No,No,Don't know,Somewhat easy,No,No,Yes,Some of them,No,No,Don't know,No,
418,2021,33,Other / Prefer not to say,Other,No,No,Yes,Rarely,1-5,Yes,Yes,Don't know,No,Yes,Don't know,Yes,Somewhat difficult,Yes,No,Yes,Some of them,No,Maybe,No,No,Anonymous reporting would increase participation.
419,2021,46,Male,United States,No,Yes,Yes,Rarely,More than 1000,No,Yes,Yes,Don't know,Yes,Yes,Yes,Don't know,No,No,No,No,No,Maybe,Yes,No,
420,2023,36,Male,Canada,No,No,No,Rarely,26-100,Yes,No,Yes,No,Yes,No,Don't know,Very difficult,Maybe,Yes,Some of them,Some of them,No,No,Don't know,No,
421,2022,27,Male,Other,No,No,Yes,Sometimes,500-1000,Yes,Yes,Don't know,Yes,Yes,Don't know,No,Somewhat easy,No,No,Some of them,No,No,Maybe,Don't know,No,Burnout is rampant in my team.
422,2022,19,Female,United States,No,Yes,Yes,Rarely,6-25,No,Yes,No,No,No,Yes,Don't know,Somewhat easy,Yes,No,Some of them,Some of them,No,Maybe,No,No,Better awareness programs needed.
423,2024,28,Female,United States,Yes,No,No,Often,100-500,No,No,Yes,Yes,No,No,Yes,Very difficult,Yes,No,Some of them,No,No,No,Don't know,No,
424,2019,24,Female,Other,No,Yes,Yes,Rarely,500-1000,No,No,Yes,Yes,Don't know,Don't know,Yes,Don't know,No,No,No,Yes,No,No,Yes,No,
425,2024,37,Male,Ireland,No,No,Yes,Rarely,26-100,No,No,Don't know,Yes,Yes,Yes,Yes,Very easy,Maybe,No,Yes,Yes,Maybe,No,No,Yes,
426,2024,18,Male,United States,No,No,No,Never,26-100,No,Yes,No,No,No,No,Yes,Somewhat easy,No,Maybe,No,No,No,Yes,Yes,No,Leadership support makes all the difference.
427,2021,18,Male,United States,No,No,Yes,Sometimes,100-500,No,No,Yes,Yes,No,Don't know,Yes,Very easy,Maybe,No,No,No,No,No,No,No,Management needs training on mental health.
428,2020,37,Female,United Kingdom,No,Yes,Yes,Sometimes,6-25,No,Yes,No,Don't know,Don't know,No,Yes,Somewhat difficult,No,Yes,No,No,No,No,No,No,Glad to see more companies taking this seriously.
429,2024,19,Non-binary,Ireland,No,Yes,Yes,Often,26-100,No,No,Don't know,No,Don't know,Yes,Yes,Somewhat difficult,Yes,No,Yes,No,No,No,Don't know,No,Glad to see more companies taking this seriously.
430,2021,44,Male,United States,Yes,Yes,No,Rarely,100-500,Yes,Yes,No,No,Yes,Yes,Yes,Somewhat easy,Maybe,Maybe,No,No,Maybe,No,Yes,No,Stigma is still a major issue in my workplace.
431,2019,26,Non-binary,United Kingdom,No,No,No,Never,500-1000,No,Yes,Don't know,No,No,Yes,Don't know,Somewhat difficult,No,No,Yes,Yes,No,Yes,Yes,No,
432,2022,31,Male,United Kingdom,No,No,No,Never,1-5,No,Yes,No,No,No,Don't know,Don't know,Somewhat difficult,No,No,No,Yes,No,Yes,Don't know,No,We have EAP but nobody talks about it.
433,2020,43,Female,Other,No,No,No,Rarely,500-1000,Yes,Yes,Yes,Don't know,Yes,Don't know,No,Don't know,Maybe,Maybe,No,Yes,No,Maybe,Don't know,Yes,Management needs training on mental health.
434,2024,28,Male,United States,No,Yes,Yes,Sometimes,More than 1000,Yes,Yes,Yes,Don't know,No,Yes,Yes,Somewhat easy,No,Yes,Yes,Some of them,No,No,No,No,Leadership support makes all the difference.
435,2022,34,Male,Australia,Yes,No,No,Never,6-25,No,Yes,No,No,Don't know,No,No,Somewhat easy,Yes,No,No,No,No,No,Don't know,No,More anonymous support options would help.
436,2021,40,Other / Prefer not to say,United Kingdom,No,No,Yes,Sometimes,100-500,No,Yes,Yes,No,Yes,Don't know,Don't know,Somewhat difficult,Maybe,No,No,Some of them,Maybe,No,Don't know,No,
437,2023,30,Male,United Kingdom,No,No,No,Rarely,26-100,Yes,Yes,Don't know,No,No,Yes,Yes,Somewhat difficult,No,No,Yes,No,No,No,Yes,Yes,
438,2020,18,Male,United States,No,No,No,Often,26-100,Yes,Yes,Yes,Yes,No,Yes,Don't know,Very difficult,Yes,No,Yes,No,No,No,Yes,No,
439,2023,34,Male,United States,No,No,Yes,Often,6-25,Yes,Yes,Don't know,No,Yes,No,No,Very difficult,Yes,No,No,Some of them,No,Maybe,Don't know,No,Leadership support makes all the difference.
440,2021,44,Other / Prefer not to say,Ireland,No,No,Yes,Rarely,26-100,Yes,No,No,No,Yes,No,No,Don't know,Yes,Maybe,No,Yes,No,No,Don't know,No,Glad to see more companies taking this seriously.
441,2019,31,Non-binary,United States,No,Yes,Yes,Often,6-25,No,Yes,No,No,No,Don't know,Yes,Don't know,Maybe,No,Some of them,Some of them,No,Yes,Yes,Yes,
442,2022,32,Male,United States,No,No,No,Often,6-25,No,Yes,Don't know,Yes,No,Don't know,No,Somewhat easy,No,No,No,Yes,No,Maybe,Don't know,No,Anonymous reporting would increase participation.
443,2022,20,Male,Sweden,No,Yes,Yes,Sometimes,100-500,Yes,Yes,Yes,Yes,Don't know,No,Don't know,Very difficult,Yes,No,Some of them,No,No,Yes,Don't know,No,We have EAP but nobody talks about it.
444,2022,27,Male,France,No,Yes,Yes,Sometimes,500-1000,Yes,Yes,No,Yes,No,Don't know,Yes,Somewhat easy,Yes,Maybe,Yes,No,No,No,Don't know,No,
445,2019,26,Female,Canada,Yes,Yes,Yes,Often,100-500,No,Yes,Don't know,Yes,No,Don't know,Don't know,Don't know,No,No,No,Yes,No,Maybe,Yes,No,
446,2023,33,Male,United States,Yes,Yes,Yes,Never,26-100,Yes,No,Don't know,Don't know,No,No,No,Somewhat difficult,Maybe,No,No,Some of them,Yes,No,Don't know,No,Remote work has been a double-edged sword.
447,2023,32,Male,United Kingdom,No,No,Yes,Sometimes,26-100,No,Yes,Don't know,Don't know,Yes,No,No,Don't know,Yes,No,Some of them,No,Maybe,Maybe,Yes,No,Remote work has been a double-edged sword.
448,2020,18,Non-binary,Other,No,No,Yes,Never,1-5,Yes,Yes,Yes,Don't know,Yes,No,Don't know,Very easy,No,No,Some of them,Yes,No,No,Yes,No,
449,2019,34,Male,United States,No,No,Yes,Sometimes,100-500,No,No,No,Don't know,Yes,Yes,Yes,Don't know,No,No,Yes,No,No,Yes,No,No,Leadership support makes all the difference.
450,2020,34,Male,Canada,No,Yes,Yes,Sometimes,100-500,Yes,No,Yes,Yes,Don't know,Yes,Yes,Very easy,No,No,No,No,No,No,Don't know,No,More anonymous support options would help.
451,2024,23,Male,United States,No,Yes,Yes,Often,100-500,Yes,No,Yes,Yes,Don't know,Yes,No,Somewhat easy,No,No,Yes,Yes,No,No,Don't know,Yes,Leadership support makes all the difference.
452,2021,26,Male,United States,No,No,No,Rarely,More than 1000,No,Yes,No,Yes,No,Don't know,Don't know,Somewhat easy,Yes,No,No,No,No,Yes,Don't know,No,
453,2024,37,Female,United States,No,Yes,Yes,Often,100-500,Yes,Yes,No,Don't know,No,Yes,Don't know,Somewhat easy,No,Maybe,Some of them,No,No,No,Yes,Yes,HR resources are available but rarely used.
454,2020,28,Male,Australia,No,No,Yes,Sometimes,26-100,No,Yes,Don't know,No,Yes,Yes,No,Don't know,No,No,Yes,No,No,Yes,Yes,No,
455,2020,25,Female,United States,Yes,No,No,Never,More than 1000,No,Yes,Don't know,Yes,Yes,Yes,No,Very easy,No,No,Some of them,Yes,Maybe,Maybe,Yes,No,
456,2021,23,Male,United States,No,No,No,Never,100-500,Yes,Yes,Yes,Don't know,Yes,Don't know,Yes,Somewhat difficult,No,No,Some of them,Yes,No,No,No,Yes,Leadership support makes all the difference.
457,2022,35,Male,Netherlands,No,No,Yes,Never,6-25,Yes,No,Don't know,No,No,Yes,No,Somewhat easy,No,No,Yes,No,Maybe,No,Don't know,No,We have EAP but nobody talks about it.
458,2022,32,Male,Australia,No,No,Yes,Rarely,6-25,No,Yes,No,Don't know,No,No,Don't know,Don't know,No,No,No,Yes,Maybe,Yes,Yes,No,
459,2024,21,Female,United States,No,Yes,No,Never,26-100,No,Yes,No,Don't know,No,Don't know,Yes,Don't know,No,Maybe,Yes,No,Maybe,No,Don't know,No,Glad to see more companies taking this seriously.
460,2019,18,Non-binary,Netherlands,No,Yes,Yes,Sometimes,26-100,Yes,Yes,Yes,Don't know,No,Yes,Don't know,Don't know,Yes,No,Yes,No,No,No,Don't know,No,Management needs training on mental health.
461,2024,24,Male,Canada,No,No,No,Rarely,100-500,No,No,Yes,Don't know,Yes,No,Yes,Very difficult,Yes,Yes,No,No,No,No,No,No,Management needs training on mental health.
462,2019,43,Female,United States,No,No,No,Rarely,500-1000,Yes,Yes,No,Yes,Yes,Yes,Don't know,Very difficult,No,Yes,Yes,No,No,Yes,Don't know,No,
463,2021,34,Female,Other,No,No,No,Rarely,100-500,Yes,Yes,No,No,Don't know,No,Don't know,Somewhat difficult,Yes,Yes,No,No,Maybe,No,No,No,
464,2022,41,Female,United States,No,Yes,Yes,Often,6-25,Yes,Yes,No,No,Yes,Yes,Don't know,Somewhat easy,Yes,No,No,No,No,Yes,Don't know,No,Leadership support makes all the difference.
465,2021,38,Male,United States,Yes,Yes,No,Often,26-100,No,Yes,Don't know,Don't know,Don't know,No,No,Somewhat easy,Maybe,Yes,No,No,No,No,Don't know,No,Stigma is still a major issue in my workplace.
466,2023,27,Male,Sweden,No,Yes,No,Rarely,100-500,Yes,Yes,Yes,No,No,No,Don't know,Don't know,Yes,No,No,Yes,Yes,No,No,Yes,
467,2021,39,Female,Netherlands,No,No,No,Rarely,100-500,No,Yes,No,Yes,No,Yes,Don't know,Somewhat difficult,No,No,Yes,No,No,No,No,No,Stigma is still a major issue in my workplace.
468,2020,23,Male,Other,No,No,No,Often,More than 1000,No,Yes,Yes,Don't know,Yes,No,Yes,Somewhat easy,No,No,No,Yes,No,Yes,Yes,No,
469,2021,19,Male,United States,No,No,Yes,Often,100-500,Yes,Yes,Yes,No,Yes,No,Yes,Very difficult,No,No,No,No,Maybe,No,Don't know,Yes,HR resources are available but rarely used.
470,2019,37,Female,Sweden,No,No,No,Never,6-25,No,Yes,No,Don't know,No,No,Yes,Somewhat easy,No,Maybe,No,Some of them,No,Yes,Yes,Yes,
471,2022,24,Female,Other,No,Yes,Yes,Rarely,More than 1000,No,Yes,Don't know,Don't know,Yes,Yes,No,Somewhat easy,No,Yes,Yes,Some of them,Maybe,No,No,No,Better awareness programs needed.
472,2021,24,Female,Australia,No,No,Yes,Often,500-1000,Yes,Yes,Yes,Yes,Yes,Yes,Don't know,Somewhat easy,Yes,No,Some of them,Yes,No,No,Yes,No,Anonymous reporting would increase participation.
473,2022,26,Male,Netherlands,No,Yes,Yes,Never,More than 1000,No,No,Yes,No,Don't know,Yes,Don't know,Somewhat easy,No,No,Some of them,Yes,Maybe,Maybe,No,No,Anonymous reporting would increase participation.
474,2022,35,Male,United Kingdom,No,Yes,Yes,Sometimes,100-500,Yes,No,Don't know,Don't know,Don't know,Don't know,No,Don't know,Maybe,No,Some of them,No,No,Maybe,Don't know,No,Better awareness programs needed.
475,2020,37,Male,Australia,No,No,No,Rarely,100-500,Yes,Yes,Yes,Yes,No,Yes,Yes,Very difficult,No,No,No,No,No,No,No,No,
476,2022,24,Male,United Kingdom,No,No,No,Rarely,6-25,No,Yes,Yes,Don't know,No,No,No,Very difficult,No,No,No,Some of them,Maybe,Maybe,Yes,No,More anonymous support options would help.
477,2021,28,Male,United States,No,Yes,Yes,Rarely,26-100,Yes,Yes,Don't know,No,Yes,No,No,Very easy,No,No,Some of them,No,Yes,Maybe,Don't know,No,Leadership support makes all the difference.
478,2024,27,Non-binary,United States,No,No,No,Sometimes,More than 1000,No,Yes,Yes,Don't know,Don't know,No,No,Very difficult,No,No,No,Some of them,Yes,No,Don't know,No,Stigma is still a major issue in my workplace.
479,2023,27,Female,Canada,No,No,No,Never,100-500,No,Yes,Don't know,Don't know,Yes,Yes,No,Don't know,No,Maybe,Some of them,No,Maybe,No,Don't know,Yes,
480,2022,29,Non-binary,United States,No,No,No,Rarely,500-1000,No,No,Yes,Yes,Yes,Yes,Don't know,Somewhat easy,No,No,No,No,Maybe,No,No,No,
481,2020,19,Male,United States,No,Yes,No,Never,500-1000,Yes,No,Yes,Yes,Yes,Don't know,Yes,Don't know,No,No,No,Some of them,Yes,No,Yes,No,Leadership support makes all the difference.
482,2020,35,Male,United States,No,No,No,Rarely,100-500,No,Yes,Yes,Don't know,Yes,Yes,No,Very easy,Yes,No,Some of them,No,No,Maybe,Don't know,No,
483,2023,30,Male,India,No,Yes,Yes,Sometimes,100-500,No,Yes,No,Don't know,Don't know,Don't know,Don't know,Very difficult,Yes,No,No,Some of them,No,Maybe,Yes,No,
484,2021,18,Male,Netherlands,No,Yes,Yes,Sometimes,26-100,No,No,No,Don't know,No,No,Yes,Somewhat difficult,No,No,Some of them,Yes,Maybe,No,No,No,Glad to see more companies taking this seriously.
485,2020,25,Female,Other,No,Yes,Yes,Often,100-500,Yes,No,No,Yes,No,Yes,Yes,Don't know,Maybe,No,No,No,No,Maybe,Don't know,No,
486,2019,21,Female,Other,Yes,Yes,No,Sometimes,100-500,Yes,No,Don't know,Yes,Yes,Don't know,Yes,Very easy,Maybe,Maybe,Yes,Some of them,No,No,Don't know,No,
487,2022,56,Male,United States,No,No,No,Sometimes,500-1000,Yes,Yes,No,Don't know,Yes,Yes,Don't know,Very easy,Yes,No,No,Some of them,No,Yes,Yes,Yes,We have EAP but nobody talks about it.
488,2022,34,Male,United States,No,No,Yes,Often,More than 1000,Yes,No,Yes,Yes,No,Don't know,Don't know,Somewhat easy,Maybe,No,Yes,Yes,No,No,Yes,Yes,
489,2023,23,Male,United States,No,Yes,No,Rarely,26-100,Yes,Yes,No,Yes,No,Yes,Don't know,Somewhat difficult,Yes,No,Yes,No,No,No,No,No,Leadership support makes all the difference.
490,2024,25,Male,United Kingdom,No,Yes,Yes,Sometimes,More than 1000,No,Yes,No,Yes,Don't know,Yes,Don't know,Somewhat difficult,Yes,No,Yes,Yes,No,Maybe,Yes,No,Burnout is rampant in my team.
491,2019,27,Male,Netherlands,No,No,No,Rarely,100-500,Yes,No,Yes,Don't know,No,Yes,Yes,Don't know,No,No,Yes,Some of them,No,No,Don't know,No,
492,2023,26,Female,United States,No,No,No,Never,500-1000,Yes,Yes,Yes,Don't know,Don't know,Don't know,Don't know,Don't know,No,No,No,Some of them,No,Maybe,Don't know,No,
493,2024,36,Male,Brazil,No,No,Yes,Often,More than 1000,Yes,Yes,No,Yes,Yes,Yes,Yes,Don't know,Yes,No,Yes,No,No,No,No,Yes,Better awareness programs needed.
494,2024,18,Male,United States,No,No,No,Sometimes,100-500,Yes,Yes,Don't know,Yes,Yes,Yes,No,Somewhat easy,Yes,No,No,Yes,No,No,Yes,No,
495,2022,18,Male,Netherlands,No,No,Yes,Sometimes,More than 1000,Yes,Yes,No,Yes,Yes,Don't know,Yes,Very difficult,Maybe,Yes,Some of them,No,Maybe,No,No,Yes,
496,2023,22,Male,Australia,No,No,No,Rarely,6-25,Yes,Yes,No,No,No,No,Yes,Somewhat easy,Yes,No,Some of them,Yes,Maybe,Maybe,Don't know,Yes,
497,2023,45,Male,India,No,No,Yes,Sometimes,More than 1000,No,Yes,Yes,No,No,Yes,Yes,Don't know,Maybe,No,Some of them,No,No,Yes,Yes,No,Better awareness programs needed.
498,2021,30,Female,United States,No,No,Yes,Often,1-5,Yes,Yes,Yes,No,No,Yes,Yes,Very difficult,Maybe,No,No,No,Maybe,No,Yes,No,
499,2023,29,Male,United States,No,No,Yes,Sometimes,26-100,Yes,Yes,No,Yes,Don't know,Yes,Yes,Don't know,Maybe,No,No,Yes,Maybe,No,Yes,Yes,Leadership support makes all the difference.
500,2024,18,Other / Prefer not to say,United States,No,Yes,Yes,Often,100-500,Yes,No,Don't know,Don't know,Yes,Yes,Yes,Somewhat easy,Maybe,No,No,No,Maybe,Yes,No,Yes,Better awareness programs needed.
501,2020,20,Male,Germany,No,No,No,Never,More than 1000,Yes,Yes,Yes,Yes,Yes,Yes,No,Somewhat easy,Yes,No,No,Some of them,No,No,Yes,No,
502,2021,37,Male,United States,No,No,No,Never,100-500,Yes,Yes,No,Don't know,Yes,No,Don't know,Don't know,No,No,Yes,Yes,Maybe,Yes,Yes,No,
503,2023,23,Male,Ireland,Yes,Yes,No,Never,26-100,Yes,No,No,Don't know,Yes,No,No,Don't know,Yes,No,Some of them,No,No,No,Yes,No,Better awareness programs needed.
504,2021,42,Non-binary,India,No,Yes,No,Rarely,26-100,Yes,Yes,Don't know,No,No,No,Don't know,Don't know,Maybe,No,Yes,No,Maybe,No,Yes,No,Better awareness programs needed.
505,2019,19,Male,United Kingdom,No,No,No,Sometimes,26-100,No,No,Yes,No,No,Yes,No,Somewhat easy,Maybe,No,No,No,Maybe,Yes,Don't know,Yes,
506,2024,31,Male,United States,No,Yes,No,Never,6-25,Yes,Yes,Don't know,No,Don't know,Don't know,Don't know,Don't know,Yes,No,No,Yes,Yes,Maybe,Don't know,No,Leadership support makes all the difference.
507,2021,28,Female,Germany,No,Yes,Yes,Rarely,100-500,Yes,Yes,No,Yes,Yes,Yes,Don't know,Somewhat easy,No,Maybe,Yes,Some of them,Maybe,Maybe,Yes,No,
508,2023,34,Other / Prefer not to say,Australia,No,No,No,Never,500-1000,Yes,Yes,Yes,Yes,Yes,Don't know,No,Don't know,Maybe,No,No,No,No,No,Don't know,No,
509,2022,30,Male,Australia,No,No,No,Never,26-100,No,Yes,No,Yes,No,No,No,Very difficult,No,No,Some of them,Some of them,No,Yes,Don't know,No,Glad to see more companies taking this seriously.
510,2022,18,Female,Ireland,No,No,No,Rarely,More than 1000,Yes,No,Yes,Yes,Don't know,Yes,Don't know,Very difficult,No,No,No,No,No,No,Don't know,No,Remote work has been a double-edged sword.
511,2023,29,Male,United States,No,No,No,Rarely,500-1000,No,Yes,No,Yes,Don't know,Yes,Don't know,Very easy,Yes,Maybe,Yes,No,Maybe,Maybe,Don't know,No,Burnout is rampant in my team.
512,2021,41,Male,Netherlands,No,No,No,Rarely,More than 1000,Yes,Yes,Yes,No,No,No,Don't know,Very easy,No,Maybe,No,Yes,No,No,Yes,No,Better awareness programs needed.
513,2024,34,Non-binary,United Kingdom,Yes,Yes,No,Never,26-100,Yes,Yes,Yes,Don't know,Yes,No,No,Somewhat easy,Yes,No,Yes,Yes,No,Maybe,No,No,Leadership support makes all the difference.
514,2022,37,Male,United Kingdom,No,No,No,Often,1-5,Yes,Yes,No,Don't know,Don't know,Yes,No,Somewhat difficult,Yes,No,No,No,No,Maybe,Don't know,No,
515,2024,21,Male,United States,No,Yes,Yes,Sometimes,More than 1000,No,No,Yes,Don't know,Yes,Yes,Yes,Somewhat easy,Maybe,Yes,No,No,Maybe,Yes,Yes,No,Management needs training on mental health.
516,2019,27,Male,United States,No,No,No,Sometimes,100-500,No,Yes,No,No,Yes,Yes,Don't know,Somewhat difficult,Maybe,Maybe,Yes,Yes,Yes,No,Yes,No,
517,2022,19,Female,Germany,No,No,No,Never,26-100,No,Yes,No,No,No,No,Don't know,Somewhat easy,No,No,No,No,Maybe,No,Yes,No,Open conversations help reduce stigma.
518,2023,37,Male,Canada,Yes,No,Yes,Sometimes,100-500,Yes,No,No,Don't know,Yes,Don't know,Yes,Very easy,Maybe,Maybe,Yes,No,No,No,Don't know,No,Management needs training on mental health.
519,2024,18,Male,Canada,No,No,Yes,Often,More than 1000,No,Yes,No,Yes,Yes,Yes,Don't know,Don't know,No,No,Some of them,Yes,Maybe,Maybe,Don't know,No,HR resources are available but rarely used.
520,2021,37,Male,United States,Yes,No,Yes,Sometimes,6-25,No,Yes,No,No,Don't know,Yes,Don't know,Somewhat difficult,Maybe,Maybe,Some of them,Some of them,No,No,Yes,No,
521,2019,24,Male,United States,No,Yes,Yes,Never,More than 1000,No,No,Yes,Don't know,Yes,Don't know,Don't know,Don't know,No,Yes,Some of them,Some of them,Maybe,No,Yes,No,Open conversations help reduce stigma.
522,2024,25,Male,United States,No,No,No,Never,More than 1000,No,Yes,Yes,Yes,No,Don't know,No,Somewhat easy,Yes,No,Some of them,Some of them,No,Maybe,No,No,We have EAP but nobody talks about it.
523,2022,31,Male,United Kingdom,No,No,No,Never,26-100,Yes,No,Yes,No,No,Yes,Don't know,Don't know,Maybe,No,Some of them,Some of them,Maybe,No,Yes,Yes,Leadership support makes all the difference.
524,2024,42,Male,United States,No,No,Yes,Sometimes,1-5,No,Yes,Don't know,No,No,No,No,Very easy,No,No,No,No,No,No,Yes,No,Remote work has been a double-edged sword.
525,2021,40,Female,Sweden,No,No,No,Sometimes,26-100,Yes,Yes,Yes,Don't know,No,Don't know,No,Somewhat difficult,Yes,No,No,Yes,No,No,Yes,No,Management needs training on mental health.
526,2023,18,Male,United Kingdom,No,Yes,Yes,Rarely,6-25,No,No,No,Yes,Don't know,Yes,No,Somewhat difficult,Maybe,Yes,Some of them,No,Maybe,No,Don't know,No,We have EAP but nobody talks about it.
527,2024,25,Female,United States,No,No,No,Never,6-25,No,Yes,No,No,No,Yes,No,Very difficult,No,No,Some of them,Some of them,No,Maybe,No,No,Management needs training on mental health.
528,2024,29,Male,United States,No,No,Yes,Never,500-1000,No,No,Yes,Yes,Yes,Don't know,Don't know,Don't know,No,No,No,Some of them,No,No,Yes,Yes,We have EAP but nobody talks about it.
529,2022,30,Male,United Kingdom,No,No,Yes,Rarely,6-25,Yes,Yes,Yes,Don't know,No,No,Don't know,Don't know,No,No,No,No,No,Maybe,Don't know,No,HR resources are available but rarely used.
530,2020,20,Female,United States,No,No,No,Never,1-5,No,Yes,Don't know,No,Don't know,Don't know,Don't know,Somewhat easy,Yes,No,Yes,Yes,No,Yes,Yes,Yes,
531,2023,31,Male,United States,Yes,Yes,No,Never,6-25,Yes,No,No,Don't know,Don't know,No,No,Don't know,Yes,No,Some of them,Some of them,No,Yes,No,Yes,Management needs training on mental health.
532,2023,30,Male,Ireland,No,Yes,Yes,Rarely,100-500,No,Yes,Yes,Don't know,Yes,Don't know,No,Somewhat difficult,No,Maybe,Yes,No,No,No,Yes,No,Stigma is still a major issue in my workplace.
533,2021,35,Male,Other,No,Yes,No,Never,100-500,No,No,Yes,Don't know,Yes,No,Don't know,Don't know,Maybe,Maybe,Yes,No,No,No,No,No,We have EAP but nobody talks about it.
534,2021,28,Other / Prefer not to say,United States,No,No,No,Never,More than 1000,No,Yes,Yes,No,Don't know,Yes,Yes,Don't know,No,Maybe,Some of them,Yes,No,No,Yes,Yes,Remote work has been a double-edged sword.
535,2023,28,Male,United States,No,No,No,Often,More than 1000,Yes,Yes,Yes,Yes,Don't know,Don't know,Don't know,Somewhat easy,Maybe,No,Some of them,Some of them,No,Maybe,Yes,Yes,Better awareness programs needed.
536,2024,46,Non-binary,United States,No,No,No,Never,500-1000,Yes,Yes,Yes,Yes,Yes,No,Yes,Don't know,No,Maybe,Yes,Yes,No,No,Yes,No,Stigma is still a major issue in my workplace.
537,2022,23,Female,France,No,No,No,Rarely,6-25,No,No,Don't know,No,No,No,Don't know,Somewhat easy,No,No,No,Some of them,No,No,Don't know,No,
538,2022,31,Male,United Kingdom,No,Yes,No,Rarely,6-25,No,Yes,Don't know,No,Yes,Don't know,No,Very easy,No,Maybe,Some of them,Some of them,Maybe,Yes,No,Yes,Better awareness programs needed.
539,2024,18,Female,United States,No,Yes,Yes,Often,100-500,Yes,Yes,Yes,Don't know,No,Yes,No,Somewhat difficult,Maybe,No,No,Yes,Maybe,Maybe,Yes,No,
540,2020,40,Female,Other,Yes,No,No,Sometimes,More than 1000,No,Yes,Yes,No,No,Yes,Don't know,Don't know,No,No,No,Yes,No,Yes,Yes,No,Management needs training on mental health.
541,2024,43,Male,United States,No,No,Yes,Rarely,500-1000,No,Yes,No,Yes,Yes,Don't know,Don't know,Don't know,Yes,No,No,Yes,No,No,Yes,Yes,
542,2023,41,Male,Sweden,No,No,Yes,Often,6-25,Yes,Yes,Don't know,Yes,Yes,No,No,Very difficult,No,No,No,No,No,No,Don't know,No,
543,2024,23,Male,Other,No,No,Yes,Sometimes,100-500,No,Yes,Don't know,Don't know,Don't know,Don't know,Don't know,Somewhat difficult,No,No,No,Yes,No,No,No,No,We have EAP but nobody talks about it.
544,2024,42,Male,Other,No,No,Yes,Sometimes,26-100,No,Yes,No,Don't know,No,No,Don't know,Somewhat difficult,Yes,No,No,Yes,Yes,No,No,No,Anonymous reporting would increase participation.
545,2021,31,Female,Germany,No,Yes,Yes,Sometimes,26-100,No,Yes,Yes,No,Yes,No,Yes,Don't know,No,No,Yes,Yes,Yes,Maybe,Yes,No,
546,2023,34,Male,United States,No,No,Yes,Sometimes,500-1000,No,No,Yes,Yes,No,Yes,Yes,Don't know,No,No,No,No,Maybe,No,Don't know,No,Burnout is rampant in my team.
547,2024,33,Male,United States,No,Yes,No,Never,More than 1000,Yes,Yes,Yes,Don't know,No,Don't know,Yes,Don't know,No,No,Yes,No,No,Yes,No,No,
548,2023,41,Female,Australia,No,No,No,Rarely,More than 1000,No,Yes,Don't know,Yes,Yes,Yes,Yes,Don't know,No,No,No,Yes,Maybe,No,Don't know,No,
549,2019,36,Male,Other,No,No,Yes,Sometimes,More than 1000,No,Yes,No,No,Don't know,Yes,Yes,Very difficult,Maybe,Maybe,Some of them,Yes,Maybe,No,Don't know,No,HR resources are available but rarely used.
550,2022,33,Male,United Kingdom,No,No,No,Never,1-5,Yes,Yes,Don't know,Don't know,Yes,Don't know,Don't know,Don't know,No,Maybe,No,No,No,Yes,No,No,
551,2020,28,Female,United States,Yes,Yes,Yes,Rarely,100-500,Yes,No,Don't know,Don't know,Don't know,No,Don't know,Somewhat easy,No,No,No,Some of them,Maybe,Yes,Yes,No,HR resources are available but rarely used.
552,2021,36,Female,United States,No,No,No,Often,More than 1000,Yes,Yes,No,Don't know,No,Yes,No,Don't know,Maybe,No,No,No,Maybe,No,Don't know,No,Anonymous reporting would increase participation.
553,2023,29,Male,United States,Yes,No,Yes,Often,6-25,No,Yes,Yes,Don't know,Don't know,Don't know,Don't know,Very difficult,Maybe,Maybe,No,No,Maybe,No,No,No,Management needs training on mental health.
554,2022,37,Male,United Kingdom,No,No,Yes,Never,More than 1000,No,Yes,Yes,No,Yes,Yes,Yes,Somewhat difficult,Yes,Maybe,Yes,Yes,No,Yes,Don't know,No,
555,2024,28,Male,Canada,No,No,Yes,Often,26-100,Yes,No,Don't know,No,No,No,Yes,Somewhat difficult,Yes,No,Yes,Some of them,No,Maybe,Don't know,No,
556,2024,18,Female,United Kingdom,No,No,No,Rarely,6-25,No,Yes,No,Yes,Don't know,Yes,No,Don't know,No,No,Yes,No,No,Maybe,Don't know,No,
557,2024,36,Male,United States,No,No,Yes,Rarely,100-500,Yes,Yes,Don't know,No,Yes,Yes,No,Somewhat easy,No,No,Some of them,No,No,No,Yes,No,
558,2023,21,Male,United Kingdom,No,No,No,Never,6-25,Yes,Yes,Don't know,No,No,No,No,Somewhat difficult,Maybe,No,Yes,No,No,No,Don't know,No,Burnout is rampant in my team.
559,2020,23,Male,Germany,No,Yes,No,Sometimes,1-5,Yes,Yes,No,Don't know,No,Don't know,Don't know,Don't know,No,No,No,No,No,No,Yes,No,Leadership support makes all the difference.
560,2020,39,Male,United States,No,No,No,Sometimes,500-1000,No,Yes,Yes,Don't know,No,Don't know,Don't know,Somewhat difficult,Yes,No,Yes,No,No,Maybe,Yes,No,Management needs training on mental health.
561,2024,22,Male,United States,No,Yes,Yes,Sometimes,500-1000,No,No,Yes,Yes,Don't know,Yes,Don't know,Very difficult,Yes,No,No,Some of them,No,No,Don't know,No,
562,2019,18,Female,India,Yes,No,No,Rarely,More than 1000,Yes,Yes,No,Yes,Yes,Yes,Yes,Very difficult,Yes,No,No,Yes,Maybe,Maybe,No,No,Management needs training on mental health.
563,2020,30,Male,United States,No,Yes,Yes,Often,100-500,No,No,Don't know,No,Yes,Don't know,No,Somewhat difficult,No,No,Some of them,No,Maybe,Maybe,Yes,Yes,Glad to see more companies taking this seriously.
564,2022,18,Female,United States,No,Yes,No,Sometimes,26-100,Yes,No,No,Don't know,Yes,Don't know,Don't know,Very difficult,No,No,No,Yes,Maybe,Yes,Don't know,Yes,Glad to see more companies taking this seriously.
565,2022,40,Male,United States,No,No,Yes,Rarely,More than 1000,Yes,Yes,Yes,Yes,No,Yes,Don't know,Somewhat easy,Yes,No,No,No,No,Yes,Yes,Yes,Anonymous reporting would increase participation.
566,2024,44,Female,United States,Yes,Yes,No,Never,More than 1000,No,Yes,Yes,No,Yes,Yes,Yes,Somewhat easy,No,No,No,Some of them,No,No,No,No,
567,2022,20,Female,United States,No,No,No,Sometimes,More than 1000,No,No,Yes,Yes,No,No,Yes,Somewhat difficult,No,No,Yes,No,No,Maybe,No,No,Leadership support makes all the difference.
568,2022,34,Female,France,No,Yes,Yes,Sometimes,6-25,No,Yes,Don't know,No,No,Don't know,Yes,Very easy,Yes,No,No,Yes,No,No,Don't know,No,
569,2019,24,Male,Other,No,Yes,No,Never,More than 1000,No,Yes,Don't know,Yes,No,No,Don't know,Somewhat easy,No,No,No,Some of them,No,Yes,No,No,Burnout is rampant in my team.
570,2023,35,Male,United States,Yes,No,Yes,Often,26-100,Yes,No,No,Don't know,No,Don't know,Don't know,Don't know,No,No,No,Some of them,No,No,Yes,No,
571,2019,39,Female,United States,No,Yes,Yes,Sometimes,More than 1000,No,Yes,Yes,Don't know,Yes,Don't know,Don't know,Somewhat easy,No,No,Yes,No,No,Yes,Don't know,No,
572,2023,40,Female,France,No,No,Yes,Sometimes,100-500,Yes,Yes,No,Don't know,Yes,Don't know,Don't know,Don't know,Maybe,No,Some of them,No,Yes,Maybe,No,Yes,Stigma is still a major issue in my workplace.
573,2022,40,Male,United Kingdom,No,No,No,Never,26-100,No,Yes,Yes,No,Don't know,Don't know,Don't know,Don't know,No,Maybe,Some of them,No,No,Maybe,Don't know,No,
574,2021,29,Male,Netherlands,Yes,No,Yes,Sometimes,26-100,No,Yes,Yes,Yes,Yes,No,Don't know,Very difficult,No,No,Some of them,Yes,Maybe,Maybe,Yes,No,Better awareness programs needed.
575,2024,30,Male,India,No,No,Yes,Sometimes,26-100,Yes,Yes,Don't know,No,Yes,No,No,Don't know,No,No,Some of them,Some of them,No,No,No,No,
576,2023,18,Female,United States,No,No,No,Rarely,100-500,Yes,Yes,No,Don't know,Don't know,Yes,Yes,Don't know,No,No,Some of them,No,Maybe,No,Don't know,No,More anonymous support options would help.
577,2023,31,Female,United States,No,No,Yes,Sometimes,26-100,No,Yes,No,No,No,Yes,No,Don't know,Maybe,Maybe,No,No,No,Maybe,Yes,No,Burnout is rampant in my team.
578,2021,28,Male,Canada,No,Yes,Yes,Often,More than 1000,Yes,Yes,Yes,Yes,Don't know,Don't know,Yes,Somewhat easy,No,No,Yes,Yes,Maybe,No,Don't know,Yes,
579,2023,27,Male,Other,No,No,Yes,Sometimes,More than 1000,No,Yes,Don't know,Yes,No,Yes,Yes,Somewhat difficult,No,Maybe,Yes,No,No,No,Yes,No,HR resources are available but rarely used.
580,2024,46,Male,Australia,Yes,Yes,Yes,Sometimes,1-5,Yes,Yes,Yes,No,Yes,Don't know,Don't know,Very difficult,No,Maybe,No,No,Maybe,No,Yes,Yes,Leadership support makes all the difference.
581,2023,44,Female,Other,No,Yes,No,Often,6-25,Yes,Yes,No,No,No,No,Yes,Somewhat easy,No,No,Yes,Some of them,No,No,Don't know,No,
582,2020,36,Female,United States,No,No,No,Sometimes,More than 1000,No,Yes,Don't know,Don't know,Yes,Yes,Yes,Somewhat easy,Maybe,No,Yes,Some of them,No,No,Don't know,No,More anonymous support options would help.
583,2022,41,Male,United States,No,Yes,No,Often,26-100,No,No,No,Don't know,Don't know,No,No,Somewhat difficult,No,No,No,Yes,No,No,Don't know,No,
584,2022,25,Male,United States,No,No,Yes,Often,6-25,No,No,No,Yes,Don't know,No,No,Somewhat easy,Maybe,No,No,Some of them,Maybe,No,Don't know,No,
585,2019,22,Female,United States,No,No,Yes,Sometimes,100-500,Yes,No,Yes,Don't know,Don't know,No,Yes,Very difficult,No,No,Yes,No,No,Yes,Yes,No,HR resources are available but rarely used.
586,2021,22,Female,Canada,No,No,Yes,Often,26-100,No,Yes,Yes,Don't know,Yes,Don't know,Yes,Very difficult,No,No,No,No,No,No,Don't know,No,We have EAP but nobody talks about it.
587,2019,33,Male,United States,No,Yes,Yes,Rarely,26-100,Yes,Yes,Yes,No,Yes,Yes,Yes,Very difficult,Yes,No,Yes,Yes,No,No,Don't know,No,HR resources are available but rarely used.
588,2024,23,Female,Australia,No,No,Yes,Sometimes,26-100,Yes,Yes,Don't know,No,No,No,Yes,Very difficult,No,No,Yes,Some of them,Yes,Maybe,Yes,No,Remote work has been a double-edged sword.
589,2024,18,Male,Netherlands,No,No,No,Never,More than 1000,No,Yes,Yes,Yes,Yes,Yes,Don't know,Somewhat easy,Maybe,Maybe,Yes,Yes,Maybe,No,Yes,No,Better awareness programs needed.
590,2021,35,Female,Canada,No,Yes,No,Never,6-25,Yes,No,Don't know,Don't know,No,Don't know,No,Somewhat difficult,No,No,Some of them,No,Maybe,No,Don't know,No,
591,2024,36,Female,United States,Yes,No,Yes,Sometimes,500-1000,Yes,Yes,Yes,Yes,Yes,Yes,Don't know,Don't know,No,No,No,Yes,Maybe,Maybe,No,No,
592,2019,28,Female,United States,No,No,Yes,Sometimes,500-1000,Yes,Yes,Yes,Don't know,No,Yes,No,Somewhat easy,No,Maybe,No,Some of them,No,Yes,No,No,We have EAP but nobody talks about it.
593,2022,24,Male,United States,No,No,Yes,Never,26-100,No,No,No,Don't know,No,Don't know,No,Somewhat difficult,No,Maybe,No,Some of them,No,Yes,Don't know,No,We have EAP but nobody talks about it.
594,2019,28,Male,United Kingdom,No,No,No,Rarely,More than 1000,Yes,Yes,Yes,Don't know,No,Yes,Don't know,Somewhat difficult,Maybe,No,No,Yes,No,No,Don't know,No,Remote work has been a double-edged sword.
595,2024,28,Male,United States,No,No,No,Rarely,1-5,No,Yes,No,Don't know,Yes,No,No,Very difficult,Maybe,No,Yes,No,No,No,Yes,No,
596,2020,31,Male,Germany,Yes,No,No,Sometimes,1-5,No,Yes,Yes,Don't know,No,Don't know,Yes,Don't know,Maybe,No,Some of them,No,No,No,No,No,
597,2020,41,Male,United States,No,No,Yes,Sometimes,More than 1000,Yes,Yes,Yes,Yes,Don't know,No,No,Very easy,No,No,Some of them,Yes,Maybe,No,Yes,No,HR resources are available but rarely used.
598,2022,25,Female,Sweden,Yes,Yes,Yes,Rarely,26-100,No,No,No,Yes,No,Don't know,No,Somewhat difficult,No,No,Yes,No,Maybe,No,Yes,No,Remote work has been a double-edged sword.
599,2020,26,Male,United States,No,No,No,Sometimes,100-500,No,No,No,Don't know,Yes,Don't know,Yes,Somewhat easy,Maybe,Maybe,No,No,Maybe,Maybe,Yes,No,More anonymous support options would help.
600,2024,32,Male,United Kingdom,No,Yes,No,Rarely,100-500,No,Yes,Don't know,No,Don't know,Yes,Don't know,Somewhat difficult,No,No,No,Some of them,Maybe,Yes,Don't know,Yes,Anonymous reporting would increase participation.
601,2022,40,Female,United States,No,No,No,Never,1-5,No,Yes,No,Yes,Don't know,No,No,Very easy,No,No,Yes,No,Maybe,No,Don't know,No,
602,2019,27,Female,United States,Yes,Yes,Yes,Often,100-500,No,Yes,No,Yes,Yes,Don't know,Don't know,Don't know,Maybe,No,Yes,Some of them,Maybe,No,Yes,Yes,
603,2020,26,Male,Germany,No,Yes,Yes,Often,26-100,Yes,No,Yes,Yes,No,Don't know,No,Somewhat easy,Maybe,Yes,Some of them,No,Yes,Maybe,Yes,No,Stigma is still a major issue in my workplace.
604,2022,39,Male,United States,No,No,Yes,Never,6-25,No,Yes,Yes,Don't know,No,No,No,Very difficult,Maybe,No,Some of them,Yes,No,No,No,No,
605,2022,27,Other / Prefer not to say,United States,No,No,Yes,Often,26-100,Yes,Yes,Yes,No,No,Yes,Don't know,Somewhat easy,No,Yes,Yes,Some of them,No,Maybe,Don't know,No,Burnout is rampant in my team.
606,2021,40,Female,United States,No,No,No,Often,100-500,No,Yes,No,Don't know,Yes,No,Don't know,Don't know,Yes,No,Yes,Yes,Maybe,Yes,Yes,No,Leadership support makes all the difference.
607,2021,25,Male,Canada,No,Yes,Yes,Rarely,100-500,No,Yes,Yes,Don't know,Yes,Yes,Don't know,Somewhat easy,No,No,No,Some of them,Maybe,No,Yes,No,
608,2022,26,Female,Other,No,Yes,Yes,Never,6-25,No,Yes,No,Yes,No,Yes,Don't know,Very difficult,Maybe,No,No,Some of them,No,No,No,No,Glad to see more companies taking this seriously.
609,2020,21,Male,United States,No,No,No,Never,6-25,No,Yes,Don't know,No,No,No,No,Somewhat easy,Maybe,No,Yes,No,No,No,No,No,Remote work has been a double-edged sword.
610,2022,36,Female,Netherlands,No,No,Yes,Sometimes,500-1000,No,Yes,Yes,Yes,Yes,Yes,Don't know,Somewhat difficult,Yes,Yes,Yes,Yes,No,No,Don't know,No,Leadership support makes all the difference.
611,2023,41,Male,United States,No,No,No,Sometimes,More than 1000,No,Yes,Yes,No,Yes,No,Yes,Don't know,No,No,Yes,Yes,Yes,Yes,Yes,Yes,
612,2020,30,Other / Prefer not to say,United States,No,Yes,Yes,Sometimes,6-25,Yes,Yes,No,Don't know,No,No,No,Somewhat difficult,Maybe,No,Some of them,Some of them,No,No,Don't know,Yes,
613,2024,28,Other / Prefer not to say,United States,Yes,Yes,No,Sometimes,6-25,Yes,Yes,No,Yes,No,Yes,No,Somewhat easy,Maybe,Maybe,Yes,No,Yes,Yes,Yes,No,
614,2024,19,Male,Other,No,No,Yes,Rarely,26-100,No,No,No,No,No,Don't know,No,Very difficult,No,No,Some of them,Some of them,No,No,Don't know,No,Better awareness programs needed.
615,2020,34,Male,United States,No,No,No,Often,100-500,Yes,Yes,Yes,No,No,Yes,Yes,Very easy,No,Maybe,No,Some of them,Yes,Maybe,Don't know,No,
616,2021,35,Male,Other,No,No,No,Sometimes,More than 1000,Yes,Yes,No,No,Yes,No,Yes,Somewhat difficult,Maybe,Maybe,Yes,Some of them,Maybe,Maybe,Yes,No,
617,2019,18,Female,United States,No,Yes,Yes,Sometimes,More than 1000,Yes,Yes,Don't know,Don't know,Yes,No,Don't know,Don't know,Yes,No,Yes,No,No,No,Yes,No,Remote work has been a double-edged sword.
618,2022,21,Female,United States,No,No,No,Never,6-25,Yes,Yes,No,No,No,Yes,Don't know,Don't know,Yes,Yes,Some of them,No,No,Maybe,Don't know,No,More anonymous support options would help.
619,2023,19,Male,United Kingdom,No,No,Yes,Often,More than 1000,Yes,Yes,Don't know,Don't know,Don't know,Yes,Don't know,Somewhat difficult,Yes,Yes,Some of them,Yes,Maybe,Yes,Yes,No,Stigma is still a major issue in my workplace.
620,2022,33,Female,United States,No,Yes,Yes,Sometimes,1-5,Yes,Yes,Yes,No,No,Don't know,No,Very easy,No,Yes,Yes,Yes,Maybe,Maybe,Don't know,No,
621,2021,37,Male,United States,No,No,No,Sometimes,100-500,No,Yes,Don't know,No,Don't know,Don't know,Don't know,Somewhat easy,Yes,No,No,Some of them,No,No,Don't know,No,
622,2019,34,Male,United States,No,Yes,Yes,Sometimes,6-25,Yes,No,Don't know,No,Don't know,No,No,Somewhat easy,Yes,No,Yes,No,No,No,Yes,No,We have EAP but nobody talks about it.
623,2023,33,Male,Other,No,No,Yes,Sometimes,100-500,No,Yes,Yes,Yes,No,No,Don't know,Don't know,Maybe,No,Some of them,Some of them,No,Maybe,Don't know,No,
624,2020,28,Male,Canada,Yes,No,No,Sometimes,6-25,No,Yes,Yes,No,No,Don't know,Don't know,Don't know,Yes,No,No,No,No,No,Yes,No,Stigma is still a major issue in my workplace.
625,2023,18,Female,United Kingdom,No,No,No,Sometimes,100-500,Yes,Yes,Yes,No,Yes,Don't know,No,Somewhat difficult,Yes,No,Some of them,Some of them,No,No,Yes,No,Anonymous reporting would increase participation.
626,2023,32,Female,Australia,No,No,No,Rarely,500-1000,Yes,No,Yes,Yes,No,Don't know,Don't know,Don't know,No,Maybe,No,No,Maybe,Maybe,Yes,No,Burnout is rampant in my team.
627,2022,29,Male,United States,No,No,No,Sometimes,6-25,Yes,Yes,No,Yes,Don't know,No,Don't know,Very easy,Yes,Yes,Yes,No,No,No,No,No,
628,2021,34,Male,United States,No,No,No,Sometimes,100-500,Yes,Yes,Yes,Yes,Don't know,Don't know,Don't know,Don't know,No,Maybe,Some of them,Yes,Maybe,Maybe,Yes,No,
629,2022,22,Male,United States,Yes,No,Yes,Often,More than 1000,No,Yes,Yes,Yes,Don't know,Don't know,Don't know,Somewhat easy,No,No,Some of them,No,Maybe,No,Don't know,No,Remote work has been a double-edged sword.
630,2023,37,Female,United Kingdom,No,No,No,Never,26-100,Yes,Yes,Yes,Yes,No,Don't know,Don't know,Very easy,Maybe,No,Some of them,No,No,No,Don't know,No,HR resources are available but rarely used.
631,2019,26,Male,United States,No,No,Yes,Sometimes,6-25,Yes,Yes,No,No,No,Yes,Yes,Somewhat easy,Yes,No,No,No,No,No,No,No,
632,2024,18,Male,Australia,No,No,Yes,Sometimes,26-100,No,Yes,Don't know,Yes,Don't know,No,Don't know,Very easy,No,No,Yes,Yes,Maybe,No,No,Yes,Remote work has been a double-edged sword.
633,2019,31,Female,Netherlands,No,No,Yes,Sometimes,100-500,No,Yes,Yes,Don't know,No,Yes,Yes,Somewhat difficult,Yes,No,No,Yes,Maybe,Yes,Don't know,No,Remote work has been a double-edged sword.
634,2019,49,Female,United States,No,Yes,Yes,Sometimes,26-100,No,Yes,Yes,No,No,Don't know,Don't know,Don't know,No,No,No,Yes,No,Yes,Yes,No,
635,2020,18,Female,United Kingdom,Yes,No,No,Never,100-500,No,Yes,Yes,No,Don't know,Yes,Yes,Don't know,Maybe,No,Some of them,No,Maybe,Yes,Yes,No,Better awareness programs needed.
636,2024,28,Male,Other,No,Yes,No,Never,1-5,Yes,Yes,Yes,No,Don't know,No,Don't know,Somewhat difficult,No,No,No,Yes,No,No,Don't know,No,Leadership support makes all the difference.
637,2024,31,Female,United States,No,No,No,Rarely,1-5,No,Yes,No,No,Yes,Don't know,Yes,Very difficult,Maybe,No,No,No,No,No,No,No,
638,2022,27,Male,Other,No,No,Yes,Sometimes,26-100,Yes,Yes,Don't know,Don't know,No,Yes,Yes,Don't know,No,Maybe,No,Yes,Maybe,No,No,No,
639,2019,18,Non-binary,United States,No,No,Yes,Sometimes,More than 1000,No,No,Yes,No,Don't know,Yes,Don't know,Don't know,No,No,No,No,No,No,Yes,No,
640,2019,38,Male,Other,No,No,No,Often,6-25,No,Yes,No,No,Don't know,Don't know,Yes,Very difficult,Yes,No,Some of them,Some of them,Maybe,No,Yes,Yes,We have EAP but nobody talks about it.
641,2020,33,Female,United Kingdom,No,Yes,No,Never,26-100,No,No,No,No,Don't know,Yes,Don't know,Very easy,Yes,No,Some of them,Yes,No,No,Yes,No,
642,2024,22,Male,Australia,No,Yes,No,Rarely,500-1000,No,No,Yes,No,Yes,No,Yes,Somewhat difficult,No,No,Some of them,Yes,No,No,Yes,No,Management needs training on mental health.
643,2024,31,Male,Australia,No,No,Yes,Often,26-100,Yes,Yes,No,No,No,No,No,Somewhat difficult,No,Maybe,Yes,No,Maybe,No,Don't know,Yes,
644,2024,44,Female,United States,No,No,Yes,Rarely,100-500,No,Yes,Yes,Don't know,No,Yes,Yes,Very difficult,Yes,Yes,Yes,Some of them,Maybe,No,Don't know,Yes,
645,2020,41,Male,Other,No,Yes,No,Rarely,More than 1000,Yes,Yes,Yes,Yes,Yes,No,Don't know,Don't know,No,No,No,Some of them,Yes,Maybe,No,No,
646,2021,32,Male,Other,No,Yes,Yes,Sometimes,6-25,Yes,Yes,Yes,Don't know,No,Don't know,No,Somewhat easy,Yes,No,Some of them,No,No,Maybe,Don't know,No,Stigma is still a major issue in my workplace.
647,2019,26,Male,India,No,No,Yes,Sometimes,26-100,No,No,No,Yes,Don't know,Don't know,Don't know,Somewhat easy,Yes,No,Yes,No,No,Maybe,Don't know,Yes,Remote work has been a double-edged sword.
648,2021,25,Female,United States,Yes,No,Yes,Sometimes,6-25,No,No,No,No,Yes,Don't know,Don't know,Somewhat easy,Yes,No,Yes,No,Yes,No,Don't know,No,
649,2024,42,Male,United States,No,No,Yes,Often,500-1000,No,Yes,Yes,Yes,No,Yes,Don't know,Don't know,Maybe,No,Some of them,No,Maybe,Yes,No,No,
650,2023,31,Male,United States,No,No,No,Often,26-100,No,Yes,No,Yes,Don't know,No,No,Very easy,No,Yes,Yes,No,No,Yes,Don't know,No,Management needs training on mental health.
651,2019,44,Male,United States,No,Yes,No,Sometimes,26-100,No,Yes,Yes,Yes,No,Don't know,No,Somewhat easy,Yes,No,No,No,Maybe,No,Yes,Yes,More anonymous support options would help.
652,2021,37,Female,Germany,No,Yes,No,Rarely,100-500,No,Yes,No,Don't know,No,Don't know,Yes,Don't know,Maybe,No,Some of them,No,Yes,No,Yes,Yes,HR resources are available but rarely used.
653,2024,31,Male,India,No,Yes,Yes,Sometimes,1-5,Yes,No,No,No,Yes,Don't know,Don't know,Somewhat difficult,Maybe,No,Yes,Yes,Maybe,Maybe,Don't know,Yes,
654,2024,22,Male,Canada,No,No,No,Rarely,1-5,Yes,No,Yes,No,No,No,No,Somewhat easy,No,No,No,Some of them,No,No,Don't know,No,More anonymous support options would help.
655,2024,33,Male,Brazil,Yes,No,No,Rarely,6-25,No,Yes,Yes,Yes,No,Don't know,Don't know,Very difficult,Yes,No,Yes,No,Maybe,No,Don't know,Yes,
656,2022,27,Male,United States,No,No,Yes,Sometimes,500-1000,Yes,No,Yes,Don't know,Don't know,Yes,Don't know,Don't know,No,No,Some of them,No,No,Yes,Yes,No,Stigma is still a major issue in my workplace.
657,2023,25,Male,Other,No,No,Yes,Sometimes,26-100,No,Yes,Yes,Don't know,Yes,No,Don't know,Somewhat easy,No,No,No,No,No,Maybe,Don't know,Yes,
658,2021,23,Male,United States,No,No,Yes,Never,100-500,No,Yes,Yes,Yes,No,Yes,Don't know,Somewhat difficult,Yes,No,Some of them,No,No,No,Don't know,Yes,Stigma is still a major issue in my workplace.
659,2023,45,Female,United States,No,No,No,Sometimes,100-500,No,No,Don't know,Don't know,No,Yes,Don't know,Very difficult,Yes,No,Yes,No,Maybe,Yes,Don't know,Yes,Burnout is rampant in my team.
660,2020,18,Male,Ireland,No,Yes,Yes,Sometimes,6-25,Yes,Yes,Yes,No,No,Yes,Yes,Very easy,Maybe,No,Yes,No,No,Maybe,Don't know,No,Remote work has been a double-edged sword.
661,2023,32,Female,Other,No,No,No,Never,6-25,Yes,Yes,No,No,Yes,No,No,Somewhat easy,No,Maybe,Some of them,No,No,No,Yes,No,
662,2024,39,Male,United States,No,No,Yes,Often,6-25,Yes,Yes,No,Yes,Yes,Yes,Yes,Don't know,Maybe,No,Some of them,Yes,No,Yes,No,No,Anonymous reporting would increase participation.
663,2022,47,Female,Canada,No,No,Yes,Often,26-100,Yes,Yes,No,Don't know,No,Yes,No,Don't know,No,No,Some of them,Some of them,No,No,Don't know,Yes,
664,2020,36,Male,United States,No,Yes,Yes,Often,1-5,Yes,Yes,Don't know,No,No,No,Yes,Somewhat difficult,Maybe,No,Some of them,Some of them,No,No,No,No,Remote work has been a double-edged sword.
665,2022,25,Female,United States,No,No,No,Never,100-500,Yes,Yes,No,Yes,No,Yes,Yes,Very easy,Yes,No,Some of them,No,No,Yes,No,No,
666,2020,35,Non-binary,Canada,Yes,No,No,Never,500-1000,No,No,Yes,Yes,Yes,Yes,Yes,Somewhat easy,No,No,No,Some of them,No,Yes,Yes,No,
667,2024,28,Male,Canada,No,No,No,Never,More than 1000,No,No,Don't know,Yes,No,Yes,Yes,Somewhat difficult,No,No,Yes,Some of them,No,No,Yes,Yes,Anonymous reporting would increase participation.
668,2021,20,Male,Other,No,Yes,Yes,Sometimes,100-500,Yes,No,No,Yes,Yes,No,Don't know,Somewhat difficult,Maybe,No,Yes,Some of them,No,No,Don't know,No,
669,2022,31,Female,United States,Yes,Yes,Yes,Sometimes,6-25,Yes,Yes,Yes,No,No,Don't know,Don't know,Don't know,No,No,Some of them,No,No,No,Don't know,No,
670,2024,40,Female,United States,No,No,No,Never,1-5,No,Yes,Don't know,Don't know,No,No,Don't know,Somewhat difficult,Maybe,No,Some of them,Some of them,No,Maybe,No,No,HR resources are available but rarely used.
671,2021,38,Male,Canada,No,Yes,Yes,Rarely,26-100,Yes,Yes,Don't know,No,No,No,No,Don't know,Maybe,No,Some of them,No,No,No,Don't know,Yes,Anonymous reporting would increase participation.
672,2022,30,Male,United States,No,No,Yes,Rarely,26-100,No,Yes,No,Yes,Don't know,No,No,Don't know,Yes,Maybe,Yes,No,Maybe,No,Yes,No,HR resources are available but rarely used.
673,2022,27,Other / Prefer not to say,Netherlands,No,No,Yes,Often,1-5,Yes,Yes,Yes,Don't know,No,Yes,No,Don't know,Maybe,No,Yes,No,Maybe,Maybe,Yes,No,Better awareness programs needed.
674,2024,36,Male,Netherlands,No,No,No,Never,6-25,Yes,Yes,Don't know,Yes,No,Yes,Don't know,Somewhat easy,Maybe,Maybe,Yes,No,Yes,Maybe,No,No,
675,2019,31,Male,United States,No,No,Yes,Often,26-100,Yes,Yes,Yes,Don't know,Yes,Don't know,No,Very easy,No,Maybe,Some of them,Yes,No,No,Don't know,No,
676,2023,32,Non-binary,United States,No,No,No,Rarely,More than 1000,No,Yes,Yes,Yes,Don't know,No,Don't know,Very difficult,No,No,Yes,Yes,No,Yes,Yes,No,Leadership support makes all the difference.
677,2021,33,Male,United States,No,Yes,Yes,Sometimes,100-500,Yes,Yes,Don't know,Yes,No,Don't know,Don't know,Don't know,No,No,No,Some of them,No,Maybe,No,No,
678,2024,45,Male,Canada,No,No,No,Rarely,26-100,No,Yes,Yes,Don't know,No,Don't know,No,Somewhat easy,Maybe,No,No,No,No,Maybe,Don't know,Yes,Glad to see more companies taking this seriously.
679,2022,35,Male,France,No,Yes,No,Rarely,500-1000,No,Yes,No,Don't know,Don't know,Yes,Yes,Don't know,Maybe,No,Yes,No,Maybe,No,No,No,Anonymous reporting would increase participation.
680,2020,30,Male,United States,No,Yes,No,Never,More than 1000,Yes,No,Don't know,Yes,Yes,Yes,No,Somewhat easy,No,No,Some of them,No,No,No,Don't know,No,Glad to see more companies taking this seriously.
681,2024,22,Male,United States,No,No,No,Rarely,100-500,No,No,Yes,Yes,No,Don't know,Yes,Don't know,Yes,Yes,No,Yes,Yes,Yes,No,No,Anonymous reporting would increase participation.
682,2023,30,Female,United States,No,No,No,Never,100-500,Yes,Yes,Yes,No,Don't know,Don't know,Yes,Somewhat difficult,Yes,Maybe,Yes,No,No,Yes,Don't know,No,Leadership support makes all the difference.
683,2024,23,Female,Canada,No,No,Yes,Never,1-5,Yes,No,No,No,Yes,Yes,Yes,Very difficult,Yes,No,No,No,No,No,Yes,No,Open conversations help reduce stigma.
684,2021,36,Male,United States,No,No,Yes,Sometimes,100-500,Yes,No,Yes,Yes,Don't know,Yes,Don't know,Somewhat difficult,No,No,No,Yes,Yes,Yes,Yes,Yes,Glad to see more companies taking this seriously.
685,2022,24,Male,Sweden,Yes,No,Yes,Sometimes,100-500,Yes,Yes,Don't know,Don't know,No,Yes,Yes,Very easy,No,No,Some of them,No,Maybe,No,Don't know,No,
686,2020,28,Female,Sweden,No,No,Yes,Rarely,6-25,Yes,Yes,Don't know,Yes,No,No,Don't know,Somewhat difficult,No,No,Some of them,Some of them,Maybe,No,Yes,No,Burnout is rampant in my team.
687,2022,39,Male,Netherlands,No,Yes,No,Never,100-500,Yes,No,Don't know,Yes,No,Don't know,Don't know,Somewhat easy,Yes,No,No,No,No,No,Yes,Yes,HR resources are available but rarely used.
688,2023,27,Female,United Kingdom,No,No,Yes,Sometimes,26-100,No,Yes,No,No,No,Yes,No,Very easy,Yes,No,No,No,Maybe,No,Don't know,No,Stigma is still a major issue in my workplace.
689,2019,28,Non-binary,Netherlands,No,No,No,Never,6-25,Yes,Yes,No,Don't know,No,No,Don't know,Don't know,Maybe,No,Yes,No,No,No,Don't know,No,
690,2024,31,Male,United States,No,Yes,No,Never,100-500,Yes,No,Yes,No,Yes,Yes,Yes,Very difficult,Maybe,No,Yes,No,No,No,Don't know,No,Anonymous reporting would increase participation.
691,2023,18,Male,Canada,No,No,No,Rarely,6-25,Yes,Yes,No,No,Yes,Yes,No,Somewhat difficult,No,No,No,No,No,No,Yes,Yes,Open conversations help reduce stigma.
692,2022,31,Male,United States,No,No,No,Often,6-25,Yes,Yes,No,No,Don't know,No,Don't know,Somewhat difficult,No,No,No,Some of them,Yes,No,Don't know,No,We have EAP but nobody talks about it.
693,2022,27,Male,United States,No,No,Yes,Sometimes,More than 1000,No,Yes,Yes,Don't know,No,Yes,Don't know,Very easy,Maybe,Maybe,Yes,Yes,No,No,No,No,Burnout is rampant in my team.
694,2021,19,Male,Canada,Yes,Yes,Yes,Often,500-1000,No,Yes,Yes,Don't know,Yes,Yes,No,Don't know,No,Maybe,Some of them,No,Maybe,Yes,Yes,Yes,
695,2023,37,Male,United States,Yes,No,No,Never,100-500,No,Yes,Yes,Yes,Yes,Yes,Don't know,Very easy,Yes,No,No,Yes,Yes,Maybe,Don't know,Yes,Management needs training on mental health.
696,2021,18,Male,United Kingdom,No,No,Yes,Sometimes,100-500,Yes,No,Don't know,Yes,Don't know,Yes,Yes,Very easy,Yes,Maybe,No,Yes,Maybe,Maybe,Don't know,Yes,Glad to see more companies taking this seriously.
697,2024,36,Female,United States,No,No,Yes,Often,26-100,Yes,No,Don't know,No,No,Yes,Don't know,Somewhat easy,No,No,Some of them,No,Maybe,Maybe,No,No,
698,2021,33,Non-binary,Australia,Yes,No,Yes,Often,6-25,Yes,No,Don't know,No,No,Don't know,Yes,Somewhat difficult,No,Maybe,Yes,No,Maybe,Yes,Yes,Yes,Stigma is still a major issue in my workplace.
699,2024,26,Other / Prefer not to say,United States,No,No,No,Sometimes,100-500,No,Yes,No,No,Don't know,Yes,Yes,Somewhat easy,No,No,No,No,Yes,Yes,Don't know,Yes,Better awareness programs needed.
700,2022,21,Female,France,No,No,No,Never,100-500,Yes,Yes,Yes,Don't know,Don't know,No,Don't know,Somewhat easy,No,Maybe,Yes,Yes,No,Maybe,No,No,
701,2024,22,Male,United States,No,No,Yes,Sometimes,6-25,No,Yes,Yes,Yes,Don't know,No,Don't know,Somewhat easy,No,No,Some of them,No,Maybe,Yes,No,No,
702,2022,35,Male,Other,No,No,No,Never,26-100,Yes,Yes,Yes,Yes,Don't know,No,Don't know,Somewhat difficult,No,No,Yes,Some of them,No,No,Yes,No,
703,2022,33,Male,United States,No,Yes,Yes,Sometimes,100-500,No,No,Don't know,Yes,Don't know,Yes,Don't know,Don't know,No,Maybe,Yes,No,No,Maybe,Yes,No,Burnout is rampant in my team.
704,2024,33,Male,United States,No,No,No,Sometimes,6-25,No,Yes,No,Yes,No,No,No,Don't know,No,No,No,Some of them,Maybe,Yes,Yes,No,
705,2024,24,Male,United Kingdom,No,No,No,Rarely,More than 1000,Yes,Yes,No,Yes,Yes,Yes,Don't know,Somewhat easy,Yes,Maybe,Yes,Yes,No,No,No,No,
706,2024,38,Male,France,No,No,No,Rarely,100-500,Yes,Yes,Yes,Yes,Don't know,Yes,Yes,Don't know,No,Yes,Yes,No,No,No,No,No,Better awareness programs needed.
707,2022,29,Male,Brazil,No,Yes,Yes,Often,6-25,Yes,No,No,Yes,Yes,No,No,Somewhat difficult,No,No,No,No,Yes,Maybe,Don't know,No,Anonymous reporting would increase participation.
708,2020,21,Male,United States,No,Yes,Yes,Sometimes,100-500,No,Yes,Don't know,Don't know,Yes,No,Don't know,Don't know,No,No,No,No,No,Maybe,Don't know,No,More anonymous support options would help.
709,2022,46,Male,Germany,No,No,No,Often,26-100,No,Yes,No,No,Yes,Don't know,No,Don't know,No,No,Some of them,No,No,Maybe,Don't know,No,More anonymous support options would help.
710,2020,40,Male,United States,No,Yes,Yes,Rarely,More than 1000,No,Yes,No,Yes,Don't know,Yes,Yes,Very difficult,Maybe,Maybe,No,Some of them,No,No,Don't know,No,HR resources are available but rarely used.
711,2021,33,Male,Ireland,No,No,Yes,Never,More than 1000,Yes,Yes,Yes,Yes,Yes,Don't know,Don't know,Somewhat difficult,No,No,Yes,No,No,Maybe,Don't know,No,Open conversations help reduce stigma.
712,2022,21,Female,United States,No,No,Yes,Rarely,6-25,Yes,Yes,Yes,No,Don't know,No,Yes,Don't know,Maybe,No,Yes,Some of them,Maybe,Maybe,Don't know,No,
713,2020,31,Male,United States,No,No,No,Sometimes,500-1000,Yes,No,Yes,Don't know,Don't know,Yes,Don't know,Somewhat easy,Yes,No,No,Yes,No,Maybe,Don't know,No,We have EAP but nobody talks about it.
714,2023,29,Male,United States,No,No,No,Never,26-100,Yes,Yes,Yes,Yes,No,No,Don't know,Somewhat easy,No,Yes,No,Yes,Maybe,Maybe,No,No,
715,2019,32,Female,Canada,No,Yes,Yes,Often,500-1000,No,Yes,Don't know,Don't know,Don't know,Yes,No,Somewhat difficult,No,Maybe,Yes,No,No,No,Yes,No,
716,2023,19,Female,United States,No,No,No,Rarely,26-100,No,Yes,No,No,Don't know,Don't know,Don't know,Very difficult,No,Maybe,Some of them,Some of them,Yes,Maybe,No,Yes,Management needs training on mental health.
717,2023,22,Male,United States,No,Yes,Yes,Rarely,500-1000,Yes,No,Yes,Yes,Yes,No,Yes,Somewhat easy,No,No,Yes,Yes,No,Maybe,No,No,Burnout is rampant in my team.
718,2023,21,Male,United States,Yes,No,No,Never,1-5,No,Yes,No,No,Yes,No,Don't know,Somewhat easy,No,Maybe,Some of them,No,Maybe,Yes,No,No,Open conversations help reduce stigma.
719,2021,33,Male,United States,Yes,No,No,Rarely,100-500,No,No,Yes,Yes,No,Don't know,Yes,Somewhat easy,Maybe,Yes,Some of them,No,No,No,Yes,Yes,Glad to see more companies taking this seriously.
720,2021,24,Female,Brazil,No,No,No,Rarely,500-1000,No,Yes,Yes,No,Yes,Don't know,Yes,Don't know,Maybe,No,Yes,No,No,No,Don't know,Yes,Open conversations help reduce stigma.
721,2022,27,Female,United Kingdom,No,Yes,No,Often,100-500,No,No,Yes,Yes,No,Don't know,Don't know,Somewhat easy,Maybe,No,No,No,No,Maybe,Yes,No,
722,2021,26,Female,India,No,No,No,Sometimes,100-500,No,Yes,Yes,Don't know,Yes,Don't know,Yes,Somewhat difficult,Yes,No,Some of them,No,Maybe,Maybe,Don't know,No,
723,2024,31,Male,United States,No,Yes,No,Never,1-5,Yes,Yes,Yes,Don't know,No,No,Don't know,Very easy,Maybe,No,Yes,No,Maybe,No,Don't know,No,Open conversations help reduce stigma.
724,2020,21,Male,United States,No,Yes,No,Never,26-100,No,Yes,Don't know,Yes,No,No,Don't know,Very difficult,Maybe,Maybe,Some of them,Some of them,Maybe,Yes,No,No,
725,2023,35,Male,United States,No,No,No,Never,500-1000,Yes,No,No,Don't know,Don't know,Don't know,No,Somewhat easy,No,No,Some of them,Some of them,No,No,Yes,No,Leadership support makes all the difference.
726,2019,31,Male,United States,No,No,No,Sometimes,26-100,No,Yes,No,Don't know,No,Yes,No,Very easy,Yes,Yes,No,Yes,No,Maybe,No,No,Better awareness programs needed.
727,2024,28,Male,United Kingdom,No,No,No,Never,100-500,Yes,Yes,Yes,Don't know,Don't know,Yes,No,Don't know,Maybe,Maybe,Some of them,Yes,Maybe,No,Yes,No,
728,2024,30,Non-binary,United States,No,Yes,Yes,Rarely,500-1000,No,Yes,Yes,Yes,Yes,No,Yes,Don't know,Yes,Yes,Yes,No,Maybe,Maybe,Yes,Yes,
729,2022,35,Male,Australia,No,Yes,No,Never,1-5,No,Yes,Yes,No,Yes,Yes,No,Very easy,Yes,Maybe,Yes,No,No,No,No,No,We have EAP but nobody talks about it.
730,2020,18,Male,Sweden,No,No,No,Sometimes,26-100,No,Yes,Don't know,Don't know,Don't know,No,No,Somewhat difficult,Maybe,Maybe,No,Some of them,No,No,Yes,No,Stigma is still a major issue in my workplace.
731,2021,39,Male,Other,No,No,No,Never,26-100,No,Yes,No,Yes,Don't know,Don't know,No,Somewhat easy,No,No,Yes,Yes,No,Maybe,No,No,
732,2022,43,Female,Other,No,Yes,Yes,Often,100-500,Yes,Yes,Don't know,No,Don't know,No,Don't know,Somewhat easy,No,No,Yes,No,No,Maybe,Yes,No,
733,2024,18,Male,Canada,No,No,No,Never,26-100,Yes,No,Yes,Don't know,Yes,No,No,Don't know,No,No,Some of them,No,No,No,Yes,No,Management needs training on mental health.
734,2019,32,Male,United States,No,No,Yes,Sometimes,500-1000,No,Yes,Yes,Yes,Yes,No,No,Somewhat easy,Maybe,No,No,No,No,No,Yes,No,Anonymous reporting would increase participation.
735,2020,28,Female,United States,No,No,No,Never,500-1000,Yes,Yes,Don't know,Don't know,No,Don't know,Yes,Very easy,Yes,No,Yes,No,No,No,Don't know,No,Management needs training on mental health.
736,2020,38,Female,United States,No,Yes,Yes,Never,100-500,No,Yes,Don't know,Don't know,Don't know,Yes,No,Very easy,No,Yes,No,Some of them,No,No,No,No,Anonymous reporting would increase participation.
737,2022,20,Male,Other,No,No,Yes,Never,100-500,No,Yes,Don't know,Yes,Yes,Yes,Don't know,Somewhat difficult,No,No,Some of them,Some of them,Maybe,Maybe,Don't know,Yes,
738,2022,44,Non-binary,France,No,Yes,Yes,Never,1-5,Yes,Yes,Don't know,No,Don't know,No,Yes,Very easy,Yes,No,No,No,Maybe,No,No,No,
739,2022,22,Male,United Kingdom,No,No,No,Sometimes,More than 1000,No,Yes,Don't know,Don't know,Yes,Yes,Yes,Somewhat difficult,Maybe,Maybe,No,No,No,Yes,Don't know,Yes,Glad to see more companies taking this seriously.
740,2022,35,Male,Other,No,No,No,Sometimes,100-500,Yes,Yes,Don't know,Don't know,Don't know,Yes,Don't know,Somewhat easy,Yes,No,Some of them,No,Maybe,Maybe,Yes,Yes,
741,2024,30,Female,United States,No,No,No,Rarely,6-25,Yes,No,No,Yes,No,Yes,No,Somewhat difficult,No,Maybe,No,No,No,No,Don't know,No,
742,2019,18,Female,Sweden,No,Yes,No,Never,500-1000,Yes,Yes,Yes,Yes,Yes,Don't know,Don't know,Somewhat difficult,Yes,No,No,Yes,No,Yes,Yes,Yes,Glad to see more companies taking this seriously.
743,2022,25,Male,Germany,No,No,Yes,Rarely,6-25,No,Yes,No,No,No,Don't know,Don't know,Somewhat easy,Yes,Maybe,Yes,Yes,Yes,No,No,Yes,Remote work has been a double-edged sword.
744,2024,25,Male,Brazil,No,No,No,Rarely,26-100,Yes,Yes,Yes,Yes,Yes,Yes,No,Somewhat easy,Maybe,No,Some of them,No,No,No,Yes,No,Management needs training on mental health.
745,2020,19,Other / Prefer not to say,Other,No,No,Yes,Sometimes,6-25,Yes,Yes,No,No,No,Yes,No,Very difficult,No,Maybe,Some of them,Some of them,Maybe,No,Don't know,No,Open conversations help reduce stigma.
746,2019,27,Other / Prefer not to say,United Kingdom,No,No,No,Sometimes,More than 1000,Yes,Yes,No,Don't know,No,Don't know,No,Very difficult,Maybe,Maybe,No,Yes,Yes,Maybe,No,Yes,
747,2021,33,Female,United States,No,No,Yes,Sometimes,26-100,Yes,Yes,No,Yes,Don't know,Yes,Don't know,Don't know,No,Maybe,Yes,Some of them,Yes,Yes,No,Yes,More anonymous support options would help.
748,2019,33,Male,Ireland,No,No,No,Never,1-5,Yes,No,No,Don't know,No,No,Don't know,Don't know,Yes,No,No,No,No,Maybe,Yes,No,Burnout is rampant in my team.
749,2024,28,Female,United Kingdom,No,Yes,No,Sometimes,500-1000,Yes,Yes,Yes,No,Yes,Don't know,Don't know,Very easy,Maybe,Maybe,No,No,No,No,Yes,No,
750,2021,23,Male,United States,No,Yes,No,Sometimes,26-100,No,Yes,No,Don't know,No,No,Don't know,Somewhat difficult,Yes,No,Some of them,No,No,Yes,Yes,No,
751,2023,24,Non-binary,Australia,No,No,Yes,Never,More than 1000,No,Yes,Yes,Yes,Don't know,No,Yes,Somewhat difficult,Maybe,Yes,Some of them,No,No,Maybe,Don't know,No,Glad to see more companies taking this seriously.
752,2021,36,Male,United States,No,Yes,Yes,Sometimes,1-5,No,Yes,No,Yes,No,Yes,Don't know,Somewhat easy,No,Maybe,Some of them,Yes,Yes,Maybe,No,No,
753,2023,42,Male,United States,No,Yes,No,Often,1-5,Yes,Yes,No,Yes,No,Don't know,No,Very difficult,No,Maybe,Some of them,Yes,No,No,Yes,No,Glad to see more companies taking this seriously.
754,2022,27,Non-binary,United Kingdom,No,No,No,Rarely,500-1000,No,Yes,Don't know,Don't know,Yes,Yes,Yes,Somewhat easy,No,Maybe,No,No,Maybe,Yes,No,No,Glad to see more companies taking this seriously.
755,2023,34,Female,United States,No,Yes,Yes,Sometimes,26-100,No,Yes,No,Yes,No,No,No,Don't know,No,No,No,Yes,No,Maybe,Don't know,No,
756,2021,27,Male,United States,No,Yes,Yes,Sometimes,100-500,No,No,Yes,Don't know,Yes,Yes,Don't know,Don't know,Yes,Maybe,Some of them,Some of them,No,Yes,Don't know,No,Anonymous reporting would increase participation.
757,2022,20,Male,Sweden,No,No,Yes,Rarely,100-500,No,No,Yes,Yes,Yes,Don't know,Yes,Very difficult,Yes,No,Yes,No,Maybe,Maybe,No,Yes,Open conversations help reduce stigma.
758,2022,30,Non-binary,India,No,Yes,No,Often,26-100,No,Yes,Don't know,Yes,No,Yes,No,Somewhat difficult,Maybe,No,No,No,Maybe,No,Don't know,No,Open conversations help reduce stigma.
759,2023,27,Male,Germany,No,No,Yes,Sometimes,500-1000,No,Yes,Yes,Don't know,Yes,Yes,Don't know,Don't know,No,No,Yes,No,No,Maybe,Don't know,No,
760,2020,33,Female,Germany,No,No,No,Never,26-100,No,Yes,No,No,No,No,Don't know,Somewhat difficult,No,No,No,Some of them,No,Maybe,No,Yes,More anonymous support options would help.
761,2020,28,Male,United Kingdom,Yes,No,No,Sometimes,100-500,Yes,Yes,No,Yes,Don't know,Don't know,Don't know,Somewhat easy,No,No,No,Yes,No,No,No,No,Burnout is rampant in my team.
762,2022,45,Male,France,Yes,No,No,Sometimes,6-25,Yes,Yes,Yes,Yes,Don't know,No,Don't know,Don't know,Yes,No,Yes,Some of them,No,No,Don't know,No,We have EAP but nobody talks about it.
763,2024,34,Female,United States,No,No,Yes,Sometimes,6-25,Yes,Yes,No,Yes,No,Yes,Don't know,Very difficult,Yes,No,No,Some of them,No,No,No,No,
764,2021,25,Male,United States,No,No,No,Never,100-500,No,Yes,Yes,No,Yes,Don't know,Don't know,Somewhat easy,No,No,Yes,No,No,Maybe,Don't know,No,We have EAP but nobody talks about it.
765,2022,33,Non-binary,United Kingdom,No,Yes,No,Never,1-5,No,Yes,Don't know,Don't know,No,Don't know,No,Somewhat difficult,No,No,No,No,No,Yes,Don't know,No,
766,2020,45,Male,United States,No,No,No,Rarely,26-100,No,Yes,Don't know,No,No,Don't know,Yes,Don't know,Maybe,Yes,No,Some of them,No,No,Don't know,No,
767,2020,29,Female,United States,No,No,No,Rarely,More than 1000,No,Yes,No,Yes,Yes,Yes,Don't know,Somewhat difficult,Maybe,Maybe,No,No,Maybe,Maybe,No,No,
768,2019,38,Male,Other,Yes,No,No,Rarely,100-500,No,Yes,No,Yes,Don't know,Yes,Yes,Don't know,Maybe,Maybe,Some of them,Some of them,No,Yes,No,Yes,
769,2021,32,Female,India,No,No,Yes,Rarely,100-500,No,Yes,Yes,Yes,Yes,Yes,No,Somewhat easy,Yes,No,Yes,No,No,No,Don't know,Yes,Glad to see more companies taking this seriously.
770,2023,18,Male,Ireland,No,No,No,Rarely,500-1000,No,No,Yes,Don't know,Yes,Yes,Don't know,Somewhat easy,No,No,No,Yes,No,Maybe,Don't know,No,Stigma is still a major issue in my workplace.
771,2021,39,Male,Other,No,No,No,Sometimes,500-1000,Yes,No,Yes,Yes,Don't know,Yes,Don't know,Don't know,Maybe,No,No,Yes,No,Maybe,Yes,No,
772,2023,27,Male,United States,No,No,Yes,Sometimes,6-25,No,No,No,No,Don't know,Don't know,Don't know,Very easy,Maybe,No,Yes,Some of them,No,No,No,No,Management needs training on mental health.
773,2022,31,Male,Brazil,No,Yes,No,Rarely,6-25,Yes,Yes,Don't know,Yes,Yes,No,Yes,Very easy,No,No,Yes,Yes,No,Maybe,Don't know,No,Remote work has been a double-edged sword.
774,2022,34,Male,United Kingdom,No,Yes,Yes,Never,26-100,Yes,Yes,No,Don't know,No,No,Yes,Somewhat difficult,No,No,No,No,Maybe,Maybe,No,No,Stigma is still a major issue in my workplace.
775,2022,21,Non-binary,United States,No,Yes,No,Rarely,6-25,No,Yes,No,No,No,Yes,Don't know,Somewhat difficult,Maybe,No,Some of them,No,No,Yes,Yes,Yes,
776,2020,29,Male,Other,No,No,No,Rarely,100-500,No,Yes,Yes,No,Yes,Don't know,Yes,Don't know,Maybe,Maybe,Some of them,No,No,No,Don't know,Yes,HR resources are available but rarely used.
777,2024,27,Male,United States,No,No,No,Never,26-100,No,Yes,No,Don't know,No,Yes,Yes,Very easy,No,No,Yes,No,Maybe,No,Yes,No,HR resources are available but rarely used.
778,2024,41,Female,United States,No,No,Yes,Sometimes,500-1000,Yes,Yes,No,No,Don't know,Don't know,No,Somewhat easy,No,No,No,Yes,Yes,No,Yes,No,
779,2022,24,Male,Australia,No,Yes,No,Rarely,100-500,No,Yes,Yes,Yes,Yes,Don't know,No,Somewhat difficult,Maybe,No,No,Yes,No,No,Don't know,Yes,More anonymous support options would help.
780,2019,23,Male,Australia,No,Yes,Yes,Often,26-100,No,Yes,No,No,No,No,Don't know,Very easy,Maybe,No,Some of them,No,No,Maybe,No,No,Better awareness programs needed.
781,2022,40,Male,United States,No,Yes,No,Rarely,6-25,Yes,Yes,No,No,No,Don't know,Don't know,Very easy,Maybe,No,Some of them,Yes,No,No,No,No,
782,2019,37,Male,United States,No,No,No,Never,6-25,No,No,No,Yes,No,Yes,Don't know,Very difficult,Yes,No,Yes,Some of them,No,Yes,Yes,No,
783,2019,18,Female,United States,No,No,No,Never,26-100,No,Yes,Yes,Don't know,Yes,No,No,Somewhat easy,No,No,No,No,No,No,No,No,Management needs training on mental health.
784,2023,25,Male,United States,No,Yes,No,Never,6-25,No,No,No,Don't know,Don't know,Yes,No,Don't know,Yes,No,Some of them,Some of them,Yes,No,Don't know,No,
785,2023,41,Male,Brazil,No,No,No,Never,100-500,No,Yes,No,Yes,Yes,No,No,Somewhat difficult,No,No,Some of them,Some of them,Yes,Maybe,Yes,No,
786,2019,45,Male,United States,No,Yes,Yes,Often,500-1000,No,Yes,Don't know,Don't know,Yes,No,Don't know,Somewhat difficult,Maybe,Maybe,Yes,No,Maybe,Maybe,Yes,Yes,Better awareness programs needed.
787,2022,18,Male,Germany,No,Yes,No,Never,26-100,No,No,No,No,No,No,Yes,Very easy,Yes,No,Some of them,Yes,No,Maybe,Yes,No,Open conversations help reduce stigma.
788,2024,34,Male,Netherlands,No,Yes,No,Never,100-500,Yes,Yes,Yes,Yes,Yes,Don't know,No,Very easy,No,No,No,Yes,No,Maybe,Yes,No,
789,2021,39,Male,United States,No,Yes,Yes,Often,6-25,No,Yes,No,No,No,No,Yes,Don't know,No,No,Some of them,Yes,No,Maybe,No,No,HR resources are available but rarely used.
790,2024,26,Male,United States,No,Yes,Yes,Sometimes,More than 1000,No,Yes,Yes,Yes,Yes,Don't know,Don't know,Very difficult,Maybe,Yes,Yes,Yes,No,Maybe,Don't know,No,Stigma is still a major issue in my workplace.
791,2020,22,Non-binary,Canada,Yes,Yes,No,Rarely,26-100,Yes,Yes,No,No,Yes,Don't know,No,Don't know,Maybe,No,Yes,Some of them,No,Maybe,Yes,No,More anonymous support options would help.
792,2019,29,Male,United Kingdom,No,No,No,Sometimes,100-500,No,Yes,Don't know,Don't know,Yes,Don't know,Don't know,Don't know,Maybe,No,No,No,No,Yes,No,No,
793,2020,18,Male,United States,No,No,Yes,Often,26-100,No,Yes,No,No,No,No,Don't know,Very difficult,Maybe,Maybe,No,No,Maybe,No,Don't know,No,Burnout is rampant in my team.
794,2023,40,Male,Other,No,Yes,No,Sometimes,100-500,No,No,No,Yes,Don't know,Don't know,Yes,Don't know,No,Maybe,No,Yes,No,No,Yes,No,Better awareness programs needed.
795,2023,23,Female,Other,No,Yes,Yes,Never,6-25,No,Yes,Don't know,Yes,No,Don't know,No,Somewhat difficult,Maybe,Yes,Some of them,Yes,No,No,Yes,No,
796,2024,34,Male,United Kingdom,No,No,Yes,Often,100-500,Yes,Yes,No,No,Don't know,Yes,Yes,Don't know,Yes,No,No,Yes,Yes,Maybe,Don't know,Yes,We have EAP but nobody talks about it.
797,2021,47,Male,United Kingdom,Yes,Yes,Yes,Often,26-100,Yes,Yes,Don't know,No,Don't know,No,No,Somewhat difficult,Yes,No,Yes,Some of them,Yes,Maybe,No,No,Stigma is still a major issue in my workplace.
798,2019,28,Male,United States,No,Yes,Yes,Sometimes,100-500,Yes,Yes,Yes,Yes,No,Don't know,Don't know,Somewhat difficult,Yes,Maybe,No,Yes,Maybe,Maybe,Don't know,No,
799,2020,25,Male,United States,No,No,No,Sometimes,More than 1000,Yes,No,Yes,Yes,Don't know,No,Don't know,Don't know,Yes,Maybe,Yes,Some of them,No,Maybe,Yes,Yes,Leadership support makes all the difference.
800,2021,36,Female,United States,No,Yes,Yes,Sometimes,More than 1000,Yes,Yes,Yes,No,No,Yes,Yes,Don't know,No,No,No,Yes,Maybe,Maybe,No,No,
801,2023,36,Female,United States,No,No,Yes,Often,100-500,Yes,No,No,Yes,Yes,Don't know,Yes,Somewhat difficult,Yes,Maybe,Yes,No,No,No,Yes,No,Glad to see more companies taking this seriously.
802,2022,18,Male,United States,No,No,Yes,Sometimes,100-500,Yes,Yes,Yes,Don't know,No,Yes,No,Somewhat difficult,Yes,No,No,Yes,Maybe,No,Yes,No,Better awareness programs needed.
803,2024,40,Female,Canada,No,Yes,Yes,Often,1-5,Yes,No,Don't know,No,Yes,No,Yes,Somewhat difficult,No,Maybe,Yes,No,No,No,Don't know,No,
804,2023,35,Female,India,No,Yes,Yes,Never,26-100,Yes,Yes,No,No,No,No,No,Somewhat easy,Maybe,No,Yes,Yes,Maybe,Maybe,Don't know,Yes,Open conversations help reduce stigma.
805,2021,33,Female,Other,No,Yes,Yes,Sometimes,100-500,No,Yes,Yes,Yes,No,Don't know,Don't know,Don't know,Yes,Yes,No,No,No,Yes,Don't know,No,More anonymous support options would help.
806,2021,34,Male,Sweden,No,No,No,Never,500-1000,No,Yes,No,No,No,Yes,Don't know,Very difficult,Yes,No,Some of them,Yes,No,No,No,No,Remote work has been a double-edged sword.
807,2022,36,Male,United States,No,No,No,Rarely,100-500,Yes,Yes,Yes,Yes,Don't know,Yes,Yes,Very easy,Yes,No,Some of them,Some of them,Maybe,Maybe,Don't know,No,
808,2022,36,Female,United States,No,Yes,No,Never,26-100,No,Yes,Yes,No,No,Yes,No,Somewhat difficult,No,Maybe,Yes,Yes,No,No,Don't know,No,Stigma is still a major issue in my workplace.
809,2023,19,Non-binary,Australia,No,No,Yes,Sometimes,6-25,No,Yes,No,No,No,Yes,Yes,Don't know,No,No,No,Yes,No,Yes,Don't know,No,Glad to see more companies taking this seriously.
810,2023,26,Male,United States,Yes,No,No,Often,100-500,No,Yes,Don't know,Yes,Yes,Don't know,Don't know,Don't know,No,No,Some of them,Yes,No,Maybe,Yes,Yes,Remote work has been a double-edged sword.
811,2022,18,Other / Prefer not to say,Netherlands,No,Yes,Yes,Often,500-1000,Yes,Yes,No,Yes,Yes,No,Don't know,Somewhat difficult,Yes,No,No,Some of them,No,No,Yes,No,Open conversations help reduce stigma.
812,2022,18,Female,United States,No,Yes,Yes,Often,100-500,No,Yes,Yes,Don't know,Yes,Yes,Don't know,Somewhat difficult,Maybe,No,Yes,Yes,No,Maybe,Yes,No,
813,2023,18,Male,United States,No,No,No,Never,100-500,No,No,Yes,No,Don't know,No,Yes,Don't know,Yes,No,No,Yes,Maybe,Maybe,Don't know,No,
814,2021,22,Non-binary,Canada,Yes,Yes,No,Never,More than 1000,Yes,Yes,Yes,Yes,No,Don't know,Don't know,Very difficult,Yes,No,Some of them,Yes,No,No,Yes,No,Burnout is rampant in my team.
815,2021,36,Female,United Kingdom,No,No,No,Rarely,26-100,Yes,Yes,Yes,No,Yes,Yes,No,Don't know,Yes,No,No,Yes,Maybe,Yes,Don't know,No,
816,2019,41,Male,Brazil,No,No,Yes,Often,26-100,No,Yes,Don't know,No,Yes,Don't know,Yes,Very difficult,Yes,No,Some of them,No,No,Maybe,Don't know,No,
817,2024,19,Male,United States,Yes,No,No,Sometimes,26-100,No,Yes,No,No,Don't know,Don't know,Don't know,Don't know,Maybe,No,Yes,Yes,Yes,No,Don't know,No,Leadership support makes all the difference.
818,2021,23,Female,United States,Yes,No,Yes,Often,100-500,No,Yes,Yes,Yes,Yes,Yes,Yes,Don't know,Yes,No,Yes,No,No,No,Yes,Yes,
819,2021,35,Male,United States,No,No,No,Rarely,1-5,No,Yes,Don't know,Yes,No,No,No,Don't know,No,No,No,No,Maybe,Maybe,No,No,Leadership support makes all the difference.
820,2020,31,Male,India,No,No,No,Never,26-100,Yes,Yes,Don't know,Yes,Yes,No,No,Don't know,No,No,Yes,Yes,Maybe,Maybe,Yes,Yes,
821,2019,23,Female,United States,No,Yes,Yes,Sometimes,500-1000,No,Yes,Don't know,Yes,Yes,Yes,Don't know,Somewhat difficult,No,Yes,Yes,Yes,No,No,Yes,No,Leadership support makes all the difference.
822,2023,41,Male,United States,Yes,Yes,No,Never,500-1000,No,No,No,Don't know,No,Don't know,Don't know,Don't know,Maybe,No,No,Yes,No,Maybe,Don't know,Yes,More anonymous support options would help.
823,2020,22,Male,United States,Yes,Yes,No,Often,26-100,No,Yes,No,Don't know,No,Yes,No,Very easy,Maybe,No,Yes,No,Yes,Maybe,Don't know,No,More anonymous support options would help.
824,2024,33,Male,United States,No,Yes,No,Never,100-500,Yes,Yes,Yes,Yes,Don't know,Yes,Yes,Very easy,Yes,Yes,No,Yes,No,Maybe,Yes,No,Anonymous reporting would increase participation.
825,2023,39,Male,United States,No,No,No,Rarely,26-100,No,Yes,No,No,Don't know,Yes,Yes,Somewhat easy,Yes,No,Yes,Yes,No,Maybe,Yes,No,Management needs training on mental health.
826,2020,30,Non-binary,United States,No,Yes,Yes,Often,500-1000,Yes,Yes,Yes,Don't know,Yes,Yes,No,Somewhat difficult,Maybe,Maybe,Some of them,Yes,No,Yes,Don't know,Yes,Stigma is still a major issue in my workplace.
827,2020,26,Male,France,No,No,No,Never,More than 1000,Yes,Yes,Yes,Yes,Yes,Yes,Yes,Somewhat easy,Maybe,No,Yes,No,No,No,No,Yes,
828,2020,29,Male,Germany,No,No,No,Sometimes,More than 1000,No,Yes,Yes,Yes,Yes,Yes,Don't know,Somewhat difficult,No,No,Yes,No,Maybe,No,Yes,Yes,
829,2023,18,Male,United States,Yes,No,Yes,Often,More than 1000,Yes,Yes,Yes,Don't know,No,No,Don't know,Don't know,Maybe,No,Yes,No,Maybe,Maybe,Don't know,No,Open conversations help reduce stigma.
830,2022,28,Other / Prefer not to say,United States,Yes,No,No,Never,500-1000,Yes,No,Yes,No,Yes,Don't know,No,Very difficult,Yes,No,No,No,Maybe,Yes,Yes,No,
831,2022,28,Other / Prefer not to say,United States,Yes,Yes,Yes,Never,100-500,No,Yes,Yes,Yes,Yes,Yes,Don't know,Somewhat easy,No,Maybe,Some of them,Some of them,Maybe,No,Don't know,No,Glad to see more companies taking this seriously.
832,2019,18,Female,United States,No,Yes,Yes,Sometimes,500-1000,Yes,Yes,No,Yes,Don't know,Yes,Yes,Somewhat difficult,No,No,No,No,Maybe,No,No,Yes,
833,2019,27,Male,Brazil,Yes,No,Yes,Sometimes,More than 1000,No,Yes,Yes,No,No,Don't know,No,Don't know,Maybe,Maybe,Some of them,No,Maybe,No,Yes,No,
834,2021,37,Male,United States,No,Yes,No,Never,1-5,No,No,No,Yes,No,Yes,Yes,Somewhat easy,No,Maybe,Some of them,Some of them,No,No,Yes,Yes,
835,2023,23,Male,United States,Yes,No,Yes,Often,500-1000,Yes,Yes,Don't know,No,Don't know,No,Don't know,Somewhat easy,No,No,No,Some of them,Maybe,No,No,No,Glad to see more companies taking this seriously.
836,2022,23,Female,Sweden,No,Yes,Yes,Never,100-500,No,No,Yes,Don't know,Yes,Yes,Don't know,Very easy,Yes,No,Yes,No,Maybe,Maybe,Don't know,No,Leadership support makes all the difference.
837,2024,35,Male,United States,No,No,Yes,Sometimes,26-100,No,Yes,No,No,No,Don't know,No,Very difficult,No,No,Some of them,Some of them,Yes,No,No,No,Leadership support makes all the difference.
838,2022,25,Non-binary,Germany,No,No,Yes,Rarely,100-500,Yes,No,Yes,Don't know,Don't know,Yes,Yes,Somewhat difficult,No,No,Some of them,Some of them,No,No,Yes,No,HR resources are available but rarely used.
839,2023,29,Male,United States,No,No,No,Never,100-500,Yes,Yes,No,No,Yes,Yes,Don't know,Don't know,Maybe,No,No,Yes,No,Maybe,Don't know,Yes,
840,2024,29,Male,United States,Yes,No,No,Rarely,100-500,Yes,Yes,Yes,Don't know,Don't know,Yes,Yes,Somewhat easy,No,No,Some of them,No,No,No,Yes,No,
841,2024,44,Other / Prefer not to say,Canada,No,Yes,Yes,Never,100-500,Yes,No,No,Don't know,No,Yes,Don't know,Very difficult,Yes,Maybe,Yes,No,No,Maybe,Yes,No,
842,2022,32,Male,United States,No,Yes,No,Rarely,6-25,Yes,Yes,Don't know,Don't know,Don't know,Don't know,No,Somewhat easy,No,Yes,Some of them,Yes,Maybe,Yes,Don't know,Yes,Open conversations help reduce stigma.
843,2020,37,Female,United States,No,No,Yes,Sometimes,6-25,Yes,No,Don't know,No,Don't know,No,Don't know,Somewhat easy,Yes,No,No,No,No,No,Yes,No,Remote work has been a double-edged sword.
844,2021,22,Male,United States,No,No,No,Never,1-5,No,Yes,Don't know,Don't know,Yes,Yes,Don't know,Don't know,Maybe,Maybe,No,Yes,Maybe,Maybe,No,No,Remote work has been a double-edged sword.
845,2023,32,Male,United States,No,No,Yes,Sometimes,500-1000,Yes,Yes,Yes,Yes,No,Yes,Don't know,Somewhat easy,Maybe,No,No,Yes,No,Maybe,No,No,We have EAP but nobody talks about it.
846,2019,31,Male,United States,No,Yes,No,Never,500-1000,No,Yes,Don't know,Yes,Yes,Yes,Don't know,Don't know,No,No,No,No,No,No,No,No,Burnout is rampant in my team.
847,2021,44,Male,United States,No,No,No,Often,1-5,Yes,Yes,Yes,Yes,No,No,Don't know,Somewhat easy,No,Maybe,Some of them,Some of them,Maybe,Maybe,Yes,No,Stigma is still a major issue in my workplace.
848,2020,20,Female,United States,No,No,No,Often,6-25,No,No,No,Don't know,Don't know,No,Don't know,Somewhat easy,No,No,No,Yes,Maybe,Maybe,Don't know,Yes,Glad to see more companies taking this seriously.
849,2021,30,Male,United Kingdom,No,Yes,Yes,Rarely,6-25,No,Yes,Don't know,Yes,Don't know,No,Don't know,Very easy,No,No,Some of them,No,No,Maybe,No,No,
850,2019,27,Female,United States,No,No,Yes,Rarely,26-100,No,Yes,Yes,No,Don't know,No,No,Very easy,Yes,No,No,No,Maybe,Yes,No,No,
851,2022,20,Female,United Kingdom,Yes,No,No,Never,26-100,Yes,Yes,No,No,Yes,No,No,Don't know,Maybe,Yes,Some of them,No,Maybe,No,No,No,We have EAP but nobody talks about it.
852,2024,40,Male,Brazil,No,No,Yes,Rarely,100-500,No,Yes,Don't know,Yes,No,No,Don't know,Don't know,No,Maybe,No,No,No,No,Yes,No,
853,2020,20,Male,Netherlands,No,No,Yes,Sometimes,26-100,Yes,Yes,No,No,Don't know,Don't know,No,Somewhat easy,No,No,No,No,No,No,Yes,No,
854,2020,37,Male,Germany,Yes,Yes,No,Often,More than 1000,Yes,No,Don't know,Don't know,Yes,Don't know,Yes,Very easy,Maybe,Yes,Some of them,No,Maybe,No,Don't know,No,
855,2019,21,Male,India,No,No,No,Never,100-500,Yes,Yes,Yes,Don't know,Yes,Yes,No,Somewhat easy,No,No,Yes,Yes,No,No,No,No,
856,2021,35,Male,Ireland,No,Yes,No,Rarely,26-100,Yes,No,No,Don't know,No,Don't know,No,Very easy,Yes,No,No,Yes,No,No,Yes,No,HR resources are available but rarely used.
857,2021,36,Male,Brazil,No,No,No,Rarely,26-100,Yes,Yes,No,No,No,Yes,Yes,Somewhat difficult,No,No,No,Some of them,No,No,Don't know,No,We have EAP but nobody talks about it.
858,2023,42,Male,United States,No,No,Yes,Often,More than 1000,No,Yes,Yes,No,No,Yes,Don't know,Very easy,Maybe,No,No,Yes,No,No,Don't know,No,More anonymous support options would help.
859,2023,42,Female,United States,No,Yes,No,Rarely,100-500,Yes,Yes,Yes,Don't know,Yes,Yes,Yes,Somewhat easy,No,No,Some of them,Some of them,No,No,No,No,Anonymous reporting would increase participation.
860,2024,27,Male,Canada,No,No,Yes,Often,500-1000,No,No,Yes,Don't know,Don't know,No,No,Very difficult,No,No,Yes,Some of them,Maybe,Yes,Don't know,No,
861,2023,45,Male,Sweden,No,Yes,No,Rarely,100-500,No,Yes,Don't know,Yes,Don't know,Yes,Yes,Very easy,No,No,Some of them,No,No,No,Yes,No,
862,2020,30,Female,Canada,No,Yes,Yes,Often,26-100,Yes,Yes,Don't know,No,Don't know,Yes,No,Don't know,Maybe,No,No,No,No,No,Yes,No,
863,2022,27,Male,United States,No,Yes,Yes,Often,100-500,No,No,Don't know,Yes,Don't know,Yes,No,Don't know,Maybe,No,Yes,Yes,No,No,Yes,No,Glad to see more companies taking this seriously.
864,2021,28,Female,United Kingdom,No,No,No,Never,26-100,Yes,Yes,Don't know,No,No,Don't know,No,Don't know,Maybe,Maybe,No,Yes,No,Yes,Yes,No,Management needs training on mental health.
865,2021,52,Female,Other,No,No,No,Never,6-25,No,No,Yes,Don't know,Yes,Don't know,Don't know,Somewhat easy,Yes,No,Some of them,No,No,No,Yes,No,Open conversations help reduce stigma.
866,2024,33,Female,Australia,No,Yes,Yes,Sometimes,100-500,Yes,Yes,Yes,Yes,Yes,Don't know,No,Very easy,Maybe,No,Yes,Yes,No,No,No,Yes,
867,2023,34,Female,United States,No,No,No,Rarely,100-500,Yes,Yes,Yes,No,Yes,Don't know,Yes,Somewhat easy,No,No,Yes,Some of them,Maybe,No,No,No,Leadership support makes all the difference.
868,2023,25,Male,United States,No,No,No,Often,More than 1000,Yes,Yes,Don't know,Yes,Yes,Yes,Yes,Somewhat easy,No,No,Some of them,No,Maybe,Yes,Yes,No,
869,2023,37,Male,United Kingdom,No,No,No,Often,100-500,No,Yes,Yes,Don't know,No,Yes,Don't know,Somewhat difficult,Maybe,No,No,Some of them,No,Maybe,Yes,Yes,Stigma is still a major issue in my workplace.
870,2024,32,Male,Canada,No,No,No,Rarely,100-500,Yes,Yes,No,Yes,Don't know,Yes,No,Very easy,Maybe,No,No,Some of them,No,No,Yes,No,Management needs training on mental health.
871,2023,32,Female,United Kingdom,No,No,Yes,Often,100-500,No,Yes,Yes,No,Don't know,Yes,Yes,Somewhat easy,No,Yes,No,No,No,No,No,No,Open conversations help reduce stigma.
872,2024,36,Male,Other,No,No,No,Never,More than 1000,Yes,No,No,Yes,Yes,Yes,Yes,Very easy,Maybe,No,No,Some of them,Maybe,Maybe,Don't know,Yes,Leadership support makes all the difference.
873,2022,31,Female,Other,No,Yes,Yes,Sometimes,More than 1000,No,Yes,Yes,No,Yes,Yes,Yes,Don't know,Maybe,No,No,Yes,No,No,Yes,No,Leadership support makes all the difference.
874,2023,26,Male,United States,No,Yes,Yes,Sometimes,100-500,No,Yes,Yes,No,Don't know,No,Yes,Don't know,No,Yes,Some of them,Some of them,Maybe,Maybe,Don't know,No,Leadership support makes all the difference.
875,2023,19,Female,Germany,No,Yes,Yes,Sometimes,More than 1000,Yes,Yes,Yes,No,Don't know,No,Don't know,Don't know,Yes,Maybe,Yes,No,No,No,No,Yes,Management needs training on mental health.
876,2021,39,Female,Canada,No,No,No,Never,6-25,Yes,Yes,No,No,Don't know,Yes,Don't know,Don't know,No,Yes,No,Yes,No,No,Don't know,Yes,Better awareness programs needed.
877,2023,33,Male,Canada,No,No,No,Rarely,26-100,Yes,Yes,Yes,No,No,Yes,Don't know,Somewhat difficult,No,Yes,No,Some of them,Maybe,No,Yes,No,
878,2022,29,Female,United States,No,No,Yes,Often,26-100,Yes,Yes,Yes,Don't know,Yes,Don't know,Don't know,Very difficult,Yes,Yes,No,No,No,Maybe,Don't know,No,
879,2023,25,Female,United States,No,No,No,Often,6-25,Yes,Yes,No,Yes,Don't know,No,No,Somewhat easy,Yes,No,No,Yes,No,Maybe,No,No,
880,2023,43,Male,United States,No,No,Yes,Sometimes,6-25,Yes,Yes,Yes,Don't know,Don't know,Yes,No,Very difficult,Yes,No,Some of them,Some of them,No,Yes,Yes,Yes,Open conversations help reduce stigma.
881,2024,36,Female,Other,No,Yes,Yes,Sometimes,More than 1000,Yes,Yes,No,No,Yes,Don't know,No,Somewhat easy,Maybe,No,Some of them,Yes,No,No,Don't know,No,Stigma is still a major issue in my workplace.
882,2019,36,Female,Germany,Yes,Yes,No,Rarely,More than 1000,Yes,Yes,Don't know,Yes,Yes,Yes,Yes,Somewhat difficult,Maybe,Yes,No,No,No,No,Yes,No,
883,2022,32,Female,Germany,No,Yes,Yes,Sometimes,More than 1000,Yes,No,Yes,Don't know,Don't know,Yes,Yes,Very difficult,Maybe,Maybe,Some of them,No,No,No,Don't know,No,Better awareness programs needed.
884,2021,27,Female,United States,No,No,Yes,Often,26-100,No,No,No,No,Yes,Don't know,No,Somewhat difficult,Maybe,No,No,No,No,No,Don't know,Yes,Burnout is rampant in my team.
885,2022,32,Male,India,No,No,No,Rarely,6-25,No,Yes,Don't know,Yes,No,No,Don't know,Don't know,Yes,No,Yes,Yes,Yes,No,Yes,Yes,Burnout is rampant in my team.
886,2022,50,Female,Other,No,Yes,No,Never,6-25,No,No,No,Don't know,Yes,Don't know,No,Don't know,Maybe,No,Some of them,No,No,No,Yes,No,We have EAP but nobody talks about it.
887,2022,41,Male,United States,No,No,No,Often,100-500,Yes,No,No,Yes,Don't know,No,Don't know,Somewhat difficult,No,No,Some of them,Yes,No,Maybe,Yes,Yes,
888,2024,24,Female,Other,No,No,Yes,Rarely,26-100,Yes,No,Yes,Don't know,Don't know,No,No,Very easy,Maybe,No,Some of them,No,Maybe,Maybe,Don't know,No,Anonymous reporting would increase participation.
889,2022,23,Female,Other,No,No,Yes,Rarely,100-500,Yes,No,Yes,Yes,No,Yes,Don't know,Don't know,No,No,No,No,Maybe,Maybe,Yes,Yes,
890,2023,28,Other / Prefer not to say,United States,No,Yes,Yes,Often,100-500,Yes,Yes,No,Don't know,No,No,Don't know,Don't know,No,Maybe,No,No,No,No,Yes,Yes,
891,2022,40,Other / Prefer not to say,United Kingdom,Yes,No,No,Never,More than 1000,Yes,Yes,No,No,Yes,No,Don't know,Don't know,Maybe,Maybe,Some of them,No,Maybe,Maybe,Yes,No,Burnout is rampant in my team.
892,2022,34,Male,United States,No,No,No,Never,1-5,Yes,Yes,Don't know,No,No,Don't know,Don't know,Very difficult,No,No,No,Yes,No,No,Don't know,Yes,
893,2019,22,Male,United States,No,No,Yes,Sometimes,6-25,No,Yes,No,Yes,No,Yes,Don't know,Don't know,Maybe,No,No,Yes,No,No,No,No,
894,2023,40,Female,India,No,No,Yes,Rarely,100-500,No,Yes,Yes,No,Yes,Yes,Don't know,Don't know,No,Yes,No,Some of them,No,Maybe,Yes,No,Anonymous reporting would increase participation.
895,2022,31,Male,Ireland,No,No,Yes,Sometimes,500-1000,No,Yes,No,Don't know,No,Yes,Yes,Somewhat difficult,Maybe,Yes,No,Yes,No,No,No,Yes,
896,2019,23,Female,Ireland,No,Yes,No,Often,6-25,Yes,No,No,No,No,No,Don't know,Very easy,Maybe,No,Some of them,Some of them,No,Maybe,No,No,Burnout is rampant in my team.
897,2024,18,Male,United States,No,No,No,Rarely,100-500,Yes,Yes,Don't know,No,Yes,Yes,Yes,Don't know,Maybe,No,Yes,No,No,No,Don't know,Yes,Stigma is still a major issue in my workplace.
898,2021,34,Female,United Kingdom,No,No,No,Never,500-1000,Yes,No,Yes,Yes,Don't know,Yes,Don't know,Don't know,No,Maybe,Some of them,No,Maybe,No,No,No,Open conversations help reduce stigma.
899,2019,35,Female,United States,Yes,Yes,No,Rarely,500-1000,No,Yes,Yes,No,No,Yes,No,Somewhat difficult,No,No,Yes,No,Yes,No,Don't know,Yes,Glad to see more companies taking this seriously.
900,2022,18,Female,United States,No,No,No,Never,500-1000,No,Yes,No,Yes,Don't know,Yes,Don't know,Very easy,No,No,Yes,No,No,Maybe,Yes,No,
901,2022,37,Male,Germany,No,Yes,No,Never,500-1000,Yes,Yes,No,No,Yes,Yes,Yes,Somewhat easy,Yes,No,No,No,No,Maybe,Yes,No,More anonymous support options would help.
902,2023,41,Female,Other,No,No,Yes,Often,100-500,No,Yes,Yes,Yes,Yes,Yes,Don't know,Somewhat easy,Maybe,No,No,Some of them,No,Maybe,Don't know,No,Burnout is rampant in my team.
903,2020,34,Male,United Kingdom,No,Yes,Yes,Sometimes,500-1000,Yes,Yes,Yes,Don't know,Don't know,Don't know,Don't know,Don't know,Maybe,No,No,Yes,Maybe,Maybe,Don't know,Yes,
904,2019,40,Female,Australia,Yes,No,Yes,Sometimes,26-100,No,No,No,Yes,No,No,No,Somewhat easy,Yes,Yes,Some of them,No,No,No,No,Yes,HR resources are available but rarely used.
905,2024,29,Male,United States,No,Yes,No,Never,6-25,No,Yes,Yes,Don't know,No,Don't know,Don't know,Don't know,Yes,Yes,No,No,No,No,Don't know,No,Remote work has been a double-edged sword.
906,2022,31,Female,Germany,No,No,No,Never,6-25,No,Yes,Yes,Yes,No,No,No,Very difficult,Yes,No,Yes,Yes,No,Maybe,No,Yes,Open conversations help reduce stigma.
907,2019,34,Male,United States,Yes,Yes,Yes,Never,100-500,No,Yes,No,Yes,Yes,Don't know,Yes,Somewhat difficult,No,No,No,No,Yes,No,Don't know,Yes,
908,2023,19,Male,United States,No,No,Yes,Often,500-1000,Yes,Yes,Yes,Don't know,Yes,Yes,No,Somewhat difficult,Maybe,Maybe,Yes,Some of them,Yes,No,No,No,Management needs training on mental health.
909,2022,33,Male,Canada,No,Yes,Yes,Never,100-500,No,No,No,No,No,Yes,Don't know,Somewhat easy,No,Yes,No,No,Maybe,Maybe,No,No,
910,2024,28,Male,United Kingdom,No,No,No,Rarely,26-100,Yes,No,Don't know,Yes,No,Don't know,Don't know,Somewhat difficult,No,No,No,No,Maybe,Maybe,Don't know,No,
911,2020,32,Non-binary,Sweden,No,Yes,Yes,Often,100-500,No,Yes,Don't know,Yes,No,Don't know,No,Somewhat difficult,No,No,Yes,No,Maybe,Maybe,Yes,No,Remote work has been a double-edged sword.
912,2021,18,Female,United States,No,Yes,Yes,Often,100-500,No,No,No,No,Yes,No,No,Don't know,Maybe,No,Some of them,Some of them,Maybe,No,Yes,No,
913,2022,30,Male,Ireland,No,Yes,No,Rarely,6-25,Yes,Yes,Don't know,No,No,No,No,Somewhat easy,No,No,Some of them,Yes,No,Maybe,Don't know,No,We have EAP but nobody talks about it.
914,2020,44,Female,United States,No,No,No,Sometimes,26-100,No,Yes,No,Yes,No,Yes,No,Very easy,No,No,No,Yes,No,Maybe,No,No,More anonymous support options would help.
915,2023,34,Male,United States,No,No,No,Never,1-5,No,Yes,No,Don't know,Don't know,No,No,Don't know,No,No,Some of them,No,No,No,Don't know,Yes,Leadership support makes all the difference.
916,2022,30,Male,United Kingdom,Yes,No,Yes,Rarely,100-500,No,Yes,Don't know,Yes,No,Yes,Yes,Very difficult,Maybe,Yes,No,No,Maybe,No,Yes,No,Glad to see more companies taking this seriously.
917,2022,27,Male,India,No,No,No,Often,6-25,Yes,Yes,Don't know,No,No,Don't know,Don't know,Don't know,Yes,No,No,No,No,Yes,Don't know,No,
918,2023,31,Male,United States,No,No,No,Rarely,100-500,Yes,Yes,Yes,No,Yes,Yes,Don't know,Somewhat difficult,Yes,No,Some of them,Yes,Maybe,Maybe,Don't know,No,
919,2021,25,Female,United States,No,Yes,No,Rarely,6-25,Yes,Yes,Don't know,No,Don't know,Don't know,Yes,Somewhat easy,Maybe,No,Some of them,No,Yes,Maybe,Yes,No,
920,2020,28,Female,Netherlands,No,No,No,Rarely,26-100,Yes,Yes,No,No,No,No,Don't know,Very difficult,No,No,Some of them,No,Maybe,Yes,Yes,No,More anonymous support options would help.
921,2022,20,Male,Canada,Yes,No,Yes,Sometimes,100-500,Yes,No,Yes,No,Yes,Yes,Yes,Don't know,Yes,No,Some of them,No,Yes,Maybe,Yes,No,Anonymous reporting would increase participation.
922,2020,32,Female,United States,No,No,Yes,Rarely,100-500,No,No,Yes,Yes,Yes,No,No,Very easy,Yes,No,Some of them,No,No,Yes,Yes,Yes,We have EAP but nobody talks about it.
923,2019,34,Male,Australia,No,Yes,Yes,Often,26-100,No,No,Yes,Don't know,Don't know,Don't know,Yes,Somewhat easy,Maybe,Yes,No,No,Yes,No,Yes,No,
924,2019,37,Male,Canada,No,No,No,Never,More than 1000,Yes,Yes,Yes,Yes,No,Don't know,Yes,Don't know,No,No,Some of them,Some of them,Maybe,No,Yes,No,HR resources are available but rarely used.
925,2024,21,Male,United Kingdom,No,No,No,Never,More than 1000,Yes,No,Yes,Yes,Yes,No,Yes,Don't know,No,Maybe,Yes,Some of them,No,No,No,No,We have EAP but nobody talks about it.
926,2019,37,Male,Netherlands,No,No,Yes,Rarely,26-100,No,Yes,No,No,No,Yes,No,Don't know,Yes,Yes,No,Some of them,Maybe,Maybe,Yes,No,
927,2024,28,Other / Prefer not to say,United States,No,No,Yes,Sometimes,26-100,Yes,Yes,Don't know,Don't know,Don't know,No,No,Very easy,Maybe,No,No,No,No,Maybe,Yes,No,Open conversations help reduce stigma.
928,2021,18,Female,United States,No,No,No,Never,6-25,No,No,No,No,No,Yes,Don't know,Very difficult,No,No,No,Yes,No,No,No,No,
929,2021,21,Male,Ireland,No,No,Yes,Sometimes,26-100,Yes,Yes,No,Don't know,Don't know,No,Don't know,Very difficult,No,No,No,Yes,Maybe,No,No,No,HR resources are available but rarely used.
930,2019,34,Female,United States,No,No,No,Never,100-500,No,No,Don't know,Yes,Yes,No,No,Somewhat easy,Yes,No,Some of them,Yes,No,No,Don't know,No,Management needs training on mental health.
931,2021,30,Male,Brazil,No,Yes,No,Rarely,26-100,Yes,Yes,Don't know,Yes,Yes,No,Don't know,Somewhat difficult,No,No,Yes,Some of them,Maybe,No,No,Yes,
932,2024,35,Female,France,No,No,No,Rarely,100-500,No,Yes,No,Yes,Yes,Yes,No,Don't know,No,No,No,Yes,No,Maybe,Don't know,No,
933,2021,29,Male,Other,No,Yes,Yes,Sometimes,100-500,No,Yes,No,Don't know,Yes,Yes,Yes,Very easy,No,Yes,Some of them,No,No,No,Yes,Yes,
934,2022,28,Male,Ireland,No,No,Yes,Rarely,500-1000,No,Yes,Yes,Don't know,Yes,Yes,Don't know,Somewhat difficult,Yes,No,Some of them,Yes,No,Maybe,No,No,
935,2023,33,Female,Netherlands,No,No,Yes,Sometimes,100-500,No,Yes,No,Don't know,Yes,Yes,Don't know,Don't know,Yes,No,Some of them,Some of them,Maybe,No,Don't know,No,
936,2022,38,Male,Brazil,No,No,No,Never,100-500,Yes,Yes,Yes,Don't know,Don't know,No,Don't know,Don't know,Maybe,Maybe,No,No,No,Maybe,Yes,No,Burnout is rampant in my team.
937,2024,38,Male,Other,No,No,Yes,Sometimes,100-500,Yes,No,Don't know,Yes,Yes,Don't know,Don't know,Somewhat difficult,Yes,Yes,Some of them,Yes,Maybe,Maybe,Don't know,No,Leadership support makes all the difference.
938,2020,37,Female,Germany,No,No,No,Rarely,26-100,No,Yes,No,Yes,Don't know,Don't know,Don't know,Don't know,Maybe,No,No,No,Maybe,Maybe,Don't know,Yes,
939,2024,32,Male,France,No,No,Yes,Sometimes,1-5,No,Yes,No,No,No,No,Don't know,Somewhat difficult,No,No,Yes,No,No,Maybe,No,No,
940,2020,38,Male,United States,No,No,No,Rarely,1-5,No,No,Don't know,No,Yes,Yes,No,Somewhat easy,Yes,No,No,Yes,No,No,Yes,No,Stigma is still a major issue in my workplace.
941,2022,18,Male,United States,No,No,Yes,Never,26-100,No,No,Don't know,Don't know,Don't know,Don't know,Don't know,Somewhat difficult,No,No,Yes,No,Maybe,No,Don't know,Yes,
942,2022,31,Male,United States,No,No,Yes,Sometimes,26-100,No,Yes,Don't know,Don't know,Don't know,No,Don't know,Somewhat easy,No,No,No,Yes,No,Maybe,Yes,No,Stigma is still a major issue in my workplace.
943,2023,28,Female,Germany,No,No,No,Never,26-100,Yes,Yes,No,Don't know,Yes,No,Don't know,Don't know,Maybe,No,Some of them,No,No,Maybe,No,Yes,Remote work has been a double-edged sword.
944,2020,37,Female,United States,No,No,Yes,Often,6-25,No,No,Yes,Don't know,Don't know,No,No,Don't know,No,Maybe,Yes,Yes,No,No,Yes,No,
945,2019,28,Male,Australia,No,No,No,Rarely,6-25,No,Yes,Yes,No,No,Don't know,Don't know,Don't know,No,Maybe,No,Some of them,Maybe,Yes,Yes,Yes,
946,2022,35,Male,Netherlands,No,No,No,Sometimes,26-100,Yes,No,Yes,Yes,No,No,No,Don't know,Yes,Yes,No,No,No,Maybe,Don't know,No,
947,2020,35,Female,United Kingdom,No,No,No,Never,6-25,Yes,Yes,No,Don't know,No,Yes,Don't know,Somewhat easy,Yes,No,No,No,No,Yes,Yes,No,Glad to see more companies taking this seriously.
948,2021,35,Male,Germany,No,Yes,Yes,Sometimes,6-25,No,Yes,Yes,Yes,Yes,No,No,Somewhat difficult,Yes,No,No,Some of them,No,No,Yes,No,
949,2019,34,Male,Other,Yes,Yes,Yes,Sometimes,6-25,No,Yes,No,Yes,No,No,Don't know,Don't know,No,No,No,Yes,Maybe,Maybe,Yes,No,
950,2019,39,Female,United Kingdom,No,No,No,Rarely,1-5,Yes,Yes,Don't know,Don't know,Yes,Don't know,No,Somewhat easy,No,Maybe,No,Yes,Maybe,Yes,Don't know,No,Better awareness programs needed.
951,2023,28,Male,United States,No,No,Yes,Sometimes,100-500,Yes,Yes,No,Yes,Yes,Yes,Don't know,Don't know,Yes,Maybe,Some of them,Yes,Maybe,No,Yes,No,Remote work has been a double-edged sword.
952,2020,38,Female,Germany,No,No,No,Never,26-100,Yes,No,No,No,Yes,Yes,Don't know,Somewhat difficult,No,No,No,No,Maybe,Maybe,Yes,No,Anonymous reporting would increase participation.
953,2021,40,Female,United Kingdom,No,No,No,Sometimes,100-500,Yes,Yes,Don't know,Don't know,No,Don't know,Yes,Somewhat easy,Maybe,No,Some of them,Yes,No,Yes,No,Yes,Remote work has been a double-edged sword.
954,2020,28,Male,United States,No,No,Yes,Sometimes,26-100,No,Yes,Yes,No,Yes,Don't know,No,Somewhat easy,Maybe,No,No,No,Maybe,No,Don't know,No,
955,2024,25,Female,Canada,No,No,No,Never,More than 1000,Yes,Yes,Yes,Yes,No,No,Yes,Somewhat difficult,Maybe,No,Some of them,Yes,No,Yes,No,Yes,
956,2021,31,Female,United States,No,No,No,Never,500-1000,Yes,Yes,No,Don't know,No,Yes,Yes,Somewhat difficult,Maybe,No,No,No,Maybe,Maybe,Don't know,Yes,
957,2024,34,Male,Other,No,No,Yes,Often,100-500,No,Yes,Yes,No,No,Yes,Yes,Don't know,No,No,Yes,Some of them,Maybe,Yes,Don't know,No,
958,2023,36,Male,United States,Yes,No,Yes,Sometimes,100-500,Yes,Yes,No,Yes,Yes,Don't know,Yes,Somewhat difficult,Yes,No,No,Yes,No,Yes,No,No,Open conversations help reduce stigma.
959,2023,25,Female,United States,Yes,No,No,Rarely,100-500,No,Yes,Yes,Yes,Don't know,No,Yes,Somewhat easy,Maybe,No,Yes,No,No,No,Don't know,Yes,Remote work has been a double-edged sword.
960,2022,24,Female,United States,No,No,Yes,Sometimes,100-500,Yes,Yes,Yes,No,No,Yes,Don't know,Somewhat difficult,Maybe,No,No,Yes,No,Maybe,No,No,
961,2024,32,Male,United States,No,No,No,Sometimes,More than 1000,No,No,Yes,Yes,Yes,No,Yes,Somewhat difficult,No,No,Some of them,No,No,Yes,No,No,
962,2022,47,Female,United Kingdom,Yes,No,Yes,Often,More than 1000,No,Yes,Yes,Don't know,Yes,Yes,Yes,Very easy,No,No,Some of them,Yes,Maybe,No,Yes,Yes,We have EAP but nobody talks about it.
963,2022,28,Male,Germany,Yes,Yes,Yes,Sometimes,500-1000,Yes,Yes,Yes,Yes,Don't know,Yes,Don't know,Somewhat difficult,Maybe,No,No,No,No,No,No,No,
964,2024,18,Female,United States,No,No,Yes,Often,100-500,Yes,Yes,Yes,Yes,Don't know,Yes,No,Don't know,Maybe,No,No,Yes,No,Yes,Don't know,Yes,Better awareness programs needed.
965,2023,20,Female,Australia,No,No,Yes,Sometimes,6-25,No,Yes,Don't know,Yes,Don't know,No,No,Somewhat easy,No,No,No,Yes,Maybe,Maybe,Yes,No,Better awareness programs needed.
966,2023,30,Female,Germany,No,No,Yes,Rarely,6-25,No,Yes,Yes,No,Don't know,Don't know,Don't know,Very easy,Yes,No,Yes,No,No,Yes,Don't know,No,We have EAP but nobody talks about it.
967,2021,36,Female,Canada,No,No,No,Never,100-500,Yes,Yes,Yes,Don't know,No,Yes,Don't know,Somewhat easy,Yes,No,No,No,No,Maybe,Don't know,No,
968,2019,30,Other / Prefer not to say,United States,No,Yes,Yes,Often,More than 1000,Yes,No,Yes,Don't know,No,Yes,No,Don't know,No,Maybe,Some of them,Some of them,Maybe,No,No,No,Open conversations help reduce stigma.
969,2024,20,Male,United Kingdom,No,No,No,Rarely,26-100,Yes,No,No,Don't know,Don't know,Don't know,Don't know,Somewhat difficult,Maybe,No,Some of them,Yes,Maybe,No,No,No,
970,2020,30,Female,United Kingdom,No,Yes,Yes,Often,More than 1000,No,No,Don't know,Yes,Don't know,Yes,Don't know,Somewhat easy,No,Maybe,Some of them,No,Maybe,Yes,Don't know,No,Leadership support makes all the difference.
971,2023,32,Male,United States,No,No,No,Never,100-500,No,Yes,Yes,No,No,No,No,Don't know,No,Maybe,No,Yes,Maybe,No,Don't know,No,HR resources are available but rarely used.
972,2021,25,Male,Netherlands,No,Yes,Yes,Sometimes,26-100,Yes,Yes,Don't know,Don't know,No,Don't know,Don't know,Very difficult,Maybe,Yes,No,No,Yes,No,Don't know,No,
973,2024,28,Other / Prefer not to say,Ireland,No,No,No,Rarely,More than 1000,No,Yes,Don't know,No,Don't know,Yes,Don't know,Don't know,No,Maybe,No,No,No,No,Don't know,Yes,More anonymous support options would help.
974,2019,28,Male,Brazil,No,No,No,Rarely,6-25,Yes,No,Don't know,Yes,No,No,Yes,Somewhat difficult,Yes,No,Yes,No,No,Yes,Yes,No,Open conversations help reduce stigma.
975,2022,34,Female,United States,No,No,No,Never,500-1000,No,Yes,Don't know,No,Don't know,Don't know,No,Somewhat easy,Maybe,No,Some of them,Some of them,Maybe,No,Yes,Yes,
976,2019,39,Female,Australia,No,Yes,No,Rarely,6-25,No,Yes,Don't know,Don't know,No,No,Don't know,Somewhat difficult,Maybe,No,No,No,Maybe,Maybe,Don't know,No,
977,2022,18,Male,India,No,Yes,No,Sometimes,More than 1000,No,Yes,Yes,Yes,Don't know,No,Don't know,Somewhat easy,Yes,No,Yes,Yes,No,No,Yes,No,
978,2024,26,Male,United States,No,No,No,Sometimes,100-500,No,Yes,No,Don't know,Don't know,Don't know,Don't know,Somewhat difficult,No,No,Some of them,No,Maybe,Yes,No,No,HR resources are available but rarely used.
979,2024,45,Non-binary,United States,No,No,No,Sometimes,500-1000,No,Yes,No,Don't know,No,Don't know,Yes,Somewhat easy,No,No,Some of them,Yes,Maybe,No,No,Yes,Stigma is still a major issue in my workplace.
980,2021,36,Male,Canada,No,No,No,Never,500-1000,Yes,Yes,Yes,Yes,Don't know,Yes,Yes,Very easy,No,No,Yes,Some of them,Maybe,Yes,Don't know,No,HR resources are available but rarely used.
981,2021,44,Male,United States,No,No,No,Never,More than 1000,Yes,Yes,No,Yes,No,Don't know,Yes,Somewhat easy,No,No,No,Yes,No,No,No,No,Open conversations help reduce stigma.
982,2019,20,Male,United Kingdom,No,No,No,Rarely,More than 1000,No,Yes,Yes,Yes,Yes,Don't know,Don't know,Don't know,Yes,No,No,Some of them,No,No,No,No,
983,2021,29,Male,India,No,No,No,Never,100-500,Yes,Yes,Yes,Yes,Yes,No,No,Very easy,No,No,Some of them,No,Maybe,No,Don't know,Yes,Management needs training on mental health.
984,2023,31,Male,Other,No,No,Yes,Sometimes,100-500,Yes,Yes,Yes,Yes,Don't know,Yes,Don't know,Very easy,Maybe,No,No,Some of them,No,Maybe,Don't know,Yes,
985,2021,26,Male,Other,No,No,No,Sometimes,100-500,No,No,Yes,No,Yes,Yes,Yes,Very easy,Yes,No,No,No,No,No,Don't know,No,Leadership support makes all the difference.
986,2021,39,Female,Brazil,Yes,No,Yes,Often,26-100,No,Yes,Yes,Don't know,Don't know,Yes,No,Don't know,No,Maybe,Yes,No,No,No,Yes,Yes,Remote work has been a double-edged sword.
987,2024,24,Female,United Kingdom,Yes,No,No,Sometimes,26-100,Yes,No,Yes,Yes,Yes,Don't know,No,Somewhat difficult,No,No,Yes,No,Maybe,No,Yes,No,Open conversations help reduce stigma.
988,2019,18,Male,United States,No,Yes,No,Never,26-100,No,Yes,Yes,Yes,Don't know,No,Don't know,Somewhat easy,No,No,No,Yes,Yes,Maybe,No,Yes,Anonymous reporting would increase participation.
989,2024,42,Male,United States,No,No,No,Rarely,More than 1000,Yes,Yes,Yes,Don't know,Yes,Yes,No,Don't know,Yes,No,No,No,No,Yes,Yes,Yes,More anonymous support options would help.
990,2024,23,Male,Other,No,No,No,Often,100-500,No,No,Yes,Yes,Don't know,No,Don't know,Somewhat difficult,No,Yes,Yes,Yes,No,No,Yes,No,Anonymous reporting would increase participation.
991,2020,18,Male,United States,No,No,No,Rarely,More than 1000,Yes,Yes,Yes,Yes,Don't know,Yes,Don't know,Somewhat easy,Maybe,Maybe,No,Yes,Maybe,Maybe,Don't know,Yes,
992,2019,20,Male,Ireland,No,No,No,Never,100-500,Yes,Yes,Yes,No,No,Yes,Don't know,Very difficult,Yes,No,No,No,No,No,Yes,No,
993,2024,36,Male,Canada,No,No,No,Rarely,26-100,No,Yes,No,No,No,No,Don't know,Somewhat easy,Yes,No,Some of them,Some of them,No,Maybe,No,No,Open conversations help reduce stigma.
994,2024,18,Male,United States,No,No,Yes,Sometimes,26-100,No,No,No,No,No,No,Yes,Very difficult,Maybe,Maybe,No,No,No,Yes,Yes,No,More anonymous support options would help.
995,2021,30,Male,Brazil,No,No,No,Sometimes,6-25,Yes,Yes,No,Don't know,No,No,Yes,Somewhat easy,Yes,No,No,No,No,Maybe,Don't know,No,
996,2019,36,Male,United States,No,Yes,No,Sometimes,500-1000,No,Yes,Don't know,Yes,Yes,Yes,Yes,Don't know,Yes,No,No,Some of them,No,Maybe,Don't know,No,Leadership support makes all the difference.
997,2024,19,Female,Australia,No,No,Yes,Sometimes,500-1000,Yes,Yes,Don't know,No,Yes,No,Don't know,Somewhat easy,No,No,Yes,Yes,No,Maybe,Yes,No,Anonymous reporting would increase participation.
998,2022,32,Non-binary,Australia,No,No,No,Often,26-100,Yes,Yes,Don't know,Yes,Don't know,No,No,Don't know,Yes,Maybe,No,No,No,No,Don't know,Yes,Leadership support makes all the difference.
999,2023,30,Male,Other,No,Yes,No,Rarely,6-25,Yes,Yes,Don't know,No,No,No,No,Somewhat difficult,No,No,Yes,Some of them,Maybe,No,Yes,No,Stigma is still a major issue in my workplace.
1000,2022,19,Other / Prefer not to say,Canada,No,No,Yes,Often,More than 1000,No,Yes,Yes,Don't know,No,Don't know,Yes,Somewhat easy,No,No,No,Some of them,Yes,Yes,Yes,No,Burnout is rampant in my team.
1001,2022,36,Male,Other,No,No,Yes,Often,100-500,No,No,Don't know,Yes,Yes,Yes,Yes,Very difficult,No,Yes,No,No,Maybe,No,Don't know,No,
1002,2023,39,Female,Australia,No,No,Yes,Rarely,More than 1000,Yes,No,No,Don't know,Don't know,Don't know,Don't know,Very difficult,Yes,No,No,No,Maybe,Maybe,Don't know,No,Stigma is still a major issue in my workplace.
1003,2024,18,Female,United States,No,No,No,Never,More than 1000,No,Yes,No,Don't know,No,Yes,Yes,Somewhat easy,Maybe,Yes,Some of them,Some of them,Maybe,No,Don't know,No,More anonymous support options would help.
1004,2021,34,Male,United States,No,Yes,No,Often,1-5,Yes,Yes,No,Yes,No,Yes,Don't know,Don't know,Maybe,No,Some of them,No,No,No,No,No,Management needs training on mental health.
1005,2024,25,Female,Germany,No,No,No,Rarely,6-25,Yes,Yes,No,No,Don't know,Yes,Yes,Very easy,No,Maybe,Some of them,No,Maybe,No,Yes,No,
1006,2019,34,Female,Sweden,No,No,Yes,Sometimes,26-100,Yes,Yes,No,Don't know,Yes,Don't know,No,Very easy,Maybe,No,Some of them,No,No,Maybe,No,No,
1007,2021,38,Male,Netherlands,No,No,No,Sometimes,26-100,No,No,No,No,No,Don't know,Don't know,Somewhat easy,No,Maybe,No,Some of them,Maybe,No,No,No,We have EAP but nobody talks about it.
1008,2023,31,Male,United Kingdom,No,Yes,No,Sometimes,500-1000,Yes,Yes,Yes,Yes,Yes,Yes,Yes,Don't know,Yes,No,No,No,No,No,Don't know,No,Open conversations help reduce stigma.
1009,2020,38,Non-binary,Germany,No,No,No,Never,100-500,No,No,Yes,Yes,Yes,Yes,Don't know,Very difficult,Yes,No,No,No,Maybe,No,Yes,No,
1010,2023,30,Male,Brazil,No,Yes,Yes,Sometimes,6-25,No,No,Yes,No,No,Don't know,No,Somewhat easy,No,No,No,No,No,No,Yes,No,
1011,2019,27,Male,United States,No,No,No,Sometimes,500-1000,No,No,No,Don't know,Yes,Don't know,Yes,Don't know,No,Yes,Some of them,Yes,No,No,Yes,Yes,Stigma is still a major issue in my workplace.
1012,2020,24,Male,United States,No,Yes,No,Sometimes,26-100,Yes,Yes,Yes,No,Don't know,No,No,Very difficult,Yes,No,Yes,Some of them,Maybe,Maybe,Yes,No,
1013,2022,28,Female,United States,No,No,Yes,Sometimes,6-25,Yes,Yes,No,No,No,No,Yes,Somewhat difficult,Maybe,Maybe,No,No,No,Maybe,No,No,HR resources are available but rarely used.
1014,2023,36,Female,Germany,No,No,Yes,Never,6-25,No,Yes,No,Don't know,No,No,No,Somewhat difficult,Maybe,No,Yes,Some of them,No,Maybe,Yes,No,HR resources are available but rarely used.
1015,2021,18,Male,France,No,No,No,Sometimes,26-100,No,No,Yes,Don't know,No,Yes,Yes,Very difficult,Yes,No,No,Some of them,Maybe,No,Yes,No,
1016,2024,45,Non-binary,United States,No,No,No,Rarely,100-500,Yes,Yes,Yes,Don't know,Yes,Yes,Yes,Somewhat easy,Yes,No,Some of them,No,Maybe,Yes,No,No,Remote work has been a double-edged sword.
1017,2022,42,Female,Other,No,Yes,Yes,Rarely,100-500,No,Yes,Yes,Yes,Yes,No,No,Somewhat difficult,No,Yes,Some of them,Some of them,Maybe,No,Don't know,No,Leadership support makes all the difference.
1018,2023,28,Male,United States,Yes,No,No,Never,26-100,No,Yes,No,Don't know,No,Don't know,Don't know,Somewhat easy,Yes,No,No,Some of them,No,Maybe,No,No,Remote work has been a double-edged sword.
1019,2023,40,Male,Canada,No,No,No,Never,100-500,No,Yes,Yes,Don't know,Don't know,Don't know,No,Somewhat easy,Maybe,No,Yes,Yes,No,No,Don't know,No,Better awareness programs needed.
1020,2022,24,Non-binary,United States,No,No,Yes,Sometimes,26-100,Yes,Yes,No,Yes,Yes,No,No,Somewhat easy,Maybe,No,No,No,Maybe,Yes,Don't know,No,Anonymous reporting would increase participation.
1021,2023,45,Male,United States,No,No,No,Never,100-500,No,No,No,Yes,Don't know,Don't know,No,Very difficult,Yes,Yes,No,No,No,No,Yes,No,
1022,2020,28,Female,Sweden,No,Yes,Yes,Sometimes,100-500,Yes,Yes,No,Yes,Yes,No,No,Very easy,Maybe,Maybe,Yes,No,Maybe,Yes,No,No,Burnout is rampant in my team.
1023,2022,25,Female,United States,No,Yes,Yes,Never,1-5,No,Yes,No,Don't know,No,No,Don't know,Somewhat easy,No,No,No,No,No,Maybe,No,No,
1024,2021,28,Male,United Kingdom,Yes,No,No,Rarely,26-100,Yes,No,Yes,No,Yes,No,Yes,Very easy,Maybe,Maybe,Yes,No,No,No,No,No,HR resources are available but rarely used.
1025,2021,29,Male,Netherlands,No,Yes,Yes,Sometimes,100-500,Yes,Yes,Yes,Yes,No,No,Don't know,Somewhat difficult,No,No,No,No,No,Maybe,Don't know,No,
1026,2024,46,Other / Prefer not to say,Netherlands,No,No,No,Rarely,More than 1000,No,Yes,Yes,Yes,No,Don't know,Yes,Somewhat easy,No,No,No,No,Maybe,Maybe,Yes,No,
1027,2021,31,Male,United States,No,No,No,Rarely,More than 1000,No,Yes,Don't know,Yes,Don't know,No,No,Somewhat easy,No,No,No,Yes,No,No,Yes,No,Anonymous reporting would increase participation.
1028,2022,27,Male,Canada,No,Yes,No,Never,More than 1000,No,Yes,No,Yes,No,Yes,Yes,Don't know,Maybe,No,Yes,Some of them,No,Maybe,Yes,Yes,Remote work has been a double-edged sword.
1029,2022,34,Male,Canada,No,Yes,Yes,Never,100-500,No,No,Yes,Yes,Don't know,Don't know,Yes,Don't know,No,No,Some of them,No,Maybe,No,No,No,
1030,2024,40,Male,United Kingdom,No,No,No,Rarely,26-100,Yes,Yes,No,Don't know,No,Don't know,No,Don't know,Maybe,No,Yes,No,No,Yes,Don't know,Yes,
1031,2024,33,Female,United Kingdom,No,No,No,Never,6-25,No,Yes,Yes,Yes,No,No,No,Very easy,No,No,Some of them,Yes,Maybe,Maybe,Don't know,No,Better awareness programs needed.
1032,2023,36,Male,Other,No,No,No,Often,500-1000,No,No,No,Yes,No,No,No,Somewhat difficult,Yes,No,No,Yes,No,Yes,No,No,HR resources are available but rarely used.
1033,2022,36,Non-binary,United States,No,Yes,Yes,Rarely,100-500,No,Yes,Yes,Don't know,No,No,Don't know,Somewhat easy,Yes,No,Yes,Yes,Maybe,No,No,No,Burnout is rampant in my team.
1034,2024,37,Male,United States,Yes,Yes,Yes,Rarely,6-25,No,No,Yes,Yes,No,No,Don't know,Somewhat difficult,Maybe,No,Yes,No,No,Yes,Don't know,No,
1035,2021,27,Female,United States,No,No,Yes,Sometimes,100-500,No,Yes,No,Yes,No,Don't know,Yes,Very difficult,Maybe,No,Some of them,Yes,Maybe,Maybe,Yes,Yes,Stigma is still a major issue in my workplace.
1036,2023,35,Male,India,No,No,Yes,Rarely,6-25,Yes,Yes,No,Don't know,Don't know,No,No,Somewhat easy,Yes,No,No,No,Maybe,No,No,No,HR resources are available but rarely used.
1037,2020,28,Female,Other,Yes,No,No,Rarely,100-500,Yes,No,Yes,No,Don't know,Yes,Yes,Somewhat difficult,No,No,No,No,Maybe,No,Don't know,No,
1038,2023,37,Male,France,No,Yes,Yes,Rarely,6-25,Yes,Yes,No,Don't know,No,Don't know,No,Somewhat easy,Maybe,No,Some of them,Yes,Maybe,No,Don't know,No,Glad to see more companies taking this seriously.
1039,2019,25,Female,United Kingdom,No,No,No,Never,500-1000,No,No,Yes,Yes,No,Yes,Don't know,Very difficult,Yes,No,Yes,No,Yes,Yes,Yes,No,Open conversations help reduce stigma.
1040,2021,18,Female,Brazil,No,No,Yes,Often,100-500,No,Yes,Yes,Yes,Yes,Yes,Don't know,Don't know,No,No,Yes,Yes,No,Maybe,Yes,No,Anonymous reporting would increase participation.
1041,2023,32,Male,United States,No,Yes,Yes,Rarely,More than 1000,Yes,No,Yes,Yes,No,No,Yes,Very easy,Maybe,No,Yes,No,Maybe,Yes,Don't know,No,Better awareness programs needed.
1042,2022,40,Female,United States,No,No,No,Often,6-25,No,No,Yes,Don't know,No,No,No,Somewhat difficult,Maybe,Maybe,No,Yes,No,No,No,No,We have EAP but nobody talks about it.
1043,2022,37,Male,United States,No,No,Yes,Sometimes,6-25,No,Yes,No,Don't know,No,No,No,Somewhat easy,Maybe,Yes,No,Yes,Yes,No,No,No,Leadership support makes all the difference.
1044,2023,35,Female,Australia,No,No,No,Rarely,100-500,Yes,Yes,No,Yes,No,Don't know,Yes,Very difficult,Yes,No,Yes,No,No,Maybe,Don't know,No,
1045,2023,29,Non-binary,United Kingdom,No,Yes,No,Sometimes,100-500,No,Yes,No,Yes,Yes,Yes,Yes,Don't know,Maybe,Maybe,No,No,No,No,Yes,Yes,We have EAP but nobody talks about it.
1046,2021,40,Male,Germany,No,No,Yes,Never,More than 1000,No,Yes,Yes,Yes,Yes,Yes,Yes,Somewhat difficult,No,No,Yes,No,No,No,No,No,HR resources are available but rarely used.
1047,2024,19,Male,United States,Yes,No,Yes,Rarely,100-500,Yes,No,No,Yes,Yes,No,Don't know,Don't know,Maybe,No,Yes,No,Maybe,No,Don't know,No,Management needs training on mental health.
1048,2024,36,Male,United States,No,Yes,Yes,Rarely,26-100,Yes,Yes,Yes,Don't know,Yes,No,Yes,Very difficult,No,Maybe,Some of them,No,No,Yes,Yes,Yes,Anonymous reporting would increase participation.
1049,2023,42,Male,United States,No,Yes,No,Rarely,26-100,Yes,Yes,Don't know,No,Yes,Don't know,Don't know,Very easy,No,No,Yes,Some of them,No,Maybe,Don't know,Yes,Glad to see more companies taking this seriously.
1050,2023,39,Male,United States,No,No,No,Never,26-100,Yes,Yes,No,Don't know,No,Don't know,No,Somewhat difficult,Maybe,No,Some of them,No,Maybe,No,No,No,
1051,2020,37,Male,United States,No,No,Yes,Often,26-100,Yes,Yes,Yes,Yes,Don't know,Don't know,No,Somewhat easy,Maybe,Maybe,Some of them,No,No,No,Yes,No,HR resources are available but rarely used.
1052,2024,25,Female,United States,Yes,Yes,No,Rarely,More than 1000,No,Yes,Yes,Yes,No,Yes,Don't know,Don't know,No,Maybe,Some of them,No,Maybe,Yes,Yes,No,Leadership support makes all the difference.
1053,2023,22,Male,United States,No,Yes,Yes,Often,100-500,No,Yes,Don't know,Don't know,Yes,Yes,Yes,Somewhat difficult,Yes,No,Some of them,No,No,No,Don't know,No,
1054,2024,18,Male,United States,No,No,No,Sometimes,500-1000,Yes,Yes,Don't know,No,Don't know,Yes,Yes,Somewhat difficult,No,Maybe,Yes,Some of them,No,No,Yes,Yes,
1055,2023,31,Male,Netherlands,No,No,No,Sometimes,26-100,Yes,Yes,No,No,Don't know,No,Yes,Somewhat difficult,No,No,Some of them,No,No,No,Don't know,No,Anonymous reporting would increase participation.
1056,2020,18,Male,United States,No,No,Yes,Often,100-500,No,Yes,No,Yes,No,Don't know,Yes,Somewhat difficult,No,No,Yes,No,Maybe,Maybe,Yes,No,Remote work has been a double-edged sword.
1057,2022,18,Female,United States,No,No,Yes,Rarely,More than 1000,No,Yes,Yes,Yes,Yes,Yes,No,Very difficult,Maybe,No,Some of them,No,No,Maybe,Yes,Yes,We have EAP but nobody talks about it.
1058,2021,39,Male,Other,No,No,Yes,Often,More than 1000,Yes,Yes,Yes,Yes,Yes,Yes,Yes,Somewhat difficult,No,No,No,No,Maybe,No,Don't know,No,Better awareness programs needed.
1059,2022,40,Male,United States,No,Yes,Yes,Rarely,More than 1000,No,No,No,Don't know,Yes,Yes,Yes,Somewhat easy,Maybe,Yes,No,Yes,No,Maybe,No,No,Better awareness programs needed.
1060,2023,18,Non-binary,United States,No,No,Yes,Often,26-100,No,Yes,No,Don't know,No,Don't know,No,Somewhat easy,Maybe,No,No,No,No,Maybe,Don't know,Yes,Anonymous reporting would increase participation.
1061,2024,33,Male,United States,No,No,Yes,Sometimes,More than 1000,No,Yes,Yes,No,Yes,Yes,Yes,Very difficult,No,No,Some of them,No,No,No,Don't know,Yes,
1062,2020,40,Male,United States,No,No,No,Never,26-100,No,No,No,No,No,Yes,Yes,Don't know,Maybe,Maybe,Some of them,No,No,No,No,No,
1063,2020,38,Male,United Kingdom,No,No,No,Never,26-100,Yes,Yes,Yes,Don't know,Yes,No,Don't know,Don't know,Yes,No,Yes,Yes,Yes,No,Don't know,No,Remote work has been a double-edged sword.
1064,2023,18,Male,Canada,No,No,Yes,Sometimes,More than 1000,No,Yes,Yes,Don't know,No,Don't know,Yes,Somewhat easy,Maybe,No,Yes,Some of them,No,Yes,No,Yes,Open conversations help reduce stigma.
1065,2023,30,Male,Other,No,Yes,Yes,Rarely,26-100,No,No,No,Yes,No,No,Don't know,Don't know,Yes,No,Yes,Yes,No,Maybe,Don't know,No,Stigma is still a major issue in my workplace.
1066,2023,27,Male,United States,No,No,No,Often,More than 1000,No,Yes,Yes,Yes,No,Yes,Don't know,Somewhat difficult,Yes,Maybe,Some of them,Some of them,No,No,No,No,Stigma is still a major issue in my workplace.
1067,2022,25,Male,United States,Yes,No,No,Never,1-5,No,Yes,Don't know,No,Yes,Don't know,Yes,Don't know,Maybe,No,Yes,Some of them,Maybe,No,No,No,Remote work has been a double-edged sword.
1068,2019,31,Male,United Kingdom,Yes,Yes,Yes,Often,26-100,Yes,Yes,No,Yes,Yes,Yes,Yes,Don't know,Maybe,No,No,No,No,No,Yes,No,Anonymous reporting would increase participation.
1069,2023,34,Male,United States,No,Yes,Yes,Sometimes,500-1000,Yes,Yes,No,Yes,No,Don't know,Yes,Somewhat easy,Yes,No,Some of them,No,No,Maybe,No,No,
1070,2022,31,Male,France,No,No,Yes,Sometimes,6-25,No,Yes,Yes,No,No,Don't know,Don't know,Somewhat difficult,No,Maybe,No,No,Maybe,Yes,Yes,No,We have EAP but nobody talks about it.
1071,2024,37,Male,Germany,No,No,No,Rarely,26-100,Yes,Yes,Yes,No,Don't know,No,No,Don't know,Maybe,No,No,No,Yes,Maybe,Don't know,No,
1072,2024,30,Female,Other,No,No,No,Rarely,More than 1000,Yes,Yes,No,Yes,Yes,Don't know,Yes,Somewhat difficult,Yes,No,No,Yes,No,Yes,Don't know,No,More anonymous support options would help.
1073,2019,37,Male,United States,No,No,No,Rarely,26-100,Yes,Yes,Yes,Don't know,Don't know,Yes,No,Somewhat easy,Yes,No,No,Yes,No,Maybe,Don't know,No,Open conversations help reduce stigma.
1074,2024,42,Female,United Kingdom,No,No,Yes,Sometimes,1-5,No,No,No,No,No,Don't know,Yes,Somewhat easy,Yes,No,Yes,Yes,No,No,No,No,
1075,2021,37,Male,United Kingdom,No,No,Yes,Sometimes,26-100,Yes,Yes,Don't know,Don't know,Don't know,No,No,Somewhat easy,No,Maybe,No,Some of them,No,No,Don't know,No,
1076,2023,25,Female,Other,Yes,No,Yes,Sometimes,100-500,No,No,Don't know,No,Yes,Yes,No,Very easy,Maybe,No,No,Some of them,No,Maybe,Yes,No,
1077,2024,32,Male,United States,Yes,Yes,Yes,Rarely,More than 1000,Yes,Yes,Yes,Don't know,No,Yes,Yes,Somewhat easy,No,No,Yes,Yes,No,Maybe,No,No,
1078,2023,34,Female,Other,No,No,No,Often,26-100,No,Yes,Yes,No,No,Don't know,No,Somewhat easy,Maybe,No,Yes,No,Maybe,Maybe,No,Yes,
1079,2021,24,Male,United States,No,No,No,Never,More than 1000,No,No,Don't know,No,Yes,Yes,Yes,Don't know,Yes,Maybe,Some of them,No,No,Maybe,Don't know,Yes,Open conversations help reduce stigma.
1080,2024,40,Male,United States,Yes,No,No,Sometimes,100-500,Yes,Yes,Yes,No,Don't know,Yes,Don't know,Very easy,Maybe,No,No,No,Maybe,Maybe,No,Yes,Remote work has been a double-edged sword.
1081,2023,32,Male,Canada,No,No,No,Never,More than 1000,No,No,No,Yes,Don't know,Yes,No,Very easy,No,No,No,No,No,No,Yes,No,Open conversations help reduce stigma.
1082,2024,18,Female,United States,No,No,No,Rarely,100-500,No,Yes,Yes,Don't know,Yes,No,Don't know,Somewhat difficult,No,Maybe,No,Yes,No,No,Yes,No,
1083,2023,27,Male,Canada,No,No,Yes,Often,More than 1000,Yes,Yes,Don't know,Don't know,Yes,No,Yes,Somewhat easy,No,Yes,Some of them,Some of them,No,No,No,Yes,
1084,2024,35,Male,Germany,No,Yes,Yes,Sometimes,26-100,Yes,Yes,Don't know,Yes,Yes,Don't know,Don't know,Somewhat difficult,No,No,No,Yes,No,Yes,Yes,No,
1085,2024,23,Non-binary,United States,No,No,Yes,Sometimes,500-1000,Yes,Yes,Yes,Don't know,Yes,Don't know,Yes,Somewhat difficult,No,Maybe,No,Yes,Maybe,No,Yes,No,Stigma is still a major issue in my workplace.
1086,2024,21,Male,United States,No,No,No,Rarely,More than 1000,Yes,Yes,Yes,No,No,Don't know,Don't know,Somewhat difficult,No,No,Yes,No,Maybe,Maybe,Yes,No,Stigma is still a major issue in my workplace.
1087,2022,33,Female,Canada,No,No,No,Never,More than 1000,Yes,Yes,No,Yes,Yes,Don't know,Don't know,Don't know,Yes,Yes,Yes,No,No,No,Don't know,No,We have EAP but nobody talks about it.
1088,2019,43,Male,United States,No,No,Yes,Rarely,1-5,Yes,No,No,Don't know,Don't know,Don't know,Don't know,Somewhat difficult,No,Maybe,Yes,Yes,No,Maybe,Don't know,No,Glad to see more companies taking this seriously.
1089,2023,28,Male,Canada,No,No,No,Never,More than 1000,Yes,Yes,Yes,Don't know,No,Don't know,Yes,Somewhat difficult,No,No,No,Some of them,No,No,Don't know,No,Leadership support makes all the difference.
1090,2021,32,Male,United States,No,No,No,Sometimes,26-100,Yes,Yes,No,Don't know,Don't know,Yes,Don't know,Very difficult,Yes,Maybe,No,No,No,No,Yes,No,
1091,2023,32,Male,United States,No,No,No,Never,100-500,No,Yes,Yes,Don't know,No,Don't know,Yes,Somewhat easy,No,Maybe,Yes,Yes,No,No,No,Yes,More anonymous support options would help.
1092,2024,27,Male,United States,No,No,Yes,Sometimes,100-500,No,Yes,No,Yes,Don't know,Yes,Don't know,Don't know,Yes,Maybe,Some of them,No,No,No,Don't know,Yes,
1093,2021,30,Male,Sweden,No,Yes,Yes,Rarely,500-1000,Yes,Yes,Yes,Don't know,No,Don't know,Don't know,Somewhat difficult,Maybe,No,Some of them,Some of them,Yes,No,Yes,Yes,Leadership support makes all the difference.
1094,2022,18,Male,United Kingdom,No,No,No,Rarely,More than 1000,Yes,Yes,No,Don't know,Yes,Yes,No,Somewhat easy,No,No,No,No,No,No,No,Yes,Better awareness programs needed.
1095,2020,29,Male,United States,No,No,No,Never,26-100,Yes,Yes,No,Yes,No,Don't know,Don't know,Somewhat easy,Maybe,No,Yes,Some of them,Maybe,No,Don't know,No,
1096,2023,29,Male,United States,Yes,No,Yes,Sometimes,More than 1000,No,Yes,Yes,Don't know,Yes,Yes,Don't know,Don't know,Yes,No,No,Yes,No,No,No,No,Management needs training on mental health.
1097,2020,28,Non-binary,United Kingdom,No,No,Yes,Often,26-100,Yes,Yes,No,No,No,No,Don't know,Somewhat difficult,Maybe,No,Some of them,Yes,Maybe,Maybe,Yes,No,Anonymous reporting would increase participation.
1098,2022,20,Female,Germany,No,No,Yes,Rarely,More than 1000,Yes,No,No,Yes,Yes,Don't know,Yes,Somewhat easy,No,No,No,No,Maybe,Maybe,Yes,No,
1099,2023,21,Female,Other,No,No,Yes,Sometimes,100-500,Yes,Yes,No,Don't know,Yes,Yes,Yes,Somewhat difficult,Yes,No,No,No,No,Maybe,No,No,Anonymous reporting would increase participation.
1100,2024,35,Male,Canada,No,No,Yes,Rarely,More than 1000,Yes,Yes,No,Yes,No,Yes,Yes,Somewhat easy,Maybe,Yes,Yes,Yes,No,No,Yes,No,Better awareness programs needed.
1101,2021,26,Male,Other,No,No,No,Rarely,500-1000,No,Yes,Yes,Don't know,No,No,Yes,Very easy,No,Maybe,No,Yes,No,No,Don't know,Yes,More anonymous support options would help.
1102,2020,18,Male,United States,No,No,Yes,Sometimes,500-1000,Yes,No,Don't know,No,Yes,No,Don't know,Very difficult,Maybe,No,Some of them,Some of them,No,No,Don't know,No,Stigma is still a major issue in my workplace.
1103,2022,23,Male,United States,No,No,Yes,Never,500-1000,Yes,Yes,No,Don't know,Yes,No,Yes,Somewhat easy,No,Maybe,No,Yes,No,No,Don't know,No,More anonymous support options would help.
1104,2024,45,Male,United States,No,No,No,Never,500-1000,No,Yes,Yes,Yes,No,Yes,Yes,Somewhat easy,No,No,Some of them,Yes,No,Maybe,Don't know,Yes,
1105,2021,28,Male,Germany,No,Yes,Yes,Rarely,100-500,Yes,Yes,No,No,Yes,No,No,Somewhat easy,Yes,No,No,No,Maybe,No,Don't know,Yes,Stigma is still a major issue in my workplace.
1106,2023,55,Male,United States,No,Yes,No,Never,More than 1000,Yes,Yes,Yes,Yes,Yes,Don't know,Yes,Somewhat easy,No,No,No,No,Maybe,Maybe,Don't know,No,
1107,2019,31,Male,Ireland,No,No,No,Sometimes,More than 1000,No,Yes,No,No,No,Yes,Yes,Somewhat difficult,No,No,No,No,Maybe,No,No,No,Glad to see more companies taking this seriously.
1108,2024,40,Male,Other,No,Yes,Yes,Often,26-100,Yes,Yes,Yes,No,No,No,Don't know,Don't know,Yes,Yes,No,Yes,No,No,No,No,Management needs training on mental health.
1109,2021,19,Female,Canada,No,No,No,Rarely,More than 1000,No,No,Yes,Yes,Yes,No,Yes,Very easy,Maybe,No,No,No,No,No,Yes,Yes,
1110,2022,32,Female,Australia,No,No,Yes,Rarely,100-500,No,Yes,Don't know,Yes,Yes,No,Don't know,Somewhat easy,Maybe,No,Some of them,Yes,Maybe,Yes,No,No,Better awareness programs needed.
1111,2022,30,Female,United States,No,No,Yes,Rarely,500-1000,No,Yes,Yes,Don't know,Don't know,Don't know,Yes,Don't know,Yes,Maybe,Some of them,No,Maybe,Yes,No,No,Better awareness programs needed.
1112,2021,28,Female,Other,Yes,Yes,No,Sometimes,More than 1000,No,Yes,Yes,Don't know,Yes,No,Don't know,Very easy,No,Yes,Some of them,Yes,No,Maybe,Yes,No,Leadership support makes all the difference.
1113,2022,24,Male,Canada,No,Yes,No,Never,100-500,No,No,Yes,Don't know,Don't know,Yes,Yes,Somewhat easy,No,No,Some of them,Yes,No,No,Yes,No,
1114,2023,37,Male,United Kingdom,No,No,No,Never,More than 1000,Yes,No,Yes,Don't know,Yes,Don't know,Don't know,Very easy,Maybe,No,Yes,Yes,No,No,Don't know,No,Open conversations help reduce stigma.
1115,2023,18,Female,Germany,No,Yes,No,Often,1-5,Yes,No,No,Don't know,No,Yes,Yes,Don't know,Maybe,No,No,Yes,No,Yes,Yes,No,Open conversations help reduce stigma.
1116,2022,33,Male,United States,No,No,Yes,Often,More than 1000,No,Yes,Don't know,No,Yes,Don't know,Yes,Don't know,Maybe,No,Some of them,No,No,No,Don't know,No,
1117,2020,31,Male,Other,No,No,Yes,Never,More than 1000,Yes,Yes,Yes,Don't know,No,No,Yes,Very easy,Maybe,No,No,No,No,Yes,Yes,No,We have EAP but nobody talks about it.
1118,2020,28,Male,France,No,No,No,Often,6-25,Yes,Yes,Yes,No,Yes,No,Don't know,Very easy,Maybe,No,Yes,Yes,Maybe,Yes,Don't know,No,Glad to see more companies taking this seriously.
1119,2022,34,Male,United States,No,No,No,Rarely,More than 1000,No,Yes,Yes,Don't know,Don't know,No,Don't know,Don't know,No,No,No,No,No,No,Yes,No,Remote work has been a double-edged sword.
1120,2020,36,Female,United States,Yes,No,No,Rarely,500-1000,Yes,No,Yes,Yes,Yes,Yes,No,Don't know,Yes,No,Some of them,Yes,Yes,No,Yes,No,Management needs training on mental health.
1121,2024,44,Male,Canada,Yes,Yes,Yes,Never,More than 1000,Yes,Yes,No,Yes,No,Yes,Yes,Don't know,No,No,Yes,No,Yes,No,No,No,
1122,2023,18,Female,Brazil,No,No,Yes,Often,More than 1000,Yes,Yes,No,Don't know,Don't know,No,Yes,Very easy,Maybe,No,Some of them,Yes,No,Maybe,Don't know,No,Open conversations help reduce stigma.
1123,2019,21,Female,France,Yes,No,Yes,Never,1-5,No,Yes,No,Yes,No,Don't know,No,Don't know,Yes,Maybe,Some of them,No,Maybe,Maybe,Don't know,Yes,
1124,2023,19,Male,United States,No,No,No,Never,1-5,Yes,No,Yes,Don't know,No,Don't know,No,Somewhat easy,No,No,Some of them,Some of them,Yes,Maybe,Don't know,Yes,
1125,2019,35,Female,Germany,No,No,No,Never,100-500,Yes,Yes,Yes,Don't know,No,Yes,Yes,Somewhat easy,Maybe,Yes,Some of them,Some of them,No,No,No,No,
1126,2022,23,Female,Canada,No,No,Yes,Sometimes,26-100,Yes,Yes,Don't know,Yes,No,Don't know,Yes,Somewhat difficult,Maybe,No,Yes,Yes,No,No,Don't know,Yes,Remote work has been a double-edged sword.
1127,2023,22,Non-binary,United States,No,Yes,Yes,Sometimes,6-25,No,Yes,Don't know,No,Don't know,No,Don't know,Very easy,Maybe,Maybe,No,Some of them,Maybe,Maybe,Yes,No,
1128,2022,37,Female,France,No,Yes,No,Rarely,More than 1000,Yes,Yes,Yes,Don't know,Yes,Yes,No,Don't know,No,No,No,Yes,Maybe,No,No,No,Management needs training on mental health.
1129,2023,29,Female,Other,No,No,No,Often,100-500,Yes,Yes,Yes,Yes,No,Yes,Yes,Very easy,No,No,No,Yes,Maybe,No,No,No,HR resources are available but rarely used.
1130,2019,32,Male,United States,No,No,Yes,Sometimes,500-1000,No,Yes,Yes,Yes,Yes,Don't know,Don't know,Very easy,No,Maybe,No,No,No,No,Don't know,No,
1131,2024,18,Male,Australia,No,Yes,No,Often,500-1000,Yes,Yes,Yes,Yes,No,Don't know,No,Somewhat easy,Yes,No,Some of them,Some of them,Maybe,Maybe,No,Yes,
1132,2023,29,Female,United Kingdom,No,No,No,Rarely,100-500,Yes,Yes,Yes,Yes,Don't know,Don't know,No,Very easy,Maybe,No,No,No,No,No,Don't know,No,Burnout is rampant in my team.
1133,2020,23,Male,United States,No,No,No,Never,1-5,Yes,Yes,Yes,No,Yes,No,No,Very easy,No,Maybe,Some of them,Yes,Maybe,No,Yes,No,
1134,2021,26,Male,United States,No,No,No,Rarely,500-1000,Yes,Yes,Yes,Yes,Yes,Yes,Don't know,Somewhat difficult,Maybe,No,No,No,No,No,Don't know,Yes,
1135,2022,28,Female,United States,Yes,Yes,No,Rarely,1-5,Yes,No,No,Yes,Yes,No,No,Somewhat difficult,Maybe,No,Some of them,No,No,No,No,No,
1136,2022,38,Male,Other,Yes,No,No,Often,100-500,Yes,Yes,Yes,Yes,Yes,No,Don't know,Don't know,Yes,No,Yes,No,Maybe,Maybe,Yes,No,
1137,2022,21,Non-binary,United Kingdom,No,Yes,Yes,Sometimes,100-500,Yes,Yes,No,Don't know,Yes,Don't know,Yes,Very difficult,Maybe,No,Some of them,Yes,Yes,Yes,Yes,No,
1138,2022,32,Female,United States,No,Yes,Yes,Sometimes,100-500,Yes,Yes,No,Yes,Yes,Yes,Don't know,Don't know,No,No,Yes,No,No,Maybe,Don't know,No,We have EAP but nobody talks about it.
1139,2023,28,Male,United States,No,No,No,Never,500-1000,No,Yes,Yes,Yes,Don't know,Yes,Yes,Somewhat difficult,Maybe,Yes,No,Some of them,No,No,Yes,No,
1140,2023,41,Male,Sweden,No,No,Yes,Often,500-1000,Yes,No,Yes,No,Yes,Don't know,No,Don't know,No,No,Some of them,No,Maybe,No,Yes,No,
1141,2024,18,Female,Germany,No,Yes,Yes,Sometimes,500-1000,Yes,No,Don't know,Yes,Don't know,Don't know,Don't know,Somewhat easy,No,Maybe,Some of them,No,Maybe,No,Yes,No,
1142,2024,26,Male,United States,No,Yes,No,Rarely,100-500,Yes,No,No,Yes,Don't know,Don't know,Yes,Don't know,Maybe,No,No,No,No,No,No,No,
1143,2023,40,Female,Australia,Yes,No,No,Never,100-500,Yes,Yes,No,No,Yes,No,Don't know,Don't know,Maybe,Maybe,No,No,Yes,No,No,No,We have EAP but nobody talks about it.
1144,2023,24,Non-binary,United States,No,No,Yes,Rarely,500-1000,Yes,Yes,Yes,Yes,Don't know,Yes,Yes,Don't know,No,No,Some of them,Yes,No,No,Don't know,Yes,Glad to see more companies taking this seriously.
1145,2024,27,Male,Netherlands,Yes,Yes,Yes,Sometimes,500-1000,No,Yes,No,Don't know,Yes,No,Yes,Somewhat easy,Yes,Maybe,Yes,Some of them,No,No,Don't know,No,
1146,2023,21,Male,United States,Yes,Yes,Yes,Often,26-100,No,No,No,No,No,No,Don't know,Somewhat difficult,No,No,Some of them,Some of them,No,No,Don't know,Yes,We have EAP but nobody talks about it.
1147,2020,23,Female,United States,No,No,No,Rarely,More than 1000,Yes,Yes,Yes,Don't know,No,No,Yes,Somewhat easy,No,No,Some of them,No,No,No,Don't know,No,Remote work has been a double-edged sword.
1148,2022,18,Female,United States,No,No,No,Rarely,100-500,Yes,Yes,No,Don't know,Yes,Yes,Don't know,Somewhat easy,Maybe,Yes,No,Yes,No,No,Yes,No,Glad to see more companies taking this seriously.
1149,2021,31,Male,Other,No,No,Yes,Often,More than 1000,Yes,No,Yes,Don't know,No,Don't know,Yes,Somewhat easy,Maybe,No,No,Some of them,No,No,No,No,Burnout is rampant in my team.
1150,2021,29,Male,United States,No,Yes,Yes,Rarely,100-500,No,Yes,Don't know,No,Yes,Yes,Don't know,Very difficult,No,No,No,Some of them,No,No,Don't know,No,
1151,2024,42,Other / Prefer not to say,United States,No,No,No,Rarely,100-500,No,Yes,No,Yes,Yes,Yes,No,Somewhat easy,Maybe,No,No,Yes,No,No,No,No,Management needs training on mental health.
1152,2020,24,Female,United States,No,No,No,Rarely,26-100,Yes,No,Yes,Don't know,Yes,Don't know,No,Somewhat easy,Maybe,Maybe,No,No,No,Maybe,Don't know,No,Open conversations help reduce stigma.
1153,2020,23,Male,United States,No,No,Yes,Sometimes,6-25,No,No,No,No,No,Yes,Yes,Somewhat easy,Maybe,No,Yes,No,No,No,No,No,HR resources are available but rarely used.
1154,2022,23,Male,United States,No,Yes,Yes,Often,More than 1000,No,Yes,Don't know,Yes,No,No,Don't know,Somewhat easy,Maybe,Yes,No,No,Maybe,Maybe,No,No,We have EAP but nobody talks about it.
1155,2022,21,Male,United States,Yes,No,No,Sometimes,6-25,No,Yes,No,Don't know,Don't know,Don't know,Yes,Somewhat difficult,No,Maybe,No,Some of them,No,No,Don't know,No,Remote work has been a double-edged sword.
1156,2024,26,Non-binary,United States,No,Yes,No,Never,100-500,Yes,Yes,No,Yes,Yes,Don't know,Yes,Very easy,Maybe,Maybe,No,Yes,Yes,Maybe,No,No,
1157,2023,47,Male,India,No,Yes,Yes,Often,More than 1000,Yes,Yes,No,Yes,Don't know,No,Yes,Don't know,No,Maybe,No,Some of them,Maybe,Maybe,Don't know,No,
1158,2024,36,Male,United States,No,Yes,No,Sometimes,100-500,Yes,No,Yes,Yes,Yes,Don't know,Don't know,Somewhat easy,Maybe,No,Some of them,No,Maybe,No,Yes,No,
1159,2024,22,Other / Prefer not to say,United States,No,No,No,Rarely,6-25,No,Yes,No,Don't know,No,Don't know,No,Don't know,Yes,No,Some of them,Yes,No,No,No,No,More anonymous support options would help.
1160,2023,45,Male,United Kingdom,Yes,No,Yes,Often,More than 1000,Yes,Yes,Yes,Yes,No,Don't know,Don't know,Somewhat difficult,Yes,Maybe,Some of them,No,No,No,Don't know,No,HR resources are available but rarely used.
1161,2021,18,Male,United States,No,No,No,Sometimes,6-25,Yes,Yes,Don't know,Don't know,Don't know,Don't know,Yes,Don't know,Yes,Maybe,No,No,Maybe,Maybe,Don't know,No,Management needs training on mental health.
1162,2023,26,Female,United Kingdom,No,Yes,No,Never,More than 1000,Yes,Yes,Yes,Yes,Don't know,Yes,Don't know,Somewhat difficult,Maybe,Yes,Yes,Some of them,Maybe,No,No,No,Remote work has been a double-edged sword.
1163,2020,34,Male,Other,No,No,Yes,Rarely,More than 1000,No,Yes,Yes,Yes,No,Yes,Yes,Don't know,No,Maybe,Yes,Some of them,No,Yes,Yes,No,
1164,2022,21,Male,United States,Yes,No,No,Never,100-500,Yes,No,No,Yes,No,Don't know,Yes,Somewhat difficult,No,Maybe,Yes,Some of them,No,No,No,No,Stigma is still a major issue in my workplace.
1165,2019,31,Female,Other,No,No,No,Rarely,100-500,Yes,No,Yes,No,No,Yes,Yes,Very easy,Maybe,No,Some of them,Yes,Maybe,No,No,No,
1166,2020,25,Female,Netherlands,No,No,Yes,Rarely,6-25,Yes,Yes,No,Don't know,Don't know,No,No,Somewhat easy,Maybe,No,No,Yes,Maybe,No,Don't know,No,Stigma is still a major issue in my workplace.
1167,2023,31,Female,India,No,No,No,Never,500-1000,No,Yes,Don't know,Yes,No,No,Don't know,Somewhat difficult,No,No,No,Yes,No,No,Yes,No,
1168,2023,29,Female,United States,No,Yes,No,Never,100-500,No,Yes,No,Don't know,No,Don't know,Don't know,Don't know,No,Maybe,Some of them,No,Maybe,Maybe,Don't know,No,
1169,2024,27,Male,United States,No,No,No,Sometimes,26-100,Yes,Yes,No,No,Don't know,Yes,No,Don't know,No,Maybe,Some of them,No,Maybe,No,Don't know,No,
1170,2020,26,Male,Australia,Yes,No,No,Never,26-100,No,Yes,No,Don't know,Yes,No,Don't know,Don't know,Maybe,No,No,Some of them,No,No,Don't know,No,
1171,2021,28,Non-binary,Netherlands,No,Yes,Yes,Often,More than 1000,No,Yes,Don't know,Don't know,Yes,No,Yes,Somewhat easy,No,No,No,Some of them,Maybe,Yes,Don't know,No,We have EAP but nobody talks about it.
1172,2022,18,Female,United Kingdom,No,No,Yes,Sometimes,More than 1000,Yes,No,No,No,No,Yes,Yes,Very easy,No,No,Some of them,No,No,No,Yes,No,
1173,2021,50,Male,Germany,Yes,No,No,Sometimes,6-25,No,Yes,Don't know,No,No,No,No,Somewhat easy,Maybe,No,Some of them,No,No,No,Yes,Yes,Remote work has been a double-edged sword.
1174,2024,33,Female,India,No,Yes,Yes,Sometimes,100-500,Yes,Yes,Don't know,Yes,No,No,Don't know,Somewhat difficult,Maybe,No,Yes,No,Maybe,Maybe,Yes,No,HR resources are available but rarely used.
1175,2022,33,Female,United States,No,No,No,Never,26-100,Yes,Yes,Don't know,No,Yes,Yes,No,Don't know,No,No,Yes,Some of them,Maybe,Maybe,Don't know,No,
1176,2021,22,Female,United States,No,No,Yes,Rarely,26-100,No,Yes,Yes,No,No,Yes,Yes,Somewhat difficult,Yes,Maybe,Yes,No,No,Yes,No,Yes,
1177,2022,24,Female,Sweden,No,Yes,No,Rarely,More than 1000,No,Yes,Yes,Don't know,No,Don't know,Yes,Somewhat difficult,Maybe,No,No,Some of them,Maybe,No,No,No,
1178,2022,27,Male,United Kingdom,No,Yes,Yes,Rarely,100-500,Yes,Yes,No,Don't know,Yes,Don't know,Yes,Don't know,Maybe,No,Yes,Yes,No,Maybe,Don't know,No,Leadership support makes all the difference.
1179,2023,28,Female,France,No,No,No,Often,1-5,Yes,Yes,Don't know,Don't know,Don't know,Don't know,No,Don't know,No,No,Yes,Yes,No,Maybe,Don't know,No,Leadership support makes all the difference.
1180,2019,35,Male,United States,No,Yes,Yes,Rarely,6-25,No,Yes,No,No,No,No,No,Somewhat difficult,Maybe,No,Yes,Yes,No,No,Yes,No,Better awareness programs needed.
1181,2022,30,Female,United States,No,No,Yes,Rarely,1-5,Yes,Yes,Don't know,No,Yes,No,Don't know,Don't know,No,Maybe,Yes,No,No,Maybe,Don't know,No,Glad to see more companies taking this seriously.
1182,2024,26,Other / Prefer not to say,Ireland,No,No,No,Rarely,500-1000,Yes,Yes,Don't know,Yes,No,No,Don't know,Somewhat difficult,Maybe,Maybe,No,Yes,Yes,No,No,No,Glad to see more companies taking this seriously.
1183,2022,37,Non-binary,United States,No,Yes,No,Often,100-500,Yes,No,Yes,Don't know,No,Yes,Yes,Somewhat easy,Yes,No,Yes,No,Maybe,No,Don't know,No,
1184,2023,26,Male,Netherlands,No,No,Yes,Sometimes,More than 1000,No,No,Don't know,Yes,Yes,Don't know,Yes,Very easy,Maybe,No,No,Some of them,No,No,Yes,No,Anonymous reporting would increase participation.
1185,2021,18,Male,Ireland,No,No,No,Rarely,100-500,No,Yes,Yes,No,Don't know,Yes,Don't know,Don't know,Maybe,No,Some of them,No,Maybe,No,Don't know,No,Glad to see more companies taking this seriously.
1186,2023,18,Male,United States,Yes,No,Yes,Sometimes,6-25,No,Yes,Don't know,Yes,No,No,Yes,Very difficult,Maybe,No,Some of them,Some of them,No,Maybe,Yes,No,Anonymous reporting would increase participation.
1187,2022,18,Female,United Kingdom,No,No,No,Sometimes,100-500,Yes,No,Yes,Yes,No,Yes,Yes,Somewhat easy,No,No,No,Some of them,No,Maybe,Yes,No,More anonymous support options would help.
1188,2022,39,Female,Canada,No,No,No,Rarely,500-1000,No,Yes,No,Yes,No,No,Don't know,Don't know,No,No,Some of them,Some of them,Maybe,No,Yes,Yes,
1189,2023,32,Female,Netherlands,No,No,No,Never,500-1000,No,Yes,Yes,No,Yes,Yes,Don't know,Very easy,No,Maybe,Some of them,Yes,Maybe,No,Don't know,No,
1190,2023,23,Male,United States,No,No,No,Never,500-1000,No,Yes,Yes,No,No,Don't know,Don't know,Don't know,Maybe,Maybe,Some of them,Yes,No,No,No,No,
1191,2020,46,Female,United Kingdom,No,No,Yes,Never,More than 1000,Yes,No,Don't know,No,Don't know,Yes,Don't know,Very easy,No,No,No,Yes,No,No,Don't know,No,
1192,2023,29,Male,United States,No,No,Yes,Often,26-100,No,No,No,No,No,No,No,Somewhat easy,No,Yes,No,No,Maybe,No,Don't know,No,
1193,2019,20,Female,United States,No,No,No,Rarely,100-500,No,Yes,Don't know,Yes,No,No,Don't know,Somewhat difficult,No,No,Some of them,No,Maybe,Maybe,Yes,No,More anonymous support options would help.
1194,2019,33,Male,Ireland,Yes,No,No,Never,26-100,No,No,Don't know,Yes,No,Yes,Yes,Somewhat easy,Yes,Maybe,Some of them,No,No,No,Yes,No,Glad to see more companies taking this seriously.
1195,2021,27,Female,United Kingdom,No,No,No,Often,26-100,Yes,Yes,Don't know,Don't know,No,No,Don't know,Somewhat easy,No,No,No,Yes,No,Maybe,Yes,No,HR resources are available but rarely used.
1196,2021,25,Male,United States,No,Yes,Yes,Often,500-1000,Yes,Yes,No,Yes,Yes,Yes,Yes,Somewhat easy,No,Yes,Some of them,Some of them,No,Yes,Don't know,No,
1197,2024,31,Female,United States,No,Yes,Yes,Sometimes,100-500,No,No,Yes,Yes,Don't know,Don't know,Yes,Don't know,No,No,No,Some of them,No,No,Yes,No,
1198,2022,39,Male,United Kingdom,No,No,Yes,Sometimes,1-5,Yes,Yes,Yes,No,Yes,Don't know,Yes,Don't know,No,No,Some of them,No,Maybe,No,No,No,
1199,2023,39,Female,Canada,No,No,Yes,Never,26-100,Yes,Yes,No,Don't know,No,Don't know,Yes,Don't know,Maybe,No,Yes,No,Maybe,No,No,No,
1200,2023,18,Female,United States,No,Yes,Yes,Rarely,26-100,No,Yes,No,Don't know,Don't know,Don't know,No,Somewhat easy,Yes,Maybe,Some of them,Some of them,Yes,No,Don't know,No,
1201,2023,21,Female,Germany,No,No,No,Never,1-5,Yes,No,No,Yes,No,No,Don't know,Somewhat difficult,No,No,Yes,Some of them,No,Yes,Don't know,No,More anonymous support options would help.
1202,2021,26,Male,Brazil,No,Yes,Yes,Sometimes,100-500,No,Yes,Don't know,Don't know,No,Yes,Yes,Very difficult,No,No,No,No,No,Maybe,Don't know,No,
1203,2022,38,Male,United Kingdom,No,Yes,No,Sometimes,500-1000,No,Yes,Don't know,No,Don't know,Yes,No,Somewhat difficult,No,No,Some of them,Some of them,No,No,Yes,Yes,
1204,2023,25,Male,United Kingdom,No,No,Yes,Sometimes,6-25,No,No,Yes,Yes,No,Don't know,Yes,Very easy,No,No,Yes,Yes,No,No,Yes,Yes,
1205,2021,31,Female,Netherlands,No,No,No,Rarely,More than 1000,No,No,Yes,Don't know,No,Yes,Don't know,Don't know,No,No,Yes,No,No,No,No,No,Burnout is rampant in my team.
1206,2023,24,Male,United Kingdom,No,Yes,No,Rarely,26-100,No,Yes,No,Yes,No,No,Don't know,Don't know,Yes,No,Yes,No,No,No,No,Yes,Glad to see more companies taking this seriously.
1207,2024,25,Male,United States,No,No,No,Sometimes,100-500,No,Yes,Yes,No,Don't know,No,Don't know,Somewhat easy,No,Maybe,No,Some of them,No,Maybe,No,No,
1208,2019,43,Male,France,No,No,No,Never,6-25,No,Yes,No,Don't know,Yes,No,Yes,Somewhat difficult,Yes,No,Yes,No,Maybe,No,Yes,No,
1209,2022,34,Male,Ireland,No,Yes,No,Rarely,26-100,No,Yes,No,Don't know,No,Don't know,No,Somewhat easy,No,Maybe,No,Some of them,No,No,Don't know,No,
1210,2024,42,Female,United Kingdom,No,No,No,Never,26-100,Yes,Yes,No,Yes,No,No,Don't know,Don't know,No,Maybe,Yes,No,No,Yes,Don't know,No,More anonymous support options would help.
1211,2019,31,Male,United States,No,Yes,No,Rarely,100-500,No,Yes,Yes,No,Yes,Yes,Don't know,Somewhat easy,Yes,No,No,No,No,No,Don't know,No,Remote work has been a double-edged sword.
1212,2023,33,Non-binary,United Kingdom,No,Yes,Yes,Often,26-100,Yes,Yes,Don't know,No,No,Yes,No,Very difficult,Maybe,No,Yes,No,No,No,No,Yes,Remote work has been a double-edged sword.
1213,2021,25,Male,United Kingdom,No,No,No,Sometimes,1-5,Yes,Yes,Yes,Don't know,Don't know,Don't know,Yes,Somewhat easy,Maybe,No,No,Yes,Yes,Yes,No,No,Remote work has been a double-edged sword.
1214,2019,27,Male,Other,No,No,Yes,Often,6-25,Yes,Yes,No,Yes,Don't know,No,Yes,Somewhat difficult,No,Maybe,Some of them,Some of them,Yes,Yes,Don't know,No,Burnout is rampant in my team.
1215,2022,37,Female,United States,No,No,No,Sometimes,500-1000,Yes,Yes,Yes,Yes,Yes,Yes,Yes,Don't know,No,No,Some of them,No,No,No,Don't know,Yes,Leadership support makes all the difference.
1216,2021,22,Male,Germany,No,No,No,Never,More than 1000,Yes,Yes,Don't know,No,No,Don't know,Don't know,Don't know,No,No,Yes,No,Maybe,Maybe,Don't know,Yes,
1217,2019,30,Male,United Kingdom,No,No,No,Rarely,500-1000,No,Yes,Yes,Yes,No,Yes,Yes,Very easy,No,Maybe,Some of them,Some of them,Maybe,Maybe,No,No,We have EAP but nobody talks about it.
1218,2022,29,Female,United States,No,No,Yes,Rarely,1-5,No,Yes,Don't know,Yes,Don't know,Don't know,No,Don't know,Maybe,No,Some of them,Some of them,No,Yes,Yes,No,
1219,2020,37,Female,United States,No,Yes,No,Never,100-500,Yes,No,No,Don't know,No,Yes,Don't know,Somewhat easy,Yes,No,Some of them,Yes,No,No,Don't know,No,
1220,2021,27,Male,United States,No,No,Yes,Sometimes,500-1000,Yes,Yes,No,Don't know,Don't know,Don't know,Yes,Very difficult,Yes,No,No,Some of them,No,Maybe,Don't know,Yes,We have EAP but nobody talks about it.
1221,2023,34,Male,Australia,No,No,Yes,Sometimes,1-5,Yes,Yes,No,No,No,Yes,No,Don't know,Yes,No,Some of them,No,Maybe,Maybe,Yes,No,
1222,2019,44,Male,United Kingdom,No,No,Yes,Sometimes,26-100,Yes,No,No,Yes,Don't know,No,Don't know,Very easy,Yes,No,Some of them,Yes,No,Maybe,Don't know,No,Management needs training on mental health.
1223,2021,45,Female,Other,No,No,No,Often,More than 1000,No,Yes,Yes,Don't know,Yes,Yes,Yes,Somewhat easy,No,No,Yes,No,No,Maybe,Don't know,No,Stigma is still a major issue in my workplace.
1224,2021,18,Male,Other,No,No,No,Rarely,More than 1000,No,Yes,Yes,No,Yes,Yes,No,Very difficult,No,Maybe,Some of them,Yes,No,No,No,Yes,
1225,2019,46,Female,Other,No,No,No,Never,100-500,No,Yes,Don't know,Don't know,Yes,No,Don't know,Somewhat easy,Yes,No,No,Yes,No,No,Yes,No,
1226,2022,21,Male,United States,No,No,No,Sometimes,6-25,Yes,Yes,No,Don't know,No,Don't know,No,Very easy,No,No,Yes,No,Maybe,No,No,Yes,Open conversations help reduce stigma.
1227,2022,24,Female,India,Yes,Yes,Yes,Never,26-100,No,Yes,No,Don't know,Don't know,No,Don't know,Don't know,Yes,No,No,Some of them,No,Maybe,No,Yes,Better awareness programs needed.
1228,2020,40,Male,United States,No,No,Yes,Sometimes,1-5,Yes,Yes,No,Don't know,No,Don't know,Yes,Don't know,No,Maybe,Yes,No,No,No,Don't know,No,Anonymous reporting would increase participation.
1229,2020,18,Female,United States,No,No,Yes,Never,500-1000,No,Yes,Don't know,No,Don't know,Yes,Yes,Very easy,No,No,Some of them,No,Maybe,No,No,No,
1230,2021,35,Female,United Kingdom,Yes,Yes,Yes,Never,More than 1000,Yes,Yes,Don't know,No,Yes,Yes,Yes,Very easy,No,Yes,No,No,No,No,Don't know,No,Stigma is still a major issue in my workplace.
1231,2023,34,Female,United Kingdom,No,No,Yes,Rarely,More than 1000,No,Yes,Yes,Don't know,Yes,Don't know,Don't know,Somewhat easy,Maybe,Yes,Yes,No,Maybe,No,No,Yes,
1232,2023,32,Female,Other,No,Yes,No,Never,26-100,Yes,No,Yes,No,No,No,Don't know,Somewhat easy,No,No,Yes,No,No,Maybe,Yes,No,More anonymous support options would help.
1233,2021,26,Female,Ireland,Yes,No,No,Sometimes,100-500,Yes,Yes,Yes,Yes,Yes,Yes,Yes,Very easy,Maybe,Maybe,No,Some of them,No,Maybe,No,Yes,
1234,2019,40,Male,United States,No,No,Yes,Never,26-100,Yes,No,Yes,No,No,Don't know,No,Somewhat easy,No,Maybe,No,Some of them,No,Yes,Yes,No,We have EAP but nobody talks about it.
1235,2023,36,Female,United States,No,No,No,Never,100-500,No,Yes,No,No,Yes,Don't know,Don't know,Somewhat easy,Maybe,No,No,Yes,No,Yes,No,No,
1236,2022,21,Male,Netherlands,No,Yes,Yes,Often,26-100,Yes,No,No,Don't know,No,No,No,Somewhat easy,No,No,Some of them,No,No,No,Yes,No,Stigma is still a major issue in my workplace.
1237,2021,24,Male,United Kingdom,No,Yes,No,Often,26-100,No,Yes,No,No,Don't know,No,Don't know,Somewhat difficult,Maybe,Yes,Some of them,Some of them,No,Maybe,Don't know,No,Open conversations help reduce stigma.
1238,2022,34,Male,United States,No,Yes,Yes,Never,26-100,No,No,No,No,No,Don't know,No,Very difficult,Yes,Maybe,Some of them,No,No,No,Don't know,No,Management needs training on mental health.
1239,2024,29,Male,United States,No,Yes,Yes,Often,6-25,No,No,Don't know,Don't know,Don't know,Yes,No,Very easy,Maybe,No,Yes,Some of them,No,Yes,No,No,
1240,2019,20,Male,United States,No,No,Yes,Often,500-1000,Yes,No,Yes,Don't know,No,Yes,Don't know,Don't know,No,No,No,No,Maybe,Yes,Don't know,No,More anonymous support options would help.
1241,2021,39,Female,United States,No,Yes,No,Rarely,100-500,No,No,Yes,Yes,Yes,No,Don't know,Don't know,Maybe,No,Some of them,Yes,Yes,No,Yes,Yes,More anonymous support options would help.
1242,2022,26,Male,United Kingdom,No,No,No,Sometimes,More than 1000,No,Yes,Don't know,Yes,Yes,Yes,Yes,Don't know,No,No,No,No,Yes,No,Don't know,No,
1243,2022,26,Male,United States,No,No,No,Sometimes,6-25,Yes,No,No,Yes,Don't know,Yes,No,Don't know,No,No,Yes,Some of them,Maybe,No,Yes,No,Burnout is rampant in my team.
1244,2019,28,Male,Australia,No,Yes,Yes,Often,100-500,Yes,No,Don't know,Don't know,Don't know,Yes,Yes,Don't know,No,No,Yes,No,No,No,Yes,No,
1245,2022,18,Female,United States,No,No,Yes,Never,100-500,Yes,Yes,Yes,Don't know,No,Yes,Don't know,Somewhat easy,Maybe,No,Some of them,No,Maybe,Yes,Yes,No,
1246,2023,29,Male,Germany,No,Yes,No,Rarely,26-100,Yes,Yes,No,No,No,Yes,No,Somewhat easy,Maybe,No,Some of them,No,No,No,Don't know,No,
1247,2023,45,Male,United Kingdom,No,No,Yes,Sometimes,26-100,Yes,Yes,Yes,No,Don't know,Yes,No,Somewhat difficult,Yes,No,Some of them,Yes,No,No,No,No,Management needs training on mental health.
1248,2024,20,Male,Canada,No,No,No,Rarely,More than 1000,No,No,Yes,Yes,Don't know,Don't know,Yes,Somewhat easy,No,Yes,No,Yes,Yes,No,Don't know,No,More anonymous support options would help.
1249,2022,18,Other / Prefer not to say,United States,Yes,Yes,Yes,Sometimes,6-25,Yes,Yes,No,No,No,Yes,No,Don't know,Yes,No,Some of them,No,Yes,No,Yes,No,
1250,2023,34,Female,Australia,No,Yes,Yes,Often,6-25,Yes,Yes,Don't know,Yes,No,Don't know,No,Very difficult,Yes,No,Yes,No,Yes,Yes,Yes,No,HR resources are available but rarely used.
1251,2023,32,Female,United States,No,No,Yes,Rarely,6-25,No,Yes,Don't know,No,Don't know,Yes,No,Somewhat easy,No,No,Some of them,No,Maybe,No,Yes,No,Management needs training on mental health.
1252,2023,29,Male,Canada,No,No,No,Rarely,26-100,Yes,No,Don't know,Don't know,No,Yes,Don't know,Somewhat difficult,Yes,No,Some of them,Yes,No,No,No,No,Open conversations help reduce stigma.
1253,2024,40,Male,Canada,No,No,No,Rarely,6-25,Yes,No,No,No,Yes,No,Don't know,Somewhat easy,Maybe,Yes,Some of them,Yes,No,No,No,Yes,
1254,2023,41,Male,Canada,No,Yes,Yes,Often,100-500,Yes,Yes,Yes,Yes,Yes,No,Yes,Somewhat easy,Yes,No,Yes,Yes,No,Maybe,Yes,No,More anonymous support options would help.
1255,2022,30,Non-binary,United States,No,No,Yes,Never,More than 1000,Yes,Yes,No,Don't know,No,No,No,Somewhat easy,No,No,Some of them,No,Maybe,Maybe,No,No,
1256,2021,26,Male,Canada,No,No,No,Never,26-100,Yes,No,Don't know,Yes,No,Don't know,Don't know,Don't know,Maybe,No,Yes,Some of them,No,No,No,No,Remote work has been a double-edged sword.
1257,2019,28,Female,Other,No,No,No,Rarely,6-25,Yes,Yes,No,Yes,No,No,Don't know,Somewhat difficult,Yes,Maybe,No,No,No,Maybe,Don't know,Yes,
1258,2023,43,Male,Other,Yes,No,No,Sometimes,100-500,No,Yes,Yes,No,No,Yes,Yes,Somewhat easy,No,No,Yes,No,Maybe,Maybe,Yes,No,Management needs training on mental health.
1259,2024,18,Male,Germany,No,No,Yes,Rarely,26-100,Yes,Yes,No,No,Don't know,No,Don't know,Don't know,Maybe,No,Some of them,Some of them,No,No,Yes,No,
1260,2024,23,Male,United States,No,No,Yes,Sometimes,26-100,No,Yes,No,Don't know,No,Don't know,No,Somewhat easy,Yes,No,Yes,No,No,No,Don't know,No,
1261,2022,25,Male,United States,No,No,Yes,Sometimes,100-500,No,Yes,Yes,Yes,Yes,Yes,No,Somewhat easy,No,No,Yes,No,No,No,Don't know,No,
1262,2022,28,Female,United Kingdom,No,No,Yes,Often,More than 1000,Yes,Yes,No,Don't know,Yes,No,Yes,Very easy,No,No,No,No,No,No,Yes,Yes,
1263,2021,34,Female,United States,Yes,Yes,Yes,Sometimes,6-25,Yes,Yes,No,Don't know,Don't know,Don't know,Yes,Don't know,Yes,No,Yes,Some of them,No,No,Don't know,No,Glad to see more companies taking this seriously.
1264,2020,46,Female,United States,No,Yes,Yes,Sometimes,500-1000,Yes,Yes,Yes,Don't know,Yes,No,No,Very difficult,Yes,No,No,Yes,Yes,Maybe,Yes,No,Stigma is still a major issue in my workplace.
1265,2020,34,Female,Other,No,Yes,No,Rarely,More than 1000,Yes,Yes,No,Don't know,Yes,No,Yes,Very easy,Maybe,Yes,No,Some of them,No,Yes,Don't know,No,Glad to see more companies taking this seriously.
1266,2024,18,Male,Netherlands,No,No,No,Never,1-5,Yes,Yes,No,No,Don't know,No,No,Somewhat difficult,Maybe,No,Some of them,Some of them,Maybe,Maybe,Don't know,No,Stigma is still a major issue in my workplace.
1267,2023,20,Male,United States,No,Yes,No,Often,500-1000,No,No,Yes,Yes,Don't know,Don't know,Don't know,Very difficult,Maybe,No,Yes,No,No,Maybe,No,Yes,Stigma is still a major issue in my workplace.
1268,2023,28,Male,United States,No,No,No,Rarely,More than 1000,Yes,Yes,Yes,Don't know,Don't know,No,Don't know,Don't know,Yes,No,Some of them,No,No,No,No,No,
1269,2020,29,Male,United Kingdom,No,Yes,Yes,Sometimes,1-5,No,Yes,No,No,Yes,Yes,Yes,Somewhat easy,Maybe,No,Yes,Yes,No,Maybe,No,Yes,
1270,2020,22,Male,United States,No,No,Yes,Never,100-500,No,Yes,Yes,Yes,No,No,No,Somewhat easy,No,No,No,No,No,No,Don't know,No,More anonymous support options would help.
1271,2021,43,Female,France,No,Yes,No,Sometimes,100-500,Yes,Yes,Yes,Don't know,Yes,Yes,Yes,Somewhat difficult,Maybe,No,Some of them,Yes,Maybe,No,Yes,No,Better awareness programs needed.
1272,2019,26,Male,United States,No,No,No,Sometimes,6-25,No,Yes,Don't know,No,No,Yes,Don't know,Don't know,Maybe,Maybe,Yes,Yes,Maybe,Maybe,No,No,
1273,2021,29,Male,Germany,No,Yes,Yes,Rarely,100-500,No,Yes,Don't know,Don't know,Don't know,Don't know,Yes,Somewhat difficult,Maybe,Maybe,No,Yes,Yes,Yes,Don't know,Yes,Anonymous reporting would increase participation.
1274,2022,18,Male,Sweden,No,No,Yes,Sometimes,1-5,No,Yes,Yes,No,No,Yes,Don't know,Somewhat easy,Maybe,Yes,No,Yes,Maybe,No,Don't know,No,
1275,2024,35,Male,United States,No,No,No,Never,100-500,No,No,Yes,Yes,Yes,Don't know,No,Don't know,Maybe,No,No,Some of them,No,No,Don't know,Yes,Burnout is rampant in my team.
1276,2024,39,Male,United States,No,No,No,Never,26-100,Yes,Yes,No,No,Don't know,No,Don't know,Very easy,Yes,No,Yes,No,Maybe,No,Don't know,Yes,
1277,2021,27,Male,United States,No,Yes,No,Rarely,More than 1000,Yes,Yes,No,Yes,No,Yes,Don't know,Don't know,Yes,No,No,No,Maybe,Maybe,No,No,Better awareness programs needed.
1278,2022,39,Male,United Kingdom,No,Yes,No,Often,100-500,No,Yes,Yes,No,No,No,No,Somewhat easy,Yes,No,No,Yes,Maybe,No,Don't know,Yes,
1279,2020,29,Male,United States,No,No,No,Often,26-100,Yes,Yes,Yes,No,No,Yes,No,Somewhat difficult,Maybe,Yes,Yes,Yes,No,No,Don't know,No,
1280,2023,28,Female,United States,No,Yes,No,Never,26-100,Yes,Yes,Yes,Yes,No,No,Yes,Very difficult,No,Yes,Yes,No,Maybe,No,Don't know,No,Anonymous reporting would increase participation.
1281,2022,22,Male,United States,No,No,No,Sometimes,1-5,No,Yes,No,No,No,No,No,Don't know,No,No,Some of them,No,Maybe,Maybe,Yes,Yes,Anonymous reporting would increase participation.
1282,2020,41,Male,United States,No,No,No,Sometimes,500-1000,Yes,Yes,Don't know,Yes,No,Yes,Yes,Don't know,Yes,No,No,Some of them,No,Maybe,Don't know,No,Better awareness programs needed.
1283,2024,42,Female,Australia,No,No,No,Sometimes,100-500,No,No,No,Yes,Yes,No,Yes,Somewhat easy,Yes,No,Some of them,No,Yes,No,Yes,No,
1284,2022,25,Non-binary,United States,No,No,No,Never,100-500,Yes,Yes,Don't know,Don't know,Yes,No,Yes,Don't know,Yes,Maybe,Yes,No,No,Maybe,Don't know,No,
1285,2021,36,Male,United States,No,Yes,Yes,Sometimes,1-5,No,No,Don't know,No,Don't know,No,No,Somewhat easy,Yes,No,No,Yes,No,Yes,Don't know,No,
1286,2020,38,Male,United States,No,No,No,Rarely,500-1000,Yes,Yes,Don't know,Yes,No,Yes,Don't know,Somewhat easy,Yes,No,Yes,Yes,No,Maybe,No,No,Open conversations help reduce stigma.
1287,2023,43,Female,United Kingdom,No,No,Yes,Rarely,26-100,Yes,No,No,No,Don't know,No,Yes,Somewhat easy,Yes,No,No,No,No,Maybe,Don't know,No,
1288,2023,37,Male,France,No,No,No,Often,More than 1000,No,Yes,Don't know,No,No,No,Yes,Somewhat easy,Maybe,Yes,No,No,No,Maybe,Don't know,Yes,HR resources are available but rarely used.
1289,2023,18,Male,United States,No,No,No,Never,100-500,Yes,Yes,Yes,No,Yes,Yes,Yes,Very difficult,No,Yes,No,Some of them,Maybe,Maybe,Yes,No,
1290,2023,21,Male,Australia,No,No,Yes,Often,26-100,No,No,Yes,Don't know,No,Yes,No,Somewhat difficult,Yes,Yes,Yes,Some of them,Maybe,No,No,No,
1291,2021,29,Female,United States,No,No,Yes,Sometimes,6-25,No,Yes,No,No,Don't know,No,No,Don't know,Maybe,No,Some of them,No,Maybe,Yes,Yes,No,
1292,2019,22,Other / Prefer not to say,United States,No,Yes,No,Never,100-500,Yes,Yes,Yes,Don't know,Yes,Yes,Yes,Somewhat difficult,Yes,No,Yes,Some of them,No,Maybe,Don't know,Yes,More anonymous support options would help.
1293,2020,40,Male,Canada,No,No,No,Rarely,6-25,Yes,Yes,Yes,Don't know,Don't know,Yes,Yes,Somewhat difficult,Maybe,Maybe,Yes,No,No,No,Yes,No,We have EAP but nobody talks about it.
1294,2020,18,Female,United States,No,No,Yes,Sometimes,100-500,No,Yes,Don't know,Don't know,Yes,Don't know,No,Very easy,Maybe,Yes,No,Yes,No,No,Yes,No,Burnout is rampant in my team.
1295,2022,18,Male,Australia,No,No,Yes,Often,500-1000,Yes,Yes,Don't know,Yes,Yes,Yes,Yes,Don't know,Maybe,No,Some of them,Yes,Maybe,Yes,Don't know,No,Stigma is still a major issue in my workplace.
1296,2019,24,Male,Other,No,Yes,No,Never,100-500,No,No,Yes,No,Don't know,No,Don't know,Very easy,No,No,Some of them,No,No,No,Yes,No,
1297,2021,30,Male,United States,No,No,Yes,Sometimes,100-500,No,Yes,Yes,No,No,Yes,Don't know,Somewhat difficult,No,Maybe,Some of them,No,No,Maybe,Yes,Yes,Glad to see more companies taking this seriously.
1298,2019,53,Female,United States,Yes,No,No,Often,100-500,No,Yes,Don't know,Yes,Yes,No,Don't know,Don't know,Yes,No,Yes,No,Yes,Maybe,No,Yes,Burnout is rampant in my team.
1299,2023,37,Male,United States,No,Yes,Yes,Sometimes,More than 1000,No,Yes,Don't know,Yes,Yes,No,Yes,Somewhat easy,No,No,Some of them,Yes,No,No,Don't know,No,Management needs training on mental health.
1300,2023,31,Female,Other,No,Yes,No,Rarely,6-25,No,No,No,No,Don't know,Don't know,Don't know,Don't know,Yes,Yes,Yes,Yes,No,No,Don't know,No,
1301,2022,31,Male,Canada,No,No,No,Never,1-5,No,Yes,No,Don't know,No,No,No,Somewhat easy,Maybe,Maybe,No,Yes,No,Maybe,Yes,Yes,Open conversations help reduce stigma.
1302,2024,18,Other / Prefer not to say,United States,No,No,No,Rarely,26-100,Yes,Yes,No,Don't know,Don't know,Don't know,Don't know,Don't know,Maybe,Maybe,No,No,No,No,Don't know,No,Better awareness programs needed.
1303,2021,29,Male,United States,No,No,Yes,Often,100-500,No,Yes,Don't know,Yes,Don't know,No,Yes,Don't know,Maybe,Yes,No,Some of them,Yes,No,No,No,More anonymous support options would help.
1304,2021,18,Male,Canada,No,No,No,Sometimes,1-5,Yes,No,No,No,No,No,Don't know,Very difficult,Maybe,No,Some of them,Some of them,No,No,Yes,No,
1305,2022,23,Male,Other,No,No,No,Never,100-500,Yes,Yes,Don't know,Yes,Don't know,Yes,No,Don't know,Maybe,Yes,Yes,Yes,Maybe,Yes,Yes,No,
1306,2022,32,Female,United Kingdom,No,No,No,Often,100-500,No,No,Don't know,Don't know,Yes,Don't know,Don't know,Don't know,No,No,Yes,No,Maybe,Maybe,Yes,No,
1307,2024,43,Male,United States,No,Yes,No,Sometimes,More than 1000,Yes,Yes,Don't know,Yes,No,Don't know,No,Somewhat difficult,No,No,No,No,Maybe,No,No,Yes,
1308,2024,19,Male,Other,Yes,No,No,Never,100-500,No,No,Yes,Yes,Yes,Don't know,Don't know,Don't know,No,No,Yes,No,Yes,No,Yes,No,
1309,2023,24,Male,Canada,No,No,No,Never,100-500,Yes,Yes,No,Yes,No,Don't know,Don't know,Somewhat easy,Maybe,No,Some of them,No,Maybe,Maybe,No,No,
1310,2023,31,Male,United States,Yes,No,Yes,Sometimes,More than 1000,No,Yes,Yes,No,No,Yes,Yes,Somewhat difficult,Maybe,No,No,Yes,No,No,No,No,
1311,2020,29,Female,United States,No,No,Yes,Sometimes,26-100,No,No,Don't know,No,Don't know,Yes,No,Don't know,No,No,No,No,Yes,No,Yes,Yes,Stigma is still a major issue in my workplace.
1312,2020,31,Male,Canada,No,Yes,Yes,Sometimes,26-100,No,Yes,No,No,Don't know,No,Don't know,Somewhat easy,No,No,No,No,No,Yes,Yes,No,More anonymous support options would help.
1313,2023,26,Male,Australia,No,No,No,Never,500-1000,Yes,Yes,No,Yes,Yes,Don't know,Yes,Somewhat easy,No,No,No,Some of them,No,Maybe,Yes,No,
1314,2023,29,Male,France,No,Yes,No,Sometimes,More than 1000,Yes,No,Yes,Don't know,Don't know,No,Yes,Somewhat easy,No,No,No,Yes,No,No,No,No,
1315,2022,25,Male,Netherlands,No,No,No,Sometimes,6-25,Yes,Yes,Don't know,No,No,Don't know,Don't know,Don't know,Maybe,No,Some of them,No,Maybe,No,Yes,No,Leadership support makes all the difference.
1316,2023,29,Male,United States,No,No,No,Never,100-500,Yes,No,Don't know,No,Don't know,No,Yes,Very easy,No,No,Yes,No,No,No,Don't know,No,
1317,2023,37,Other / Prefer not to say,Netherlands,No,No,Yes,Often,100-500,Yes,No,No,Yes,No,Yes,Don't know,Somewhat difficult,Maybe,No,Yes,Yes,Maybe,No,Yes,No,Anonymous reporting would increase participation.
1318,2022,19,Female,United States,No,No,No,Rarely,100-500,Yes,Yes,Don't know,Yes,Yes,Yes,Don't know,Somewhat easy,No,No,No,Some of them,Maybe,No,Don't know,No,
1319,2019,20,Female,Germany,Yes,No,No,Often,26-100,Yes,Yes,No,Yes,No,Don't know,No,Don't know,Yes,No,Some of them,No,Maybe,Maybe,Don't know,No,Glad to see more companies taking this seriously.
1320,2024,25,Non-binary,United States,Yes,Yes,Yes,Rarely,1-5,Yes,Yes,Yes,No,No,No,Yes,Don't know,No,No,Yes,Yes,No,No,No,No,Management needs training on mental health.
1321,2022,32,Male,United States,No,Yes,No,Never,500-1000,Yes,Yes,No,Yes,Don't know,Don't know,Don't know,Don't know,No,No,Yes,Some of them,Maybe,Yes,Don't know,No,
1322,2023,29,Male,United States,No,No,Yes,Sometimes,500-1000,Yes,No,Don't know,Yes,No,Don't know,Don't know,Somewhat easy,No,Maybe,No,No,Maybe,Yes,Don't know,Yes,Stigma is still a major issue in my workplace.
1323,2021,21,Male,United States,No,No,No,Often,100-500,Yes,Yes,Yes,Yes,No,Yes,Yes,Somewhat difficult,No,Yes,No,No,No,Maybe,Don't know,No,
1324,2023,35,Non-binary,United States,No,Yes,Yes,Rarely,100-500,No,Yes,Yes,Don't know,Yes,Yes,Don't know,Don't know,No,No,No,Yes,No,Maybe,No,No,
1325,2021,24,Male,Ireland,Yes,No,No,Rarely,More than 1000,No,Yes,Yes,Yes,Don't know,Yes,No,Somewhat easy,No,No,Yes,No,No,No,Don't know,Yes,Open conversations help reduce stigma.
1326,2022,24,Female,United Kingdom,Yes,No,No,Rarely,100-500,Yes,Yes,No,Yes,Yes,Yes,Don't know,Somewhat difficult,No,No,Yes,Some of them,Maybe,Yes,Don't know,No,
1327,2022,40,Female,United States,No,Yes,No,Never,26-100,Yes,No,No,No,No,No,No,Somewhat easy,Maybe,No,No,Yes,No,Yes,Yes,No,Glad to see more companies taking this seriously.
1328,2021,34,Female,United States,No,Yes,Yes,Often,6-25,No,No,Don't know,Yes,No,No,Don't know,Very easy,No,Yes,No,Some of them,Maybe,Maybe,No,Yes,Remote work has been a double-edged sword.
1329,2024,25,Male,United States,No,No,No,Never,6-25,No,Yes,No,No,No,Don't know,Don't know,Very difficult,No,No,Some of them,Yes,No,No,Yes,No,
1330,2021,36,Male,United Kingdom,No,Yes,No,Never,100-500,Yes,No,No,Don't know,No,Yes,Yes,Somewhat easy,Yes,No,No,Some of them,Maybe,Yes,No,No,
1331,2022,26,Male,United States,No,No,Yes,Sometimes,100-500,Yes,Yes,Don't know,Don't know,Yes,Don't know,No,Don't know,Maybe,Yes,Some of them,No,Maybe,Maybe,No,No,Stigma is still a major issue in my workplace.
1332,2019,18,Male,United States,Yes,Yes,No,Never,500-1000,Yes,Yes,Yes,Don't know,No,Yes,No,Don't know,No,No,Yes,No,No,Maybe,Don't know,No,Open conversations help reduce stigma.
1333,2020,29,Female,United States,No,Yes,Yes,Rarely,6-25,No,Yes,No,No,No,No,No,Very easy,No,Maybe,No,Some of them,No,No,Yes,No,Remote work has been a double-edged sword.
1334,2023,33,Female,United Kingdom,No,No,No,Sometimes,500-1000,Yes,Yes,Yes,Don't know,No,Yes,No,Don't know,Yes,No,No,No,No,Yes,Yes,No,Glad to see more companies taking this seriously.
1335,2021,18,Male,Brazil,No,No,No,Sometimes,1-5,Yes,No,Yes,No,Don't know,No,Yes,Somewhat easy,Yes,No,Some of them,No,No,No,No,No,Anonymous reporting would increase participation.
1336,2021,23,Female,United States,No,Yes,No,Never,100-500,No,Yes,Don't know,Yes,Don't know,Yes,Yes,Don't know,No,Yes,Some of them,Some of them,No,Maybe,No,Yes,
1337,2024,21,Female,United States,No,Yes,Yes,Rarely,500-1000,Yes,Yes,No,Yes,Yes,Don't know,Yes,Very easy,Maybe,No,No,Yes,Maybe,No,Don't know,No,
1338,2024,41,Female,United States,No,No,No,Rarely,100-500,No,Yes,Yes,No,Yes,Yes,Don't know,Very easy,Maybe,No,No,Some of them,No,Maybe,No,Yes,
1339,2021,40,Male,Germany,No,No,No,Never,6-25,Yes,Yes,Don't know,Don't know,No,No,Don't know,Don't know,No,Maybe,Yes,No,Maybe,No,Don't know,No,Anonymous reporting would increase participation.
1340,2021,23,Female,United States,No,No,No,Rarely,500-1000,Yes,Yes,Yes,Don't know,No,Yes,No,Don't know,Yes,No,No,Yes,Maybe,No,Yes,Yes,More anonymous support options would help.
1341,2022,27,Non-binary,Germany,No,Yes,Yes,Never,500-1000,No,No,Yes,Don't know,Yes,Don't know,No,Very difficult,Yes,No,Some of them,No,Yes,Maybe,Yes,Yes,Stigma is still a major issue in my workplace.
1342,2020,21,Male,United Kingdom,No,No,Yes,Often,26-100,Yes,Yes,No,No,No,Don't know,Don't know,Don't know,Yes,Maybe,Yes,Yes,No,Yes,Don't know,No,HR resources are available but rarely used.
1343,2022,33,Male,Other,No,No,Yes,Often,500-1000,Yes,Yes,Yes,Don't know,Yes,No,No,Don't know,Maybe,No,Yes,No,No,No,Yes,No,Open conversations help reduce stigma.
1344,2020,29,Other / Prefer not to say,United States,No,No,No,Never,100-500,Yes,No,No,Yes,Don't know,Yes,Don't know,Very easy,Yes,No,No,Some of them,Yes,No,Yes,Yes,HR resources are available but rarely used.
1345,2024,34,Male,Australia,No,No,Yes,Rarely,6-25,Yes,Yes,No,Don't know,Don't know,No,No,Very difficult,No,No,Some of them,Yes,No,No,Yes,No,
1346,2021,20,Male,United States,No,No,No,Often,6-25,No,No,No,Yes,No,Don't know,No,Somewhat easy,No,No,Yes,No,No,Maybe,Don't know,No,Anonymous reporting would increase participation.
1347,2023,43,Female,Brazil,No,No,No,Rarely,6-25,Yes,Yes,No,No,No,No,No,Somewhat difficult,Maybe,Maybe,Some of them,No,No,Yes,Don't know,No,Glad to see more companies taking this seriously.
1348,2019,27,Male,Australia,Yes,No,No,Often,26-100,No,Yes,Don't know,No,No,No,Don't know,Don't know,Maybe,No,Some of them,No,No,Yes,Don't know,No,HR resources are available but rarely used.
1349,2024,21,Male,Australia,No,No,No,Sometimes,6-25,No,No,No,Don't know,No,Don't know,Don't know,Very easy,Yes,No,No,No,Maybe,Yes,Don't know,No,Leadership support makes all the difference.
1350,2019,18,Male,United States,Yes,Yes,No,Sometimes,6-25,No,Yes,No,No,No,No,Don't know,Don't know,Yes,No,No,Yes,No,Yes,Yes,Yes,Remote work has been a double-edged sword.
1351,2021,32,Male,United Kingdom,No,Yes,Yes,Often,100-500,No,No,Yes,Yes,Don't know,Yes,Yes,Somewhat easy,No,No,Yes,Yes,No,No,Don't know,No,Stigma is still a major issue in my workplace.
1352,2022,37,Male,United Kingdom,Yes,No,No,Rarely,1-5,No,Yes,No,No,No,No,No,Very easy,No,Maybe,No,No,No,No,Don't know,No,Open conversations help reduce stigma.
1353,2024,34,Non-binary,Ireland,No,No,No,Sometimes,100-500,Yes,No,Don't know,Yes,Yes,Don't know,Yes,Somewhat difficult,Yes,No,Some of them,No,Yes,Yes,Don't know,No,
1354,2023,19,Male,United States,No,No,No,Sometimes,500-1000,Yes,Yes,Yes,Yes,Don't know,No,Don't know,Don't know,No,No,Some of them,No,No,No,Don't know,No,HR resources are available but rarely used.
1355,2022,35,Male,United States,No,No,No,Sometimes,More than 1000,No,Yes,Don't know,Yes,No,Yes,Yes,Somewhat easy,No,No,Yes,No,No,No,No,Yes,
1356,2020,18,Male,United States,Yes,Yes,No,Never,100-500,Yes,No,No,Yes,Yes,Don't know,Yes,Very easy,No,No,No,No,Yes,No,Yes,No,We have EAP but nobody talks about it.
1357,2023,28,Male,France,Yes,No,No,Never,26-100,Yes,Yes,No,Don't know,No,No,Yes,Somewhat easy,Yes,No,Yes,Some of them,No,No,No,No,
1358,2023,26,Male,United Kingdom,No,No,Yes,Rarely,More than 1000,No,No,Yes,Yes,Yes,Yes,Yes,Somewhat easy,No,No,Some of them,No,No,No,Don't know,No,Open conversations help reduce stigma.
1359,2023,30,Female,Canada,No,No,No,Never,100-500,No,Yes,Yes,Don't know,No,No,Don't know,Somewhat difficult,Maybe,No,Some of them,No,No,Maybe,Yes,No,
1360,2020,29,Female,United Kingdom,No,Yes,No,Rarely,100-500,Yes,No,Yes,No,Don't know,Yes,Don't know,Somewhat difficult,No,No,Yes,Some of them,No,No,Yes,No,
1361,2022,42,Female,Netherlands,Yes,No,Yes,Often,26-100,Yes,No,Yes,Don't know,No,No,Yes,Somewhat difficult,No,Maybe,Some of them,Some of them,Maybe,Yes,Don't know,No,Burnout is rampant in my team.
1362,2019,21,Male,Sweden,No,No,Yes,Sometimes,1-5,No,No,Don't know,Yes,No,Don't know,Don't know,Very easy,No,Yes,No,Some of them,No,No,No,No,Remote work has been a double-edged sword.
1363,2024,41,Male,United States,No,No,No,Sometimes,26-100,No,Yes,No,No,No,No,No,Somewhat easy,Maybe,Yes,Yes,No,No,No,No,Yes,Remote work has been a double-edged sword.
1364,2023,25,Female,Other,No,Yes,No,Never,More than 1000,Yes,Yes,Yes,Yes,Yes,Yes,Don't know,Somewhat easy,No,No,Some of them,Some of them,No,No,Don't know,Yes,
1365,2022,31,Male,Canada,No,No,No,Rarely,26-100,No,Yes,Don't know,Yes,No,Yes,Yes,Somewhat easy,Maybe,No,No,Yes,No,Maybe,Yes,No,We have EAP but nobody talks about it.
1366,2024,25,Male,Other,No,No,Yes,Sometimes,100-500,Yes,Yes,Don't know,Yes,Yes,Yes,Yes,Somewhat difficult,No,No,No,Yes,No,No,No,No,
1367,2021,32,Male,United States,Yes,No,No,Never,100-500,Yes,Yes,Don't know,Yes,Don't know,Don't know,Yes,Somewhat easy,Yes,No,Some of them,Some of them,Yes,No,No,No,
1368,2021,32,Non-binary,Canada,No,No,No,Never,6-25,Yes,Yes,Yes,No,No,No,No,Somewhat difficult,No,No,Some of them,Some of them,No,No,Don't know,No,
1369,2019,26,Male,United States,No,Yes,No,Rarely,500-1000,No,No,Don't know,Don't know,Yes,Yes,Don't know,Don't know,No,No,Yes,No,No,Maybe,Yes,No,Better awareness programs needed.
1370,2024,26,Male,Sweden,Yes,Yes,Yes,Often,100-500,No,No,Yes,Yes,No,No,No,Don't know,No,No,No,No,Maybe,No,Don't know,Yes,Anonymous reporting would increase participation.
1371,2023,29,Male,Germany,No,Yes,Yes,Rarely,6-25,Yes,Yes,Don't know,No,Don't know,No,No,Somewhat easy,No,No,No,No,Maybe,Yes,No,No,
1372,2022,26,Male,United States,No,No,Yes,Never,More than 1000,Yes,No,No,Don't know,No,No,Don't know,Very difficult,Yes,No,No,Some of them,Maybe,No,Yes,Yes,HR resources are available but rarely used.
1373,2019,32,Male,Other,No,No,No,Rarely,6-25,No,Yes,No,Yes,No,No,Yes,Very difficult,No,No,Yes,Yes,Maybe,No,No,Yes,
1374,2024,25,Male,Germany,No,No,No,Sometimes,500-1000,Yes,Yes,Yes,No,Don't know,Yes,Don't know,Very difficult,No,No,Yes,No,No,Maybe,No,No,Anonymous reporting would increase participation.
1375,2022,24,Male,Netherlands,No,Yes,Yes,Sometimes,More than 1000,Yes,Yes,No,Yes,Yes,Don't know,Don't know,Somewhat easy,Maybe,No,No,Some of them,No,No,Yes,No,We have EAP but nobody talks about it.
1376,2021,28,Male,Germany,Yes,No,Yes,Sometimes,26-100,No,Yes,No,Yes,Don't know,No,Don't know,Very difficult,No,Yes,No,No,Yes,Yes,No,Yes,Glad to see more companies taking this seriously.
1377,2024,26,Male,Other,No,Yes,No,Rarely,500-1000,Yes,Yes,No,Yes,Yes,Yes,Don't know,Somewhat easy,No,No,Some of them,Some of them,No,No,No,Yes,
1378,2024,29,Female,Australia,No,No,Yes,Rarely,500-1000,No,Yes,Yes,Yes,Yes,No,Yes,Somewhat difficult,Maybe,Yes,No,Yes,No,No,Don't know,No,Remote work has been a double-edged sword.
1379,2022,30,Female,Ireland,No,Yes,Yes,Often,1-5,No,Yes,Don't know,Don't know,No,Don't know,Yes,Very difficult,No,No,No,No,No,No,Yes,No,
1380,2024,18,Female,United States,No,No,Yes,Often,More than 1000,No,No,Yes,Don't know,Yes,No,Don't know,Very easy,Yes,No,No,Some of them,No,Maybe,No,No,Open conversations help reduce stigma.
1381,2024,31,Female,Netherlands,No,No,No,Never,26-100,No,Yes,No,Don't know,Yes,No,No,Very easy,No,No,Yes,Some of them,No,Maybe,Yes,No,Leadership support makes all the difference.
1382,2024,22,Male,United States,No,No,No,Never,More than 1000,Yes,No,No,Yes,Yes,Yes,Yes,Don't know,No,Maybe,Some of them,No,Yes,No,No,No,Better awareness programs needed.
1383,2022,35,Non-binary,Canada,No,Yes,No,Sometimes,26-100,No,No,Don't know,No,No,Yes,Don't know,Don't know,Yes,No,Some of them,Some of them,No,Maybe,Yes,No,
1384,2023,25,Male,Germany,Yes,No,No,Rarely,More than 1000,Yes,Yes,No,Yes,Yes,Yes,Yes,Very difficult,Maybe,Maybe,Yes,No,Yes,Maybe,No,Yes,Stigma is still a major issue in my workplace.
1385,2019,40,Male,United Kingdom,No,No,Yes,Often,More than 1000,Yes,Yes,Yes,Yes,Don't know,No,Yes,Somewhat difficult,Yes,No,Yes,Yes,Yes,Yes,No,No,Open conversations help reduce stigma.
1386,2021,40,Female,United States,No,No,Yes,Rarely,1-5,Yes,Yes,No,No,No,No,Don't know,Don't know,Maybe,No,No,Yes,Maybe,Yes,No,Yes,
1387,2022,36,Non-binary,Germany,Yes,Yes,No,Rarely,100-500,No,No,No,No,Don't know,No,No,Don't know,Maybe,No,No,Some of them,No,No,Don't know,Yes,HR resources are available but rarely used.
1388,2023,25,Male,United States,No,No,No,Sometimes,100-500,Yes,Yes,No,Yes,Don't know,Yes,Yes,Don't know,No,No,Yes,No,No,No,Don't know,No,
1389,2023,38,Male,United States,No,No,Yes,Often,26-100,Yes,Yes,Yes,Yes,No,No,Don't know,Somewhat easy,No,Maybe,No,Yes,No,No,Don't know,No,Leadership support makes all the difference.
1390,2021,28,Male,United States,Yes,Yes,No,Rarely,500-1000,No,Yes,Yes,No,Yes,Yes,Don't know,Somewhat easy,No,No,No,Yes,No,Yes,Yes,No,
1391,2022,33,Other / Prefer not to say,United States,No,No,No,Sometimes,More than 1000,No,Yes,Yes,Don't know,Don't know,Yes,No,Very easy,No,No,Yes,Some of them,Yes,Maybe,Yes,No,
1392,2023,25,Male,United States,No,No,No,Sometimes,26-100,Yes,Yes,No,Don't know,Yes,Don't know,Yes,Somewhat easy,Yes,Maybe,Yes,Some of them,Maybe,No,Don't know,No,
1393,2023,41,Male,United States,No,No,No,Sometimes,26-100,Yes,Yes,Yes,Don't know,Yes,Don't know,Yes,Somewhat difficult,Maybe,No,Yes,No,No,No,Don't know,No,
1394,2020,27,Female,United States,No,No,Yes,Sometimes,26-100,Yes,No,No,Don't know,No,No,Yes,Somewhat difficult,Maybe,No,Yes,No,Maybe,No,Yes,Yes,Glad to see more companies taking this seriously.
1395,2023,43,Male,India,No,No,Yes,Sometimes,100-500,Yes,No,No,Yes,Yes,No,Yes,Don't know,No,No,No,No,No,No,Don't know,No,We have EAP but nobody talks about it.
1396,2022,39,Male,Canada,No,No,No,Never,6-25,Yes,No,Don't know,No,No,Don't know,Yes,Somewhat easy,No,No,No,No,No,Maybe,Don't know,Yes,Management needs training on mental health.
1397,2024,36,Male,France,Yes,No,No,Sometimes,100-500,No,Yes,Yes,Don't know,No,Don't know,Yes,Somewhat easy,No,No,Yes,No,No,No,Don't know,Yes,
1398,2024,46,Male,United States,No,Yes,Yes,Never,6-25,Yes,Yes,Don't know,Don't know,Don't know,No,Don't know,Somewhat easy,Yes,No,Some of them,Yes,No,No,Yes,No,HR resources are available but rarely used.
1399,2019,34,Male,United States,No,No,No,Never,26-100,Yes,Yes,Don't know,No,No,No,No,Very difficult,No,No,No,No,No,Maybe,Don't know,No,Better awareness programs needed.
1400,2020,44,Female,United States,No,No,Yes,Rarely,100-500,Yes,Yes,No,No,No,No,Don't know,Somewhat easy,Maybe,Yes,Yes,Yes,No,Yes,Don't know,Yes,We have EAP but nobody talks about it.
1401,2023,33,Female,United States,No,Yes,No,Never,More than 1000,No,Yes,No,Yes,Yes,Yes,Don't know,Somewhat easy,Yes,Maybe,Yes,Some of them,No,No,Yes,Yes,More anonymous support options would help.
1402,2024,37,Non-binary,Australia,Yes,Yes,Yes,Sometimes,6-25,No,Yes,No,No,No,Don't know,No,Somewhat difficult,Maybe,No,Some of them,No,Maybe,No,Yes,Yes,
1403,2019,38,Female,Other,No,No,No,Never,26-100,Yes,No,No,Yes,No,No,No,Somewhat easy,Maybe,No,Yes,No,No,Maybe,Don't know,No,
1404,2019,32,Female,United States,No,Yes,Yes,Often,100-500,No,Yes,Yes,Yes,Yes,Don't know,Yes,Somewhat easy,No,No,No,No,Maybe,No,No,No,Anonymous reporting would increase participation.
1405,2021,44,Female,United States,No,No,Yes,Sometimes,500-1000,Yes,Yes,Yes,Yes,No,Yes,Yes,Don't know,Yes,No,No,Some of them,Maybe,No,No,No,Leadership support makes all the difference.
1406,2019,29,Female,United States,No,Yes,No,Never,26-100,No,Yes,Don't know,Don't know,Don't know,Don't know,Don't know,Somewhat easy,No,No,No,Some of them,No,Yes,Yes,No,
1407,2020,32,Female,Brazil,No,No,No,Rarely,500-1000,Yes,Yes,No,Don't know,Don't know,Don't know,Don't know,Very difficult,No,Maybe,Some of them,Some of them,Maybe,No,Yes,No,Stigma is still a major issue in my workplace.
1408,2021,53,Male,Australia,No,Yes,Yes,Sometimes,100-500,Yes,Yes,No,Don't know,No,Don't know,No,Somewhat difficult,No,No,Some of them,No,No,No,No,No,
1409,2022,45,Male,United States,Yes,No,No,Rarely,More than 1000,Yes,Yes,No,Don't know,No,No,Yes,Somewhat easy,No,No,Some of them,No,Maybe,Maybe,Yes,Yes,Better awareness programs needed.
1410,2021,18,Male,Germany,No,No,No,Never,500-1000,No,Yes,Don't know,Don't know,No,Yes,No,Don't know,No,No,Some of them,No,No,Maybe,Yes,No,
1411,2019,24,Other / Prefer not to say,India,Yes,No,No,Sometimes,1-5,Yes,Yes,No,No,Don't know,No,Don't know,Somewhat easy,No,Maybe,Yes,No,No,Maybe,Yes,No,Anonymous reporting would increase participation.
1412,2022,30,Male,Germany,No,No,Yes,Never,500-1000,Yes,No,Yes,Yes,No,Don't know,Yes,Don't know,Maybe,Yes,Yes,No,Maybe,Yes,Don't know,No,More anonymous support options would help.
1413,2023,48,Male,United States,No,No,Yes,Rarely,1-5,Yes,Yes,Yes,No,Yes,Don't know,Don't know,Very easy,No,Yes,Yes,No,No,Maybe,No,No,
1414,2022,29,Male,United States,No,No,No,Sometimes,6-25,No,No,Don't know,Yes,No,Don't know,Yes,Don't know,Maybe,Yes,No,Yes,No,Yes,Don't know,No,
1415,2020,21,Male,United States,No,Yes,Yes,Rarely,500-1000,No,Yes,No,Yes,Yes,No,Don't know,Somewhat easy,Yes,No,No,Some of them,Yes,No,Yes,Yes,More anonymous support options would help.
1416,2021,18,Non-binary,United States,No,Yes,No,Never,500-1000,No,Yes,Yes,Don't know,No,Yes,Don't know,Very easy,No,Maybe,Yes,No,Maybe,Maybe,Don't know,No,
1417,2021,36,Female,Germany,No,No,No,Never,6-25,Yes,Yes,No,Don't know,No,Don't know,Don't know,Very difficult,Maybe,Maybe,Some of them,No,Yes,Yes,Yes,Yes,
1418,2019,33,Non-binary,United States,No,No,No,Rarely,26-100,No,Yes,Don't know,No,Yes,Don't know,No,Don't know,No,No,Some of them,Yes,Maybe,Yes,No,Yes,
1419,2024,33,Male,Other,Yes,No,Yes,Never,100-500,Yes,Yes,No,No,Yes,Yes,Don't know,Don't know,Maybe,No,Yes,Yes,No,No,No,No,More anonymous support options would help.
1420,2023,24,Male,Netherlands,No,No,No,Sometimes,100-500,Yes,Yes,Yes,Yes,No,Yes,Yes,Very easy,Yes,Maybe,Some of them,No,Maybe,No,Don't know,No,Anonymous reporting would increase participation.
1421,2021,26,Male,Canada,No,Yes,Yes,Rarely,1-5,No,Yes,No,Don't know,No,Don't know,Don't know,Don't know,Yes,Maybe,Yes,No,No,No,Yes,No,
1422,2022,29,Female,France,No,Yes,Yes,Often,26-100,Yes,No,No,Yes,Don't know,No,No,Very difficult,No,No,Yes,No,Maybe,No,Yes,No,Stigma is still a major issue in my workplace.
1423,2019,30,Male,United States,No,Yes,No,Rarely,500-1000,No,Yes,Yes,Don't know,No,Yes,Don't know,Somewhat easy,No,No,No,No,No,No,Don't know,No,We have EAP but nobody talks about it.
1424,2023,26,Male,United States,No,No,No,Rarely,6-25,Yes,Yes,No,Yes,No,Don't know,Don't know,Don't know,Maybe,No,No,Some of them,No,No,No,No,Glad to see more companies taking this seriously.
1425,2024,28,Male,United States,No,No,No,Never,More than 1000,Yes,Yes,No,Yes,Don't know,Yes,No,Somewhat easy,Maybe,No,Yes,Yes,Maybe,No,Yes,No,Glad to see more companies taking this seriously.
1426,2019,28,Female,Germany,No,Yes,No,Rarely,More than 1000,No,No,Don't know,Yes,No,Yes,Don't know,Don't know,Yes,No,Some of them,Yes,Yes,No,No,No,
1427,2023,31,Male,United Kingdom,No,No,No,Rarely,100-500,Yes,Yes,Don't know,Yes,Yes,Yes,Don't know,Don't know,No,Maybe,Some of them,Some of them,No,Maybe,Yes,No,Anonymous reporting would increase participation.
1428,2019,41,Male,United States,No,Yes,Yes,Rarely,100-500,Yes,Yes,Don't know,Yes,Yes,Yes,Don't know,Very easy,No,No,Some of them,Yes,No,No,Don't know,No,
1429,2020,30,Male,Germany,No,No,Yes,Sometimes,26-100,Yes,Yes,No,No,No,Don't know,No,Somewhat difficult,Yes,Maybe,No,No,No,Maybe,Don't know,No,
1430,2022,34,Male,United Kingdom,Yes,Yes,No,Never,26-100,No,Yes,No,No,Don't know,Don't know,No,Somewhat difficult,Yes,No,Yes,No,No,No,Don't know,No,We have EAP but nobody talks about it.
1431,2019,27,Female,United States,No,Yes,Yes,Rarely,100-500,No,Yes,No,Yes,Don't know,No,Yes,Somewhat easy,No,No,Yes,Some of them,No,No,Yes,No,
1432,2024,38,Male,Ireland,No,Yes,No,Often,26-100,Yes,Yes,No,Don't know,Don't know,Don't know,Don't know,Very difficult,Yes,No,No,No,No,Yes,Don't know,No,Remote work has been a double-edged sword.
1433,2024,34,Male,United States,No,Yes,Yes,Never,100-500,Yes,Yes,No,Yes,No,No,Don't know,Don't know,Maybe,No,Yes,Yes,No,Yes,Yes,No,Glad to see more companies taking this seriously.
1434,2023,32,Male,Germany,No,Yes,No,Never,100-500,Yes,Yes,Yes,Yes,No,Yes,Yes,Somewhat easy,Yes,Maybe,No,No,Maybe,Yes,Yes,Yes,Management needs training on mental health.
1435,2024,40,Male,France,Yes,No,No,Never,6-25,Yes,Yes,No,No,Yes,No,Don't know,Don't know,Yes,No,No,Yes,Yes,No,Yes,No,HR resources are available but rarely used.
1436,2024,24,Male,Canada,Yes,No,No,Sometimes,26-100,Yes,Yes,Yes,No,No,Yes,No,Somewhat easy,Yes,No,Some of them,No,No,Maybe,Yes,No,Stigma is still a major issue in my workplace.
1437,2020,19,Male,United States,No,No,No,Never,100-500,Yes,Yes,Don't know,Yes,Yes,No,Yes,Somewhat easy,No,No,Some of them,No,No,No,Yes,No,HR resources are available but rarely used.
1438,2024,26,Male,Canada,Yes,Yes,No,Rarely,26-100,No,Yes,Don't know,Don't know,Yes,Don't know,No,Somewhat easy,No,No,Yes,No,No,Yes,Yes,No,Anonymous reporting would increase participation.
1439,2023,30,Female,United States,No,No,Yes,Sometimes,26-100,No,Yes,No,Don't know,Yes,No,Yes,Very easy,No,No,Yes,Some of them,No,Maybe,Don't know,No,
1440,2021,21,Male,United Kingdom,No,No,No,Never,More than 1000,No,Yes,No,Don't know,Don't know,Yes,Yes,Somewhat easy,Maybe,Maybe,No,Yes,No,Maybe,Don't know,No,
1441,2020,47,Male,United States,No,Yes,Yes,Sometimes,26-100,Yes,Yes,Yes,Don't know,No,No,No,Very easy,Yes,No,No,No,Maybe,No,No,Yes,Leadership support makes all the difference.
1442,2020,28,Male,India,No,No,Yes,Never,100-500,Yes,Yes,Yes,Don't know,Don't know,No,Don't know,Very easy,No,No,No,No,Maybe,Yes,Yes,No,More anonymous support options would help.
1443,2023,38,Female,India,No,No,No,Sometimes,6-25,Yes,Yes,Don't know,Yes,No,No,No,Somewhat easy,Yes,No,Yes,No,Maybe,Maybe,Don't know,No,
1444,2022,33,Male,Netherlands,No,No,Yes,Never,100-500,Yes,Yes,No,Don't know,No,Yes,Don't know,Don't know,Maybe,No,Yes,Yes,No,Yes,Yes,No,Burnout is rampant in my team.
1445,2022,40,Female,Other,Yes,Yes,Yes,Rarely,500-1000,No,Yes,Don't know,Yes,No,Yes,Don't know,Very easy,Yes,No,No,No,No,No,Don't know,Yes,
1446,2024,21,Female,Brazil,No,No,Yes,Sometimes,100-500,Yes,No,Yes,Yes,Don't know,Don't know,No,Don't know,Yes,No,No,No,Maybe,Yes,No,No,Anonymous reporting would increase participation.
1447,2021,19,Female,Other,No,No,No,Rarely,6-25,Yes,Yes,No,Don't know,Don't know,No,No,Very easy,No,Yes,No,No,Maybe,Yes,Yes,Yes,
1448,2021,30,Male,United States,No,No,No,Never,100-500,Yes,Yes,Don't know,Yes,No,Yes,Don't know,Somewhat easy,Yes,No,No,No,Maybe,Maybe,No,No,Leadership support makes all the difference.
1449,2022,33,Female,Canada,No,No,Yes,Sometimes,500-1000,No,Yes,Yes,Yes,No,Don't know,Yes,Very difficult,Yes,No,No,Some of them,No,No,Yes,No,HR resources are available but rarely used.
1450,2022,42,Male,Sweden,No,Yes,Yes,Often,More than 1000,Yes,Yes,Yes,Don't know,Yes,Yes,No,Somewhat difficult,No,Yes,Some of them,No,No,No,Yes,Yes,Anonymous reporting would increase participation.
1451,2021,35,Male,United Kingdom,No,No,Yes,Rarely,100-500,Yes,No,Yes,Yes,Yes,No,Yes,Very easy,Yes,No,Yes,No,No,No,Don't know,No,
1452,2022,24,Female,Ireland,No,No,No,Often,6-25,Yes,Yes,Don't know,Don't know,No,No,Don't know,Don't know,No,No,No,Yes,No,No,Don't know,No,Remote work has been a double-edged sword.
1453,2022,18,Male,India,No,Yes,Yes,Sometimes,More than 1000,No,Yes,Yes,Don't know,Yes,Yes,Yes,Somewhat difficult,No,No,No,No,No,No,Don't know,No,
1454,2021,32,Male,United States,No,No,Yes,Sometimes,100-500,Yes,No,Don't know,Don't know,Yes,Yes,Don't know,Very difficult,No,No,Some of them,No,No,Maybe,Don't know,No,Remote work has been a double-edged sword.
1455,2020,29,Male,United States,No,No,Yes,Never,100-500,No,Yes,Yes,No,No,Yes,Don't know,Very easy,Maybe,No,No,No,Yes,No,Yes,No,Better awareness programs needed.
1456,2020,42,Male,Netherlands,No,No,No,Rarely,26-100,Yes,Yes,No,Don't know,No,No,Don't know,Very easy,Maybe,No,Yes,No,No,Maybe,Yes,No,
1457,2019,22,Male,United Kingdom,Yes,No,Yes,Often,More than 1000,No,Yes,Yes,Don't know,No,Yes,Yes,Very easy,Maybe,No,No,Yes,No,No,Don't know,No,Glad to see more companies taking this seriously.
1458,2019,37,Female,Brazil,No,No,No,Rarely,1-5,No,Yes,Yes,Don't know,Yes,Yes,No,Somewhat easy,Yes,No,No,Yes,No,No,Don't know,No,
1459,2019,18,Male,Canada,No,No,No,Never,More than 1000,No,Yes,Yes,No,Don't know,No,Yes,Somewhat easy,Maybe,No,No,No,Maybe,Maybe,Yes,No,
1460,2023,26,Male,United States,No,Yes,No,Sometimes,6-25,No,No,No,No,No,No,Don't know,Don't know,Yes,No,Yes,Yes,Yes,Yes,No,No,Glad to see more companies taking this seriously.
1461,2022,26,Female,United States,Yes,No,Yes,Often,26-100,No,Yes,No,No,Don't know,No,Yes,Very easy,Maybe,No,Yes,No,Maybe,No,Yes,Yes,More anonymous support options would help.
1462,2024,30,Female,United States,No,Yes,Yes,Often,More than 1000,Yes,No,Yes,Yes,Yes,Don't know,Don't know,Somewhat easy,No,Maybe,Yes,Yes,Yes,No,Don't know,No,
1463,2024,41,Male,United States,Yes,Yes,No,Rarely,100-500,Yes,Yes,No,Yes,Yes,Don't know,Yes,Don't know,No,No,No,No,Maybe,No,No,Yes,
1464,2019,26,Male,Ireland,No,No,No,Sometimes,26-100,Yes,Yes,Yes,Yes,Don't know,No,Yes,Very easy,No,Yes,No,Yes,No,Yes,No,No,Burnout is rampant in my team.
1465,2023,21,Male,United States,No,No,No,Rarely,100-500,Yes,Yes,No,Yes,Yes,Yes,No,Don't know,No,No,Yes,Some of them,No,Maybe,No,No,We have EAP but nobody talks about it.
1466,2024,23,Male,United States,No,No,No,Never,More than 1000,No,No,Don't know,Yes,No,No,Yes,Somewhat easy,Maybe,No,Yes,Yes,No,No,Yes,No,
1467,2022,35,Male,United States,No,Yes,Yes,Sometimes,100-500,Yes,Yes,Yes,No,Don't know,Yes,Yes,Don't know,Yes,No,Yes,No,No,Yes,Don't know,No,
1468,2022,24,Male,United States,No,Yes,No,Rarely,6-25,Yes,Yes,Don't know,No,Yes,Don't know,No,Don't know,No,No,Some of them,No,No,No,No,No,
1469,2020,26,Female,United States,No,Yes,Yes,Rarely,More than 1000,No,No,Don't know,Yes,Yes,No,Don't know,Very easy,No,No,No,No,No,No,No,No,Remote work has been a double-edged sword.
1470,2020,37,Female,Canada,No,No,No,Often,26-100,No,No,Yes,Don't know,No,Don't know,Yes,Somewhat easy,Yes,Maybe,Some of them,No,No,Yes,No,No,
1471,2022,27,Male,Germany,Yes,No,Yes,Sometimes,26-100,No,Yes,Don't know,No,No,No,Don't know,Very easy,No,Maybe,No,No,No,Maybe,Yes,Yes,Glad to see more companies taking this seriously.
1472,2020,29,Male,United States,No,No,No,Often,100-500,Yes,Yes,No,Don't know,Yes,Yes,No,Don't know,No,Yes,No,Yes,No,No,Yes,No,Anonymous reporting would increase participation.
1473,2021,30,Other / Prefer not to say,United States,No,No,Yes,Often,More than 1000,No,No,Yes,Yes,Don't know,No,Yes,Don't know,Yes,No,Yes,Yes,Yes,Maybe,Yes,No,Anonymous reporting would increase participation.
1474,2019,35,Male,United States,No,No,No,Often,6-25,Yes,No,Yes,No,No,No,No,Don't know,No,Maybe,Yes,Yes,Maybe,Maybe,Yes,Yes,More anonymous support options would help.
1475,2024,18,Male,Germany,No,No,No,Never,26-100,Yes,No,No,Don't know,No,No,No,Don't know,Maybe,No,No,No,Maybe,Yes,Yes,No,
1476,2022,26,Male,Brazil,No,Yes,No,Often,6-25,Yes,Yes,No,No,No,Don't know,Don't know,Don't know,No,Maybe,No,Some of them,Maybe,No,Don't know,No,
1477,2021,28,Male,United States,No,Yes,No,Sometimes,6-25,No,Yes,Yes,No,No,No,No,Very easy,Yes,Maybe,Yes,No,Maybe,Maybe,Yes,No,
1478,2022,18,Female,Netherlands,Yes,Yes,No,Sometimes,100-500,No,Yes,Yes,Yes,No,No,Yes,Very easy,Maybe,No,Yes,Some of them,No,Yes,No,No,
1479,2022,37,Non-binary,United Kingdom,No,Yes,Yes,Rarely,26-100,Yes,No,Don't know,No,No,Yes,Yes,Don't know,No,No,Some of them,Yes,No,No,Yes,No,We have EAP but nobody talks about it.
1480,2019,19,Male,Ireland,No,No,Yes,Sometimes,More than 1000,No,No,Yes,Yes,Yes,Yes,No,Somewhat easy,No,No,Some of them,No,No,Yes,No,Yes,
1481,2020,39,Male,United States,No,Yes,Yes,Sometimes,More than 1000,No,No,No,Yes,No,No,Don't know,Don't know,No,No,Yes,Some of them,No,Yes,Yes,No,
1482,2024,23,Female,Canada,No,No,Yes,Often,More than 1000,Yes,Yes,No,Yes,Yes,No,Yes,Don't know,No,No,Yes,Yes,Maybe,Yes,Don't know,No,More anonymous support options would help.
1483,2022,44,Female,Other,No,No,No,Never,26-100,No,Yes,Don't know,No,No,Yes,Don't know,Somewhat easy,Maybe,No,No,Yes,No,Maybe,Don't know,No,Stigma is still a major issue in my workplace.
1484,2022,19,Female,United Kingdom,No,Yes,No,Rarely,100-500,Yes,Yes,Yes,Don't know,No,Yes,Don't know,Don't know,Yes,Yes,No,Some of them,Maybe,No,Yes,No,Burnout is rampant in my team.
1485,2019,33,Female,United States,Yes,No,No,Never,100-500,No,Yes,Don't know,Yes,Don't know,Yes,Yes,Somewhat easy,Maybe,No,Some of them,No,No,Maybe,No,Yes,
1486,2024,42,Female,United States,No,No,Yes,Often,More than 1000,No,Yes,Yes,No,Yes,Yes,Yes,Somewhat easy,Maybe,No,No,Some of them,No,No,Don't know,No,
1487,2024,39,Female,United States,Yes,Yes,Yes,Sometimes,500-1000,No,No,Yes,No,No,No,Don't know,Very difficult,Maybe,No,Some of them,Yes,No,Maybe,Yes,Yes,
1488,2024,27,Male,Ireland,No,No,Yes,Sometimes,26-100,No,Yes,Don't know,No,No,Yes,No,Somewhat difficult,No,Maybe,No,No,Yes,Maybe,Yes,No,Remote work has been a double-edged sword.
1489,2022,40,Male,United States,No,No,Yes,Rarely,100-500,Yes,Yes,No,Yes,Yes,Yes,Yes,Somewhat easy,No,No,Yes,No,Maybe,Maybe,Don't know,Yes,HR resources are available but rarely used.
1490,2021,39,Female,United States,No,No,Yes,Never,6-25,No,No,No,Yes,Don't know,Don't know,Don't know,Somewhat difficult,Yes,No,No,No,No,Maybe,Don't know,No,Glad to see more companies taking this seriously.
1491,2019,18,Male,United States,No,No,No,Sometimes,100-500,No,No,Yes,Don't know,Yes,Yes,Don't know,Somewhat difficult,Yes,No,Yes,No,No,No,Don't know,No,Anonymous reporting would increase participation.
1492,2020,25,Male,United Kingdom,No,No,No,Rarely,100-500,No,Yes,Don't know,Yes,Yes,No,Yes,Somewhat easy,Yes,No,No,Some of them,No,No,No,Yes,Remote work has been a double-edged sword.
1493,2020,41,Male,United Kingdom,No,No,Yes,Rarely,More than 1000,No,Yes,No,Yes,Yes,Yes,Yes,Don't know,Yes,Maybe,Yes,Yes,No,No,Don't know,No,Leadership support makes all the difference.
1494,2023,28,Female,United States,No,Yes,No,Sometimes,500-1000,Yes,No,Don't know,No,No,Yes,Yes,Don't know,Maybe,No,Some of them,No,No,No,Don't know,No,
1495,2023,18,Male,United States,No,No,Yes,Sometimes,500-1000,No,No,No,Don't know,Yes,No,Don't know,Very difficult,Maybe,No,Yes,Yes,Maybe,Maybe,Don't know,No,Leadership support makes all the difference.
1496,2021,21,Male,Canada,No,No,Yes,Sometimes,26-100,No,No,Don't know,No,No,No,Don't know,Don't know,Maybe,No,Yes,Some of them,No,Yes,No,No,Anonymous reporting would increase participation.
1497,2023,30,Male,United States,Yes,No,No,Never,26-100,No,No,No,Yes,Don't know,No,No,Very difficult,No,No,No,No,No,No,No,No,
1498,2021,41,Female,Netherlands,No,No,No,Rarely,26-100,Yes,No,No,No,Yes,No,No,Don't know,Maybe,No,Some of them,Some of them,Maybe,Maybe,No,Yes,
1499,2023,31,Female,United States,No,Yes,No,Rarely,26-100,No,No,No,No,Don't know,Don't know,Don't know,Somewhat difficult,Yes,Maybe,Yes,Some of them,No,No,Don't know,No,Better awareness programs needed.
1500,2023,50,Female,United States,No,Yes,No,Rarely,26-100,Yes,Yes,No,No,No,Yes,No,Don't know,No,No,No,Some of them,Maybe,Maybe,No,Yes,Anonymous reporting would increase participation.
1501,2021,27,Male,United States,No,Yes,No,Rarely,26-100,Yes,Yes,No,Yes,No,No,Don't know,Don't know,Maybe,No,Some of them,No,No,Maybe,Yes,No,Glad to see more companies taking this seriously.
1502,2020,38,Female,United States,Yes,No,Yes,Never,500-1000,No,Yes,No,Yes,Yes,Yes,Yes,Very easy,No,No,No,No,No,No,Yes,No,Stigma is still a major issue in my workplace.
1503,2019,27,Male,Brazil,No,Yes,Yes,Often,100-500,Yes,Yes,Yes,Don't know,Yes,Yes,Yes,Somewhat difficult,Maybe,No,Some of them,No,No,No,Don't know,Yes,
1504,2021,45,Male,Other,No,No,Yes,Often,100-500,No,Yes,Don't know,Yes,Yes,Yes,No,Don't know,Maybe,No,Yes,Yes,Yes,Maybe,Don't know,No,Management needs training on mental health.
1505,2024,33,Male,United States,No,No,No,Often,6-25,Yes,Yes,Yes,Don't know,No,No,Don't know,Somewhat easy,Maybe,No,Yes,No,No,No,Don't know,No,More anonymous support options would help.
1506,2022,18,Male,Germany,No,Yes,Yes,Never,More than 1000,Yes,Yes,Don't know,Yes,Yes,No,Yes,Don't know,No,No,Yes,No,No,No,Don't know,Yes,Leadership support makes all the difference.
1507,2023,21,Female,United States,Yes,No,No,Rarely,500-1000,Yes,No,Yes,Yes,No,No,No,Don't know,Yes,No,No,Some of them,No,No,Don't know,No,Leadership support makes all the difference.
1508,2019,40,Male,United States,No,No,Yes,Rarely,100-500,No,Yes,Yes,Yes,Yes,No,Don't know,Somewhat difficult,Yes,No,Yes,Yes,Maybe,No,Yes,Yes,
1509,2022,18,Male,United States,No,No,No,Often,100-500,No,No,Don't know,Don't know,No,Yes,Yes,Don't know,No,No,No,No,Maybe,No,No,No,HR resources are available but rarely used.
1510,2024,28,Male,United States,No,Yes,No,Never,More than 1000,No,Yes,Yes,Yes,Yes,Don't know,Don't know,Don't know,Maybe,No,Yes,Some of them,No,Yes,No,No,Burnout is rampant in my team.
1511,2023,38,Female,India,No,Yes,No,Rarely,100-500,Yes,Yes,No,Yes,Yes,Yes,No,Somewhat easy,Yes,No,Yes,No,No,Yes,Don't know,No,Stigma is still a major issue in my workplace.
1512,2024,31,Male,United States,No,No,No,Often,26-100,No,Yes,Don't know,No,No,Yes,Yes,Somewhat difficult,Maybe,Maybe,Some of them,Some of them,No,Maybe,Yes,No,HR resources are available but rarely used.
1513,2021,37,Female,Germany,No,No,No,Rarely,500-1000,No,Yes,Don't know,Yes,Don't know,No,Don't know,Somewhat difficult,No,No,No,Yes,No,No,Don't know,No,Open conversations help reduce stigma.
1514,2019,33,Non-binary,United Kingdom,No,Yes,No,Often,500-1000,No,No,No,Yes,Yes,Yes,Don't know,Somewhat easy,No,No,No,No,Maybe,No,No,No,HR resources are available but rarely used.
1515,2020,30,Female,United States,No,No,No,Never,1-5,No,Yes,Yes,No,No,No,Yes,Don't know,No,No,Some of them,No,No,Maybe,Yes,Yes,HR resources are available but rarely used.
1516,2021,37,Female,Netherlands,No,No,No,Sometimes,6-25,No,No,No,Yes,No,No,Don't know,Very easy,Yes,No,Some of them,Some of them,Maybe,No,Yes,No,Open conversations help reduce stigma.
1517,2021,27,Male,Germany,Yes,Yes,Yes,Sometimes,6-25,No,No,Yes,No,No,No,Don't know,Very easy,Maybe,Yes,No,No,Maybe,No,Yes,No,
1518,2022,28,Male,United States,No,No,Yes,Rarely,100-500,Yes,Yes,Yes,Don't know,No,Yes,Don't know,Don't know,No,Yes,No,No,Maybe,Yes,Yes,No,Burnout is rampant in my team.
1519,2024,22,Male,Other,No,No,Yes,Often,More than 1000,Yes,Yes,Yes,Yes,Yes,Yes,Yes,Somewhat difficult,No,No,Some of them,No,No,Yes,No,No,
1520,2020,35,Male,Australia,No,No,Yes,Sometimes,100-500,No,Yes,No,Yes,Yes,Don't know,Yes,Somewhat easy,No,No,No,No,No,Yes,No,No,
1521,2024,22,Male,Other,No,No,No,Never,100-500,Yes,Yes,Yes,Yes,Yes,Yes,No,Somewhat easy,No,No,No,Some of them,No,No,Don't know,No,Management needs training on mental health.
1522,2022,44,Female,United States,No,No,No,Never,26-100,No,Yes,No,Yes,No,No,Don't know,Very easy,Maybe,No,No,Yes,No,Maybe,No,No,Burnout is rampant in my team.
1523,2023,38,Male,United States,Yes,No,No,Rarely,6-25,Yes,Yes,No,Don't know,Don't know,No,Don't know,Very easy,Yes,No,Yes,Yes,No,No,Don't know,No,Open conversations help reduce stigma.
1524,2023,21,Male,Australia,No,No,Yes,Sometimes,100-500,No,Yes,Don't know,Yes,Yes,No,Don't know,Somewhat easy,No,Yes,Some of them,Yes,Yes,Yes,No,No,
1525,2019,35,Female,Australia,No,No,No,Never,26-100,No,Yes,No,No,No,Yes,Don't know,Don't know,Maybe,Maybe,Some of them,No,No,No,Don't know,No,Glad to see more companies taking this seriously.
1526,2022,19,Male,Other,No,No,Yes,Sometimes,26-100,No,No,Don't know,Yes,No,No,Yes,Don't know,No,Yes,No,Some of them,Maybe,No,No,No,HR resources are available but rarely used.
1527,2021,29,Male,Other,No,No,No,Never,1-5,Yes,Yes,Don't know,No,No,No,Don't know,Very easy,No,No,Some of them,Yes,No,No,Don't know,Yes,Better awareness programs needed.
1528,2019,29,Male,United States,No,Yes,Yes,Never,6-25,No,Yes,Don't know,No,Don't know,Yes,Don't know,Don't know,Yes,No,No,No,No,No,Don't know,No,
1529,2023,29,Non-binary,United States,No,No,Yes,Sometimes,26-100,Yes,No,No,No,No,Yes,Don't know,Don't know,No,No,Yes,No,No,Yes,Yes,No,
1530,2020,27,Female,Canada,No,Yes,No,Never,1-5,Yes,Yes,Don't know,Yes,No,No,Don't know,Somewhat difficult,Maybe,No,Some of them,Yes,No,No,Don't know,No,
1531,2019,32,Female,United States,No,Yes,No,Rarely,More than 1000,No,Yes,No,No,Yes,Yes,Yes,Somewhat easy,No,No,Yes,Some of them,No,No,Don't know,Yes,Open conversations help reduce stigma.
1532,2022,38,Male,United States,No,Yes,No,Sometimes,More than 1000,No,Yes,No,Don't know,Yes,Don't know,Don't know,Don't know,Maybe,No,Yes,Some of them,No,No,Don't know,No,Better awareness programs needed.
1533,2024,33,Male,Netherlands,Yes,Yes,Yes,Sometimes,More than 1000,No,No,Don't know,No,Yes,Yes,Don't know,Don't know,Maybe,No,No,No,No,No,No,No,
1534,2024,29,Male,United States,No,No,No,Rarely,6-25,Yes,Yes,No,Yes,Don't know,No,No,Somewhat easy,Maybe,No,Some of them,Some of them,Maybe,Maybe,Yes,No,
1535,2023,27,Female,United States,No,No,No,Rarely,6-25,Yes,No,Yes,No,Don't know,No,Don't know,Don't know,No,Maybe,No,Yes,No,Maybe,No,No,Glad to see more companies taking this seriously.
1536,2023,23,Male,United States,No,No,No,Sometimes,26-100,No,No,No,No,Don't know,Yes,Don't know,Somewhat easy,Maybe,Maybe,No,Yes,No,Maybe,Yes,No,
1537,2021,27,Male,United States,No,No,No,Rarely,100-500,No,Yes,No,No,No,No,Don't know,Somewhat easy,No,No,No,No,No,No,Don't know,Yes,
1538,2019,38,Male,Canada,No,Yes,Yes,Sometimes,26-100,No,No,Don't know,No,Don't know,Don't know,Don't know,Somewhat difficult,No,No,Some of them,Yes,No,No,No,No,
1539,2020,26,Male,Other,Yes,Yes,Yes,Sometimes,1-5,Yes,Yes,No,No,Don't know,No,Don't know,Don't know,Yes,No,Yes,Some of them,Maybe,No,Don't know,No,Better awareness programs needed.
1540,2019,35,Female,Netherlands,No,No,Yes,Often,26-100,Yes,Yes,No,No,Don't know,Don't know,No,Somewhat difficult,Maybe,No,Some of them,Yes,No,Yes,No,No,Management needs training on mental health.
1541,2024,33,Male,United Kingdom,No,No,No,Rarely,100-500,Yes,Yes,Yes,Don't know,Don't know,Yes,Don't know,Very difficult,No,No,Some of them,Yes,No,Maybe,Yes,No,We have EAP but nobody talks about it.
1542,2024,18,Male,Canada,No,Yes,Yes,Sometimes,26-100,No,No,Don't know,No,Don't know,No,Don't know,Very difficult,Yes,No,Yes,Some of them,No,Maybe,Don't know,No,Open conversations help reduce stigma.
1543,2019,19,Female,United States,No,No,Yes,Rarely,100-500,No,Yes,Yes,Don't know,Don't know,Don't know,Yes,Very easy,No,Maybe,No,No,No,No,Don't know,Yes,Remote work has been a double-edged sword.
1544,2019,30,Female,United Kingdom,No,No,No,Rarely,100-500,No,Yes,Don't know,No,No,Don't know,Don't know,Somewhat easy,Yes,No,Yes,Some of them,Yes,Maybe,No,No,
1545,2023,24,Other / Prefer not to say,United States,Yes,Yes,Yes,Never,More than 1000,No,Yes,Yes,No,No,Don't know,Don't know,Don't know,Maybe,No,Yes,Yes,Yes,No,No,No,Glad to see more companies taking this seriously.
1546,2023,23,Male,Other,No,No,Yes,Often,100-500,Yes,Yes,Yes,No,Don't know,Yes,No,Very easy,No,No,Some of them,No,No,Maybe,Yes,No,Better awareness programs needed.
1547,2023,30,Female,United Kingdom,No,Yes,No,Never,100-500,Yes,Yes,No,Don't know,No,Yes,Yes,Somewhat easy,Maybe,Maybe,Yes,Some of them,No,No,Yes,No,
1548,2024,30,Male,Australia,No,No,Yes,Sometimes,6-25,No,Yes,No,No,No,Don't know,Don't know,Somewhat easy,Yes,Yes,No,No,No,Maybe,No,Yes,We have EAP but nobody talks about it.
1549,2021,18,Male,Other,Yes,No,No,Never,6-25,Yes,Yes,No,Don't know,Don't know,No,No,Don't know,No,Yes,No,No,Yes,Yes,Yes,No,We have EAP but nobody talks about it.
1550,2021,18,Male,United States,Yes,Yes,Yes,Rarely,26-100,Yes,No,Yes,No,Yes,Don't know,No,Somewhat easy,Yes,No,Yes,Some of them,Maybe,Yes,No,No,Remote work has been a double-edged sword.
1551,2021,28,Female,United States,No,Yes,No,Rarely,100-500,No,Yes,Don't know,Don't know,No,Yes,Yes,Somewhat difficult,Maybe,No,Some of them,Yes,No,Yes,No,Yes,
1552,2023,21,Female,United States,No,Yes,Yes,Sometimes,100-500,No,Yes,No,Yes,No,Yes,Yes,Don't know,Maybe,No,No,Some of them,No,Maybe,No,No,More anonymous support options would help.
1553,2020,23,Male,United States,Yes,Yes,Yes,Rarely,100-500,No,Yes,No,No,Yes,Don't know,Yes,Don't know,No,No,No,Some of them,Maybe,Maybe,Yes,Yes,
1554,2021,22,Male,Other,No,No,No,Often,26-100,No,No,Don't know,Don't know,No,Yes,No,Very difficult,Maybe,No,No,Some of them,No,Maybe,Don't know,No,
1555,2024,24,Male,United States,Yes,No,No,Never,26-100,Yes,Yes,Don't know,Don't know,No,Yes,Don't know,Somewhat easy,No,Yes,Yes,Yes,No,No,Yes,No,Anonymous reporting would increase participation.
1556,2021,29,Male,Sweden,No,Yes,Yes,Rarely,26-100,Yes,No,Don't know,No,Don't know,No,No,Somewhat easy,No,No,No,Yes,No,Maybe,Don't know,No,Glad to see more companies taking this seriously.
1557,2020,29,Female,Canada,No,No,Yes,Rarely,100-500,Yes,Yes,No,Yes,Yes,Yes,Don't know,Somewhat difficult,Yes,No,Yes,No,No,Maybe,Yes,No,Leadership support makes all the difference.
1558,2023,22,Female,Netherlands,No,Yes,Yes,Sometimes,100-500,No,Yes,Yes,Yes,Don't know,Don't know,Don't know,Somewhat easy,Maybe,Yes,Yes,No,No,Maybe,No,No,We have EAP but nobody talks about it.
1559,2022,18,Female,Germany,No,No,No,Sometimes,26-100,No,No,Yes,No,Yes,Don't know,Don't know,Very difficult,No,Maybe,Yes,Yes,Yes,No,Yes,No,
1560,2022,28,Male,United States,No,No,Yes,Sometimes,6-25,No,Yes,Don't know,No,Don't know,No,Don't know,Don't know,Maybe,Yes,Some of them,Some of them,Yes,No,Don't know,No,
1561,2022,36,Female,United States,No,No,No,Often,6-25,No,Yes,Yes,No,Don't know,No,No,Don't know,No,No,No,Some of them,Maybe,Maybe,No,Yes,More anonymous support options would help.
1562,2022,18,Female,United States,No,Yes,Yes,Sometimes,More than 1000,No,Yes,Yes,Don't know,No,Yes,Don't know,Very difficult,Maybe,No,Yes,Some of them,No,No,Yes,No,
1563,2019,26,Female,United States,Yes,No,No,Never,1-5,No,No,Yes,No,Yes,No,Yes,Somewhat easy,No,No,Yes,No,No,Maybe,Yes,Yes,Leadership support makes all the difference.
1564,2024,18,Female,India,No,No,Yes,Sometimes,More than 1000,Yes,Yes,Yes,Yes,Yes,Don't know,Yes,Very difficult,No,Maybe,Some of them,Some of them,No,Maybe,Don't know,No,More anonymous support options would help.
1565,2021,38,Female,United States,No,No,Yes,Never,100-500,No,Yes,Yes,Yes,Yes,Don't know,Yes,Somewhat difficult,Maybe,No,Yes,Yes,No,Yes,No,No,
1566,2024,23,Male,United States,No,No,Yes,Often,More than 1000,Yes,Yes,Don't know,Don't know,Yes,Don't know,Don't know,Don't know,No,No,No,Yes,No,No,No,No,
1567,2019,32,Male,Ireland,No,No,No,Rarely,1-5,Yes,Yes,No,Don't know,No,No,Yes,Don't know,Maybe,No,Some of them,No,Maybe,Maybe,Don't know,Yes,Burnout is rampant in my team.
1568,2024,22,Female,United States,No,No,No,Rarely,More than 1000,Yes,Yes,Yes,No,Don't know,Yes,Don't know,Somewhat difficult,No,No,No,No,Yes,Yes,Yes,No,Management needs training on mental health.
1569,2021,41,Female,United States,No,No,Yes,Never,100-500,Yes,No,Yes,Don't know,No,Don't know,Yes,Somewhat difficult,No,Maybe,No,No,Yes,No,Yes,No,
1570,2019,33,Non-binary,United States,No,No,Yes,Sometimes,More than 1000,No,Yes,Don't know,Don't know,Don't know,Don't know,Yes,Somewhat easy,No,No,Yes,No,No,Maybe,No,No,Better awareness programs needed.
1571,2022,45,Male,United States,No,Yes,Yes,Sometimes,26-100,No,No,No,No,No,Don't know,No,Somewhat easy,No,No,Some of them,No,Maybe,No,Don't know,No,
1572,2021,24,Male,United States,No,No,Yes,Sometimes,26-100,Yes,Yes,No,Don't know,No,No,Don't know,Don't know,Maybe,No,No,Yes,Maybe,Maybe,Don't know,Yes,
1573,2022,40,Male,India,No,Yes,No,Never,6-25,Yes,Yes,No,Don't know,No,No,Don't know,Somewhat easy,Yes,No,Some of them,Yes,No,Yes,No,Yes,Open conversations help reduce stigma.
1574,2021,28,Male,United States,No,Yes,No,Often,500-1000,No,Yes,Don't know,No,Yes,Yes,Don't know,Don't know,Maybe,No,Yes,No,No,No,No,Yes,
1575,2023,27,Male,United States,No,No,No,Rarely,100-500,No,Yes,Don't know,No,Don't know,Yes,Yes,Somewhat easy,No,No,No,Yes,No,Maybe,Don't know,No,Remote work has been a double-edged sword.
1576,2022,44,Male,Other,No,No,No,Never,More than 1000,Yes,Yes,Yes,Don't know,Yes,Yes,Yes,Somewhat easy,Yes,No,Some of them,Some of them,Maybe,Maybe,No,Yes,
1577,2024,22,Male,United Kingdom,No,Yes,Yes,Often,26-100,No,Yes,Yes,Yes,Yes,Don't know,Don't know,Somewhat easy,No,No,Some of them,Yes,Maybe,No,Don't know,No,Glad to see more companies taking this seriously.
1578,2022,35,Female,Germany,No,No,No,Sometimes,More than 1000,No,No,No,No,Don't know,Don't know,Don't know,Very easy,Yes,Maybe,Yes,Yes,No,No,No,No,More anonymous support options would help.
1579,2021,32,Female,United States,No,Yes,Yes,Often,500-1000,Yes,No,No,Don't know,Yes,Yes,No,Somewhat difficult,No,Maybe,Some of them,No,Yes,Yes,Don't know,No,
1580,2020,22,Non-binary,United States,No,No,Yes,Often,6-25,No,Yes,Don't know,Yes,No,No,Don't know,Very easy,No,No,Some of them,No,No,Yes,No,No,Open conversations help reduce stigma.
1581,2023,29,Male,India,No,No,Yes,Rarely,26-100,No,Yes,No,Don't know,Don't know,No,Yes,Somewhat easy,No,No,Some of them,Yes,No,No,Don't know,No,Remote work has been a double-edged sword.
1582,2022,32,Male,United States,No,No,No,Never,100-500,Yes,Yes,No,Don't know,No,Yes,Don't know,Somewhat difficult,Yes,Maybe,Some of them,No,No,Maybe,Don't know,No,
1583,2019,27,Male,United States,No,No,No,Rarely,500-1000,No,No,Yes,Don't know,Yes,Yes,Yes,Very difficult,Maybe,Yes,Some of them,Some of them,No,Yes,Yes,No,More anonymous support options would help.
1584,2023,42,Male,Canada,No,Yes,Yes,Sometimes,6-25,No,Yes,Yes,No,No,No,Don't know,Somewhat easy,Yes,Yes,No,No,No,No,No,Yes,Stigma is still a major issue in my workplace.
1585,2021,33,Female,United States,No,No,Yes,Sometimes,26-100,Yes,Yes,No,Don't know,Yes,Yes,No,Don't know,Yes,Maybe,No,Some of them,No,Maybe,No,No,
1586,2021,25,Male,Other,No,Yes,No,Often,100-500,Yes,Yes,Don't know,No,No,Yes,No,Somewhat difficult,Maybe,No,No,No,No,No,Don't know,No,
1587,2021,30,Non-binary,United States,No,No,No,Sometimes,500-1000,No,Yes,No,Don't know,Yes,No,Don't know,Very easy,Yes,No,No,No,Maybe,Maybe,Don't know,Yes,Better awareness programs needed.
1588,2024,26,Female,United Kingdom,Yes,Yes,Yes,Sometimes,500-1000,Yes,Yes,No,Yes,Yes,Yes,Don't know,Somewhat difficult,No,No,Some of them,Yes,Yes,No,Don't know,No,
1589,2023,38,Male,United States,No,No,No,Rarely,26-100,No,No,Yes,Don't know,No,No,Don't know,Very difficult,No,No,No,Yes,No,No,Yes,No,More anonymous support options would help.
1590,2024,33,Male,United States,No,No,No,Rarely,100-500,Yes,Yes,Yes,Don't know,Yes,No,Don't know,Very easy,No,No,Some of them,Some of them,No,Yes,Yes,No,Anonymous reporting would increase participation.
1591,2024,42,Female,United States,No,Yes,No,Never,6-25,No,Yes,No,Yes,Yes,Yes,No,Somewhat easy,No,No,Yes,No,No,No,Yes,No,
1592,2024,39,Non-binary,United States,Yes,No,Yes,Often,100-500,Yes,Yes,Don't know,Yes,Yes,Yes,Yes,Somewhat easy,No,Yes,No,Yes,No,Maybe,No,No,
1593,2022,18,Female,United States,No,No,Yes,Often,More than 1000,No,No,No,Yes,No,Yes,Yes,Somewhat easy,No,No,Yes,Some of them,No,Yes,Don't know,No,
1594,2024,23,Female,Other,No,No,No,Never,More than 1000,Yes,No,Don't know,Yes,No,No,Yes,Very difficult,Yes,No,Yes,No,Maybe,No,No,No,
1595,2024,26,Male,Australia,Yes,No,No,Sometimes,More than 1000,No,Yes,Yes,No,Yes,Yes,No,Somewhat easy,Yes,No,No,Some of them,No,Maybe,Yes,No,Better awareness programs needed.
1596,2021,18,Male,Canada,No,No,No,Sometimes,100-500,No,No,Yes,No,Don't know,Yes,Yes,Somewhat difficult,Yes,Yes,No,No,No,No,Don't know,No,Management needs training on mental health.
1597,2023,28,Male,Other,No,No,Yes,Rarely,6-25,No,Yes,No,Yes,No,No,No,Don't know,No,No,No,Some of them,No,Yes,Don't know,No,Open conversations help reduce stigma.
1598,2020,34,Female,United States,Yes,No,Yes,Rarely,6-25,Yes,Yes,Don't know,No,Don't know,Yes,Don't know,Don't know,Yes,No,Some of them,Yes,Maybe,No,Don't know,No,
1599,2023,35,Male,United States,No,No,Yes,Sometimes,100-500,Yes,Yes,Yes,Don't know,No,No,Don't know,Somewhat easy,No,Maybe,Yes,No,Maybe,No,Yes,No,
1600,2020,29,Male,Germany,No,No,No,Rarely,100-500,No,No,Yes,Yes,Don't know,Yes,No,Very difficult,No,Maybe,Yes,Some of them,No,Maybe,Don't know,No,Management needs training on mental health.
1601,2021,31,Female,United States,Yes,No,Yes,Rarely,More than 1000,Yes,Yes,Yes,No,Yes,Yes,Yes,Don't know,Yes,Maybe,Yes,Some of them,No,No,Yes,No,
1602,2023,26,Male,United Kingdom,No,Yes,No,Never,1-5,Yes,Yes,Yes,Yes,No,No,No,Somewhat easy,Yes,No,No,No,Maybe,No,Yes,Yes,Stigma is still a major issue in my workplace.
1603,2022,29,Female,United States,No,No,No,Often,100-500,Yes,Yes,Yes,Yes,No,Don't know,Don't know,Don't know,No,No,Some of them,No,No,No,Don't know,No,
1604,2023,42,Male,United States,No,No,Yes,Often,More than 1000,No,No,Yes,No,Don't know,Don't know,Don't know,Somewhat easy,Maybe,No,Some of them,Yes,No,No,Don't know,No,Management needs training on mental health.
1605,2022,18,Female,United States,No,No,No,Often,100-500,No,No,No,No,No,Don't know,Don't know,Very difficult,No,No,Some of them,No,No,Maybe,Yes,Yes,
1606,2021,21,Male,United Kingdom,No,No,Yes,Often,26-100,Yes,Yes,No,Don't know,No,No,Don't know,Somewhat difficult,Maybe,Yes,Yes,Yes,Yes,No,No,Yes,
1607,2022,21,Male,United States,No,No,No,Rarely,100-500,No,No,Don't know,Don't know,No,No,Yes,Very easy,Maybe,No,No,Yes,No,Maybe,Yes,No,
1608,2022,25,Female,United States,No,No,Yes,Often,26-100,Yes,Yes,Don't know,No,No,Don't know,Don't know,Somewhat easy,Yes,No,Yes,Yes,No,No,Don't know,No,
1609,2020,36,Female,Other,No,No,Yes,Sometimes,100-500,Yes,No,Don't know,Yes,Yes,Don't know,No,Somewhat difficult,Yes,No,Yes,Some of them,No,Maybe,Yes,No,Anonymous reporting would increase participation.
1610,2019,35,Male,United States,No,No,No,Rarely,6-25,No,No,No,No,Don't know,Yes,No,Don't know,Maybe,Maybe,Some of them,Yes,Maybe,Maybe,Don't know,No,Stigma is still a major issue in my workplace.
1611,2021,21,Male,Other,No,No,No,Rarely,100-500,Yes,No,Yes,Don't know,No,No,Yes,Very difficult,No,No,Some of them,Yes,Yes,No,No,No,Burnout is rampant in my team.
1612,2020,45,Non-binary,United States,Yes,No,Yes,Rarely,6-25,No,Yes,Don't know,No,No,No,No,Somewhat easy,Maybe,No,No,Some of them,Maybe,Yes,Don't know,Yes,
1613,2021,21,Male,Canada,No,No,No,Rarely,100-500,No,Yes,Yes,No,Don't know,No,No,Very difficult,No,No,No,Yes,Maybe,Maybe,No,No,
1614,2022,27,Male,United States,No,No,No,Sometimes,100-500,No,Yes,Yes,Don't know,Yes,Don't know,Yes,Don't know,Yes,No,Some of them,No,Maybe,No,Don't know,No,Stigma is still a major issue in my workplace.
1615,2024,26,Male,United Kingdom,No,Yes,Yes,Often,100-500,Yes,No,No,Yes,No,Yes,Don't know,Don't know,No,Maybe,Some of them,Some of them,No,No,No,No,
1616,2023,34,Male,United States,No,No,No,Often,26-100,No,Yes,Don't know,No,Don't know,No,Don't know,Somewhat easy,Maybe,No,No,Yes,No,Maybe,Yes,No,Stigma is still a major issue in my workplace.
1617,2023,32,Non-binary,United States,Yes,Yes,Yes,Never,100-500,Yes,Yes,Yes,Yes,Yes,Yes,Yes,Don't know,No,No,No,Some of them,No,Maybe,Don't know,Yes,More anonymous support options would help.
1618,2019,23,Male,United States,No,No,No,Sometimes,26-100,No,Yes,Don't know,No,No,Yes,Yes,Don't know,No,No,Some of them,Yes,No,Yes,No,Yes,
1619,2023,30,Female,United States,No,No,Yes,Rarely,26-100,No,No,Yes,No,Don't know,No,Don't know,Somewhat difficult,Maybe,No,Some of them,No,No,Maybe,Don't know,No,We have EAP but nobody talks about it.
1620,2022,32,Male,Sweden,Yes,No,No,Rarely,6-25,No,Yes,No,No,No,No,Yes,Very easy,No,No,No,Yes,No,Yes,No,No,
1621,2024,26,Female,United States,No,No,No,Never,More than 1000,No,No,Yes,No,No,Yes,Don't know,Somewhat easy,Yes,No,No,Yes,No,No,No,No,
1622,2019,22,Male,Other,No,Yes,Yes,Sometimes,500-1000,No,Yes,Yes,Yes,Yes,Yes,Yes,Don't know,No,No,Yes,Some of them,No,No,Yes,No,HR resources are available but rarely used.
1623,2020,34,Female,Germany,No,No,No,Often,100-500,Yes,Yes,Yes,Yes,Yes,No,Yes,Don't know,Yes,Maybe,Some of them,No,Maybe,Maybe,Don't know,No,
1624,2021,45,Male,Australia,No,No,No,Rarely,500-1000,Yes,Yes,No,Yes,Don't know,Yes,Yes,Don't know,Maybe,Maybe,Some of them,Yes,No,Yes,Yes,No,
1625,2021,32,Male,United States,No,No,No,Sometimes,26-100,Yes,Yes,No,No,No,No,No,Somewhat difficult,Maybe,No,Yes,Some of them,Maybe,No,Don't know,No,Open conversations help reduce stigma.
1626,2019,37,Male,United States,Yes,No,No,Never,26-100,No,Yes,Yes,Don't know,No,No,Yes,Don't know,Yes,No,Some of them,No,No,Maybe,Yes,No,
1627,2020,34,Non-binary,United Kingdom,No,No,No,Never,6-25,Yes,Yes,No,Yes,No,Yes,No,Somewhat easy,Maybe,No,Some of them,No,No,No,Don't know,No,We have EAP but nobody talks about it.
1628,2021,27,Female,United States,No,Yes,Yes,Rarely,More than 1000,Yes,No,Yes,Yes,No,Yes,Don't know,Very difficult,No,No,Yes,No,Maybe,Yes,Yes,No,
1629,2019,37,Female,United Kingdom,No,No,No,Sometimes,500-1000,No,Yes,Yes,Yes,Don't know,Don't know,No,Somewhat difficult,Maybe,No,Yes,No,Maybe,No,Don't know,No,Open conversations help reduce stigma.
1630,2022,34,Male,United States,No,No,Yes,Often,100-500,No,Yes,Yes,Don't know,No,Don't know,No,Very easy,No,Maybe,Yes,Some of them,No,No,No,Yes,Anonymous reporting would increase participation.
1631,2024,32,Male,United Kingdom,No,Yes,Yes,Often,100-500,Yes,No,Yes,Don't know,Yes,Don't know,Yes,Somewhat easy,No,Yes,Yes,No,No,Yes,Yes,No,
1632,2022,45,Male,United States,No,No,No,Rarely,500-1000,Yes,Yes,No,Yes,Yes,Yes,Don't know,Don't know,Yes,Yes,Some of them,No,No,No,Don't know,Yes,
1633,2020,26,Female,United Kingdom,No,No,Yes,Rarely,More than 1000,Yes,Yes,Yes,Don't know,No,Don't know,Don't know,Don't know,No,No,No,No,Maybe,Yes,Yes,Yes,More anonymous support options would help.
1634,2023,29,Male,United States,No,Yes,No,Often,100-500,No,Yes,Don't know,Don't know,No,No,Yes,Don't know,No,Maybe,Yes,Yes,No,No,Yes,No,Burnout is rampant in my team.
1635,2020,29,Male,India,No,Yes,Yes,Rarely,6-25,Yes,Yes,Don't know,No,Yes,Don't know,Don't know,Somewhat easy,No,Maybe,No,No,No,No,Don't know,No,
1636,2022,20,Female,United States,No,No,Yes,Rarely,100-500,No,No,No,Don't know,Yes,No,Yes,Don't know,Maybe,Maybe,No,Yes,No,No,No,No,
1637,2020,30,Female,Other,No,No,No,Sometimes,26-100,No,Yes,No,No,No,No,Don't know,Somewhat easy,No,No,Some of them,Some of them,No,Maybe,Yes,No,
1638,2019,26,Male,Germany,No,No,No,Rarely,100-500,No,Yes,Yes,Yes,Yes,Yes,Yes,Very easy,Maybe,Maybe,Yes,Yes,No,Maybe,Yes,No,
1639,2024,34,Non-binary,United Kingdom,No,No,No,Rarely,100-500,Yes,No,Don't know,Don't know,No,Yes,Don't know,Very difficult,Yes,No,Some of them,No,Maybe,Maybe,Don't know,No,Better awareness programs needed.
1640,2023,29,Female,Other,No,Yes,Yes,Often,6-25,Yes,Yes,Yes,No,Don't know,No,Yes,Somewhat easy,Maybe,Maybe,Some of them,No,No,No,No,Yes,
1641,2023,18,Male,United States,Yes,No,Yes,Never,100-500,Yes,Yes,Yes,Yes,Yes,No,Don't know,Don't know,No,Maybe,No,Yes,No,No,Don't know,No,Glad to see more companies taking this seriously.
1642,2019,27,Male,Sweden,Yes,Yes,No,Often,More than 1000,Yes,Yes,Don't know,Don't know,Yes,No,Yes,Somewhat difficult,No,No,Some of them,Yes,No,No,Don't know,No,Anonymous reporting would increase participation.
1643,2023,30,Female,Germany,No,No,No,Sometimes,100-500,Yes,Yes,Yes,Yes,Yes,Yes,Yes,Very easy,No,No,Some of them,Some of them,No,No,Don't know,No,
1644,2022,21,Male,Other,No,No,No,Sometimes,100-500,Yes,No,Yes,Don't know,Don't know,Yes,Don't know,Somewhat easy,No,No,Yes,Some of them,No,Yes,No,No,We have EAP but nobody talks about it.
1645,2020,26,Male,Germany,No,No,Yes,Sometimes,26-100,Yes,No,No,Yes,No,No,Don't know,Very easy,Maybe,No,Yes,Yes,No,No,Don't know,No,More anonymous support options would help.
1646,2019,35,Male,United Kingdom,No,No,Yes,Sometimes,26-100,No,Yes,Don't know,Yes,Don't know,No,No,Don't know,No,Yes,Yes,Yes,Maybe,Yes,Don't know,No,Glad to see more companies taking this seriously.
1647,2021,32,Male,Brazil,No,No,Yes,Sometimes,26-100,No,Yes,Don't know,Don't know,Don't know,Don't know,No,Very easy,Maybe,No,Yes,No,Maybe,Yes,Don't know,No,HR resources are available but rarely used.
1648,2022,19,Female,United States,No,Yes,No,Often,26-100,No,Yes,No,No,Don't know,Yes,No,Somewhat difficult,No,No,Some of them,Some of them,Maybe,No,Don't know,No,We have EAP but nobody talks about it.
1649,2023,36,Female,United States,No,No,No,Never,100-500,Yes,Yes,Yes,Don't know,No,Yes,Yes,Don't know,No,No,Yes,No,No,No,Don't know,No,Leadership support makes all the difference.
1650,2023,35,Other / Prefer not to say,United States,No,No,No,Never,500-1000,No,No,Yes,Yes,Yes,Yes,Don't know,Somewhat difficult,No,No,Some of them,No,No,No,No,No,Stigma is still a major issue in my workplace.
1651,2022,27,Male,Canada,No,No,No,Rarely,26-100,Yes,Yes,Don't know,Yes,No,Don't know,Yes,Don't know,Maybe,No,Yes,No,Maybe,No,Don't know,Yes,Glad to see more companies taking this seriously.
1652,2023,35,Female,United Kingdom,No,No,Yes,Sometimes,100-500,Yes,No,No,Yes,Yes,No,Don't know,Don't know,Maybe,No,Some of them,No,No,No,Don't know,No,Open conversations help reduce stigma.
1653,2024,27,Male,United States,No,No,No,Rarely,1-5,Yes,No,No,Don't know,Don't know,Yes,Don't know,Very difficult,Yes,No,Some of them,Yes,Maybe,No,Yes,No,
1654,2022,25,Male,United States,No,Yes,Yes,Sometimes,100-500,Yes,Yes,Yes,Yes,Don't know,Yes,Don't know,Somewhat difficult,No,Yes,Some of them,Some of them,No,Maybe,Yes,Yes,
1655,2019,25,Male,United Kingdom,No,Yes,No,Never,26-100,No,Yes,No,Yes,No,No,Don't know,Very difficult,No,No,Yes,Yes,Maybe,No,Yes,No,
1656,2022,31,Male,Other,No,Yes,Yes,Rarely,More than 1000,Yes,Yes,Yes,Yes,Yes,Don't know,Don't know,Don't know,Yes,No,Yes,Yes,No,Yes,Don't know,No,Anonymous reporting would increase participation.
1657,2019,25,Male,United States,No,No,No,Rarely,500-1000,No,No,Don't know,No,Yes,Yes,Don't know,Somewhat easy,No,Maybe,Some of them,Some of them,Maybe,No,Don't know,Yes,Stigma is still a major issue in my workplace.
1658,2021,31,Male,Other,No,Yes,Yes,Sometimes,26-100,No,Yes,Yes,No,No,No,No,Don't know,Yes,No,Some of them,Yes,No,No,Don't know,Yes,
1659,2023,34,Female,United States,No,Yes,Yes,Sometimes,500-1000,Yes,Yes,Yes,Don't know,Don't know,Don't know,No,Somewhat difficult,Yes,No,No,No,No,No,Yes,No,
1660,2023,35,Female,Sweden,No,No,Yes,Sometimes,More than 1000,No,Yes,No,Don't know,No,Don't know,Don't know,Don't know,No,No,No,No,No,No,No,No,
1661,2024,39,Male,Australia,No,No,Yes,Often,More than 1000,No,Yes,Don't know,Yes,Yes,Yes,No,Somewhat difficult,No,Maybe,No,Some of them,Yes,Yes,Yes,No,Burnout is rampant in my team.
1662,2019,18,Male,Ireland,No,No,Yes,Often,1-5,No,Yes,No,Don't know,Don't know,No,Don't know,Don't know,No,No,Yes,Yes,No,No,Yes,No,
1663,2019,37,Female,Ireland,No,No,No,Rarely,500-1000,No,Yes,Don't know,Don't know,No,No,Yes,Don't know,No,No,Yes,Yes,No,Maybe,Yes,No,
1664,2020,28,Female,United Kingdom,No,No,No,Never,1-5,No,Yes,No,Don't know,Yes,No,Don't know,Somewhat easy,Yes,No,Some of them,Yes,No,No,Don't know,No,Burnout is rampant in my team.
1665,2019,19,Female,United Kingdom,No,No,No,Rarely,100-500,Yes,No,No,Don't know,Yes,No,Don't know,Very difficult,Maybe,No,No,Yes,No,No,Yes,No,Leadership support makes all the difference.
1666,2022,18,Male,Germany,No,Yes,Yes,Never,1-5,Yes,Yes,Yes,Yes,Don't know,No,No,Very easy,No,No,Yes,Some of them,Maybe,No,No,No,More anonymous support options would help.
1667,2022,28,Female,United States,No,Yes,No,Rarely,100-500,Yes,No,Don't know,Yes,Yes,No,Yes,Very easy,No,No,No,Yes,No,No,Yes,No,
1668,2024,22,Female,United States,No,No,No,Sometimes,26-100,Yes,Yes,Don't know,Don't know,No,Don't know,Yes,Somewhat easy,Maybe,No,No,Some of them,Maybe,No,Don't know,No,Better awareness programs needed.
1669,2022,25,Male,United States,No,No,Yes,Sometimes,26-100,Yes,Yes,No,Don't know,No,No,Don't know,Somewhat easy,Maybe,Yes,No,Yes,No,No,No,No,Stigma is still a major issue in my workplace.
1670,2024,46,Male,United Kingdom,No,No,No,Sometimes,100-500,No,Yes,No,No,Yes,No,Yes,Don't know,Maybe,No,No,No,No,No,No,No,Management needs training on mental health.
1671,2022,37,Female,United States,No,No,Yes,Rarely,6-25,No,No,Don't know,Don't know,No,Yes,Yes,Somewhat easy,Maybe,No,No,No,Maybe,Yes,Don't know,No,
1672,2024,28,Female,United States,Yes,Yes,Yes,Sometimes,1-5,No,Yes,Yes,No,No,No,No,Don't know,No,No,No,No,No,No,Yes,No,Burnout is rampant in my team.
1673,2019,36,Female,United States,No,No,Yes,Sometimes,1-5,Yes,Yes,Don't know,Yes,No,Don't know,Don't know,Somewhat easy,No,Yes,No,No,Maybe,Yes,Don't know,No,Glad to see more companies taking this seriously.
1674,2023,39,Male,United States,No,No,No,Rarely,100-500,No,No,Yes,Yes,Don't know,Yes,Yes,Somewhat difficult,No,No,No,No,No,Maybe,Yes,No,More anonymous support options would help.
1675,2020,22,Female,United States,No,Yes,No,Rarely,6-25,Yes,Yes,No,Don't know,No,Yes,No,Very easy,Maybe,No,Some of them,No,No,Maybe,Don't know,No,Better awareness programs needed.
1676,2020,30,Male,United Kingdom,No,No,Yes,Sometimes,6-25,Yes,Yes,Yes,No,Yes,Don't know,Don't know,Don't know,No,No,Some of them,No,Maybe,No,Don't know,No,
1677,2024,24,Male,Other,No,No,No,Rarely,100-500,Yes,Yes,Yes,Don't know,Yes,Don't know,Yes,Somewhat easy,No,No,Yes,Some of them,No,Maybe,Don't know,Yes,
1678,2022,26,Female,Other,No,Yes,Yes,Often,More than 1000,Yes,Yes,Don't know,Yes,Yes,Don't know,Don't know,Somewhat easy,No,No,No,Yes,No,Maybe,Yes,No,We have EAP but nobody talks about it.
1679,2022,42,Female,Australia,No,No,Yes,Rarely,26-100,No,Yes,Don't know,Don't know,No,Yes,No,Somewhat easy,Yes,No,No,Yes,Maybe,No,No,No,
1680,2024,34,Non-binary,Canada,No,No,Yes,Rarely,26-100,No,Yes,No,No,No,No,Yes,Don't know,No,No,No,Some of them,No,Maybe,Yes,Yes,Anonymous reporting would increase participation.
1681,2023,34,Female,United Kingdom,No,Yes,No,Never,More than 1000,No,No,Yes,Yes,Yes,Yes,Don't know,Somewhat easy,Yes,No,Some of them,No,No,No,Don't know,No,
1682,2024,34,Male,United Kingdom,No,Yes,Yes,Often,More than 1000,No,Yes,Yes,No,Don't know,No,Yes,Don't know,No,No,Some of them,No,Maybe,Maybe,Don't know,No,We have EAP but nobody talks about it.
1683,2024,44,Female,United States,No,Yes,No,Never,26-100,Yes,Yes,No,No,Don't know,Don't know,No,Somewhat easy,Yes,No,Some of them,Some of them,No,No,Yes,No,More anonymous support options would help.
1684,2021,40,Female,Ireland,No,No,Yes,Often,100-500,Yes,Yes,Yes,Yes,Yes,Don't know,Don't know,Somewhat difficult,Yes,No,Yes,Yes,No,No,Don't know,No,
1685,2023,24,Male,United States,No,No,No,Never,500-1000,No,Yes,Yes,Don't know,Yes,Yes,Yes,Somewhat difficult,No,Yes,Some of them,Yes,Maybe,Yes,Don't know,No,
1686,2022,26,Male,United Kingdom,No,No,Yes,Rarely,500-1000,No,Yes,Don't know,No,Yes,Yes,Don't know,Somewhat easy,Yes,No,No,Yes,No,No,Yes,No,Management needs training on mental health.
1687,2024,31,Male,United States,No,Yes,No,Never,26-100,Yes,Yes,Yes,No,No,Don't know,Don't know,Don't know,Maybe,No,No,No,No,Maybe,Don't know,No,Management needs training on mental health.
1688,2020,42,Male,France,No,Yes,No,Rarely,1-5,Yes,Yes,No,No,Yes,No,Don't know,Somewhat difficult,No,No,Yes,Some of them,Maybe,No,Yes,No,Burnout is rampant in my team.
1689,2020,35,Male,United States,No,Yes,Yes,Sometimes,1-5,Yes,Yes,Don't know,Yes,Don't know,No,No,Very easy,Maybe,No,No,Yes,No,No,Don't know,No,Open conversations help reduce stigma.
1690,2024,22,Other / Prefer not to say,Netherlands,No,No,No,Never,26-100,Yes,Yes,No,Yes,Don't know,Yes,Don't know,Somewhat difficult,No,Yes,Yes,Yes,No,No,No,No,Management needs training on mental health.
1691,2023,25,Male,United States,No,No,No,Never,500-1000,Yes,Yes,Don't know,Don't know,Yes,Yes,Yes,Very difficult,Yes,No,Some of them,Some of them,No,Yes,No,No,Leadership support makes all the difference.
1692,2024,38,Male,Canada,No,No,Yes,Rarely,More than 1000,Yes,Yes,Yes,Don't know,Yes,No,Don't know,Somewhat easy,No,No,Yes,Some of them,Maybe,No,Yes,Yes,
1693,2020,25,Male,Other,No,No,No,Often,More than 1000,No,Yes,Yes,Don't know,Yes,Yes,No,Don't know,No,No,Yes,Yes,No,No,Don't know,No,
1694,2023,36,Male,Brazil,No,No,No,Never,100-500,Yes,Yes,No,No,No,Yes,Yes,Don't know,Yes,No,No,No,No,Yes,Don't know,No,Stigma is still a major issue in my workplace.
1695,2023,31,Male,United States,No,No,Yes,Sometimes,6-25,No,No,No,No,No,No,Don't know,Somewhat easy,No,No,No,No,No,No,Don't know,Yes,Remote work has been a double-edged sword.
1696,2020,25,Non-binary,United States,Yes,No,No,Rarely,500-1000,Yes,Yes,Don't know,Yes,Yes,Don't know,Don't know,Very easy,No,No,Some of them,No,Maybe,Maybe,Don't know,No,
1697,2023,18,Male,United States,No,No,Yes,Sometimes,100-500,Yes,Yes,Yes,Don't know,Yes,Yes,No,Very difficult,Maybe,No,No,Some of them,No,No,Yes,No,Glad to see more companies taking this seriously.
1698,2022,38,Male,United States,No,No,No,Rarely,6-25,No,Yes,No,No,No,Yes,Don't know,Don't know,No,No,No,Yes,No,No,Don't know,No,
1699,2022,27,Female,Australia,No,No,No,Never,More than 1000,No,Yes,Yes,Yes,Yes,Don't know,Yes,Somewhat easy,No,No,Some of them,No,No,No,Don't know,No,
1700,2024,38,Female,Ireland,No,No,No,Never,More than 1000,No,Yes,No,Don't know,No,Yes,No,Very easy,No,No,Yes,Some of them,Maybe,Maybe,Don't know,No,Leadership support makes all the difference.
1701,2023,31,Male,Germany,No,Yes,No,Rarely,26-100,Yes,Yes,Don't know,No,No,No,Don't know,Somewhat difficult,No,No,No,No,Maybe,Yes,Yes,No,
1702,2019,30,Female,Other,No,No,Yes,Often,100-500,No,No,Yes,Don't know,Yes,Yes,No,Somewhat easy,No,Yes,Yes,No,Maybe,Yes,Yes,No,
1703,2019,31,Female,United Kingdom,No,No,No,Never,6-25,No,Yes,Yes,Don't know,No,Yes,Yes,Don't know,Yes,No,No,No,No,No,No,No,Better awareness programs needed.
1704,2023,32,Male,United States,No,No,No,Sometimes,6-25,Yes,No,No,No,Don't know,Yes,Don't know,Very easy,Yes,No,No,Some of them,No,No,Don't know,No,Glad to see more companies taking this seriously.
1705,2021,24,Male,United States,No,No,No,Often,500-1000,No,Yes,Don't know,Don't know,Yes,Yes,No,Somewhat difficult,No,No,Yes,No,No,No,Don't know,No,
1706,2019,20,Male,Other,No,No,No,Often,100-500,No,Yes,No,Yes,No,Don't know,Yes,Somewhat easy,No,No,Yes,No,No,No,Don't know,No,
1707,2023,18,Male,United States,No,No,No,Never,More than 1000,No,No,No,Yes,Yes,Yes,Don't know,Very difficult,No,No,No,No,No,No,Yes,No,
1708,2023,21,Female,United States,No,No,Yes,Sometimes,100-500,Yes,Yes,No,Yes,Yes,Yes,Yes,Very easy,Maybe,No,Yes,Some of them,No,No,Yes,No,Glad to see more companies taking this seriously.
1709,2020,32,Female,United Kingdom,No,No,No,Often,100-500,No,No,Yes,Don't know,Don't know,No,Don't know,Don't know,Maybe,Maybe,No,No,No,Maybe,Don't know,No,We have EAP but nobody talks about it.
1710,2019,19,Female,Netherlands,No,No,No,Sometimes,500-1000,No,Yes,Yes,Yes,Don't know,Don't know,Yes,Don't know,Maybe,No,No,Yes,Maybe,Maybe,Don't know,No,Anonymous reporting would increase participation.
1711,2023,33,Other / Prefer not to say,United States,No,Yes,Yes,Often,More than 1000,No,No,Don't know,No,No,Yes,Yes,Don't know,No,No,Some of them,No,No,No,Yes,No,
1712,2024,41,Female,United States,No,Yes,No,Rarely,100-500,Yes,Yes,Yes,Yes,Yes,No,Don't know,Don't know,Yes,Yes,No,No,No,No,Yes,No,HR resources are available but rarely used.
1713,2022,26,Non-binary,United States,No,No,Yes,Often,26-100,No,Yes,No,No,Yes,No,Don't know,Don't know,No,No,No,No,No,No,No,Yes,Glad to see more companies taking this seriously.
1714,2024,18,Female,United States,No,Yes,Yes,Rarely,26-100,No,Yes,No,Don't know,No,No,Don't know,Somewhat easy,Maybe,No,No,Some of them,Maybe,No,No,No,
1715,2021,31,Non-binary,United States,No,No,Yes,Often,More than 1000,No,No,No,Don't know,Yes,Don't know,Yes,Very difficult,Yes,No,No,Some of them,Maybe,No,Yes,Yes,
1716,2021,26,Male,United Kingdom,No,Yes,Yes,Sometimes,100-500,No,No,Yes,Don't know,Yes,No,No,Somewhat easy,No,No,Yes,No,No,Yes,No,No,We have EAP but nobody talks about it.
1717,2022,40,Male,United States,No,Yes,No,Often,6-25,No,Yes,Yes,Yes,No,No,No,Somewhat difficult,No,Maybe,Yes,Yes,No,Yes,Don't know,Yes,
1718,2021,37,Male,United Kingdom,No,Yes,No,Never,6-25,Yes,Yes,No,No,Don't know,No,No,Very easy,Maybe,Yes,Some of them,No,No,No,Don't know,Yes,Open conversations help reduce stigma.
1719,2021,23,Male,United States,No,No,Yes,Often,More than 1000,No,No,Don't know,Yes,No,Yes,No,Somewhat difficult,No,Maybe,Some of them,Yes,No,Yes,No,Yes,
1720,2020,31,Male,Other,No,No,Yes,Sometimes,500-1000,Yes,No,No,Don't know,Yes,No,No,Don't know,Yes,No,Some of them,Yes,No,Yes,Yes,Yes,
1721,2020,20,Non-binary,United Kingdom,No,No,No,Rarely,26-100,Yes,Yes,Don't know,No,No,No,Don't know,Don't know,Yes,No,Some of them,Some of them,Yes,Maybe,No,No,Anonymous reporting would increase participation.
1722,2022,20,Female,United States,No,No,No,Never,500-1000,Yes,Yes,Yes,Don't know,Yes,Yes,Yes,Somewhat easy,No,No,Some of them,No,No,No,No,No,More anonymous support options would help.
1723,2020,24,Male,Australia,No,Yes,Yes,Often,6-25,Yes,No,Yes,No,Don't know,No,Yes,Don't know,Maybe,Yes,Yes,Some of them,Maybe,Maybe,Don't know,No,
1724,2019,40,Female,United Kingdom,No,No,No,Sometimes,500-1000,No,No,Don't know,Yes,Yes,Yes,Don't know,Somewhat easy,Maybe,No,Yes,No,Maybe,No,Don't know,No,
1725,2022,23,Male,United States,No,No,No,Often,100-500,Yes,No,Yes,Yes,Yes,No,No,Somewhat difficult,Yes,No,Yes,Yes,No,Maybe,Don't know,No,Glad to see more companies taking this seriously.
1726,2023,42,Male,United States,Yes,No,Yes,Rarely,26-100,Yes,Yes,No,No,Don't know,Don't know,No,Somewhat difficult,No,No,Some of them,Yes,Maybe,No,No,Yes,More anonymous support options would help.
1727,2022,28,Male,France,No,Yes,No,Never,100-500,No,Yes,No,Don't know,No,Don't know,Don't know,Very difficult,Yes,No,Some of them,No,Maybe,Yes,Don't know,No,HR resources are available but rarely used.
1728,2023,25,Male,United States,No,No,Yes,Rarely,More than 1000,Yes,Yes,No,Don't know,Yes,Don't know,No,Somewhat easy,Yes,Maybe,No,Yes,Yes,No,Don't know,No,
1729,2022,39,Non-binary,Canada,No,No,No,Never,More than 1000,Yes,Yes,Yes,Don't know,No,Yes,Yes,Somewhat easy,Yes,No,Some of them,No,No,Yes,Yes,No,Stigma is still a major issue in my workplace.
1730,2022,30,Female,Other,No,Yes,Yes,Sometimes,100-500,No,Yes,No,No,No,Don't know,Yes,Very difficult,Yes,No,Some of them,No,Yes,No,No,No,
1731,2019,23,Male,United States,No,Yes,Yes,Sometimes,6-25,No,No,No,No,Yes,Don't know,Don't know,Very easy,No,No,Yes,No,Maybe,No,Don't know,No,
1732,2023,43,Male,United States,No,Yes,No,Sometimes,100-500,Yes,No,Yes,No,Don't know,Don't know,Yes,Somewhat easy,Maybe,Maybe,No,Some of them,No,Yes,Yes,Yes,More anonymous support options would help.
1733,2019,35,Male,Sweden,No,No,No,Sometimes,6-25,No,No,No,Don't know,Don't know,Don't know,Yes,Somewhat easy,Maybe,Maybe,Yes,Yes,Maybe,No,Yes,No,
1734,2021,26,Male,United States,No,No,No,Rarely,1-5,Yes,Yes,Don't know,Don't know,Don't know,Don't know,Don't know,Somewhat easy,Yes,Yes,No,No,Maybe,No,No,No,Anonymous reporting would increase participation.
1735,2023,18,Non-binary,United States,No,Yes,Yes,Often,100-500,No,Yes,Yes,No,No,Yes,Don't know,Very difficult,No,No,Some of them,No,Maybe,No,No,Yes,Burnout is rampant in my team.
1736,2023,31,Male,United Kingdom,No,No,Yes,Often,100-500,Yes,Yes,No,Yes,No,Don't know,Don't know,Somewhat difficult,Maybe,No,Some of them,Yes,No,Yes,Don't know,No,Anonymous reporting would increase participation.
1737,2019,37,Male,United States,Yes,Yes,Yes,Sometimes,100-500,No,Yes,Yes,Yes,Yes,Yes,No,Somewhat easy,Maybe,Maybe,Yes,Yes,Maybe,Yes,No,No,Leadership support makes all the difference.
1738,2021,31,Female,Other,No,No,No,Never,1-5,No,Yes,Yes,No,No,Don't know,No,Somewhat easy,No,Yes,Some of them,Yes,No,Yes,No,No,
1739,2024,41,Male,United States,No,No,Yes,Sometimes,More than 1000,No,Yes,Yes,No,No,No,Yes,Somewhat easy,Yes,No,No,Yes,No,Maybe,Yes,Yes,
1740,2020,37,Female,Brazil,No,Yes,No,Never,26-100,No,Yes,No,No,No,No,Don't know,Somewhat easy,Maybe,Maybe,No,Some of them,No,No,Don't know,No,
1741,2019,43,Male,United States,No,No,Yes,Rarely,1-5,No,No,No,No,No,No,No,Somewhat easy,Maybe,Yes,Yes,No,No,No,Yes,No,Open conversations help reduce stigma.
1742,2022,19,Other / Prefer not to say,United States,No,No,Yes,Sometimes,100-500,Yes,No,Don't know,No,No,No,No,Somewhat difficult,Yes,Maybe,No,Some of them,Yes,Maybe,Yes,No,Burnout is rampant in my team.
1743,2023,21,Female,United States,No,No,No,Rarely,26-100,Yes,No,No,Don't know,Yes,No,Don't know,Somewhat easy,Maybe,No,Yes,Yes,No,No,Yes,No,We have EAP but nobody talks about it.
1744,2019,33,Male,United Kingdom,No,Yes,No,Never,100-500,No,Yes,Don't know,Don't know,Don't know,Don't know,Yes,Somewhat easy,No,No,Some of them,Yes,No,No,No,No,HR resources are available but rarely used.
1745,2022,50,Other / Prefer not to say,United States,No,No,Yes,Rarely,100-500,Yes,Yes,Yes,Yes,Yes,Yes,No,Somewhat easy,Maybe,Yes,Yes,Some of them,No,Yes,Yes,Yes,We have EAP but nobody talks about it.
1746,2024,18,Male,Ireland,No,Yes,Yes,Sometimes,100-500,Yes,Yes,Don't know,Yes,Don't know,Yes,Yes,Somewhat easy,Maybe,No,No,No,No,Maybe,Yes,No,Burnout is rampant in my team.
1747,2022,38,Male,United States,No,No,No,Sometimes,26-100,Yes,Yes,No,No,Don't know,No,Don't know,Somewhat difficult,Maybe,No,No,No,No,No,Don't know,No,
1748,2020,38,Female,United Kingdom,No,No,No,Never,100-500,No,Yes,Don't know,Don't know,No,Yes,Yes,Don't know,Yes,No,Some of them,No,Maybe,Yes,Yes,No,
1749,2024,18,Female,Netherlands,No,No,Yes,Sometimes,100-500,No,Yes,Yes,Don't know,Yes,Don't know,Yes,Don't know,Maybe,Yes,No,Yes,Maybe,Maybe,Don't know,No,
1750,2024,31,Male,Netherlands,No,No,No,Never,100-500,Yes,No,No,Don't know,Yes,Yes,No,Somewhat easy,No,No,Some of them,Yes,Maybe,Yes,Yes,No,We have EAP but nobody talks about it.
1751,2023,31,Male,United States,No,No,No,Sometimes,100-500,Yes,No,No,Yes,Yes,Yes,Don't know,Very easy,Maybe,No,No,Some of them,No,Maybe,No,No,Management needs training on mental health.
1752,2021,23,Female,United States,No,No,No,Never,26-100,Yes,Yes,Don't know,No,No,Don't know,No,Somewhat easy,Maybe,No,Yes,No,Maybe,Yes,No,No,Management needs training on mental health.
1753,2021,36,Female,United States,Yes,Yes,Yes,Sometimes,6-25,Yes,No,No,Yes,Yes,No,Don't know,Somewhat easy,No,Maybe,Yes,No,Maybe,Yes,Don't know,No,
1754,2024,18,Female,United States,Yes,No,Yes,Sometimes,6-25,No,No,No,Yes,No,Yes,Don't know,Don't know,No,No,No,Yes,Maybe,Yes,No,No,
1755,2021,44,Male,Germany,No,Yes,Yes,Sometimes,More than 1000,No,Yes,No,No,Don't know,Don't know,No,Very easy,No,No,No,No,No,No,Don't know,No,
1756,2019,23,Female,United States,No,Yes,No,Rarely,500-1000,Yes,No,Yes,Yes,No,Yes,Yes,Don't know,Yes,Yes,Yes,No,Maybe,No,Yes,No,
1757,2023,21,Male,Sweden,No,Yes,Yes,Rarely,100-500,Yes,Yes,Don't know,No,Don't know,Yes,Don't know,Somewhat easy,Yes,No,No,Yes,No,No,No,No,Burnout is rampant in my team.
1758,2021,27,Male,Ireland,Yes,No,No,Rarely,1-5,No,Yes,Don't know,No,No,Yes,No,Don't know,No,No,No,Some of them,Yes,No,No,Yes,Anonymous reporting would increase participation.
1759,2023,30,Male,United States,No,Yes,No,Rarely,6-25,No,Yes,No,No,Don't know,Yes,No,Somewhat difficult,Maybe,No,Yes,Some of them,Maybe,Maybe,Yes,No,
1760,2019,24,Non-binary,Germany,No,No,Yes,Often,More than 1000,No,Yes,Yes,Yes,No,No,Don't know,Very difficult,No,Yes,Some of them,Yes,No,Maybe,Yes,No,More anonymous support options would help.
1761,2024,31,Female,United States,No,Yes,Yes,Sometimes,100-500,No,Yes,No,Don't know,No,Don't know,Yes,Don't know,No,Maybe,Yes,No,No,No,Don't know,No,Stigma is still a major issue in my workplace.
1762,2021,25,Male,Other,No,No,No,Sometimes,100-500,No,Yes,Yes,Yes,Yes,Yes,Yes,Somewhat easy,No,No,No,No,Maybe,No,No,Yes,
1763,2020,25,Female,United States,No,Yes,No,Rarely,500-1000,Yes,Yes,No,Don't know,Don't know,Yes,Yes,Somewhat easy,No,No,Yes,Yes,Yes,Maybe,Don't know,No,HR resources are available but rarely used.
1764,2019,25,Male,United States,No,Yes,Yes,Often,More than 1000,Yes,Yes,Yes,Yes,Yes,Yes,Don't know,Don't know,Maybe,Yes,Some of them,No,No,Maybe,Don't know,No,Leadership support makes all the difference.
1765,2023,38,Female,Australia,No,No,No,Sometimes,100-500,Yes,No,Yes,Don't know,Don't know,Yes,Don't know,Somewhat difficult,Yes,No,Yes,Yes,No,Maybe,Yes,No,We have EAP but nobody talks about it.
1766,2024,23,Female,United Kingdom,No,No,No,Sometimes,More than 1000,No,Yes,No,Don't know,Yes,Yes,Yes,Somewhat difficult,Yes,No,Some of them,No,Maybe,Yes,No,Yes,
1767,2021,23,Male,United States,No,No,No,Rarely,26-100,No,Yes,Yes,Don't know,Don't know,Don't know,No,Very difficult,Maybe,No,No,Yes,Maybe,No,Don't know,No,Stigma is still a major issue in my workplace.
1768,2023,28,Female,Other,No,No,No,Often,26-100,No,Yes,Yes,Don't know,Don't know,Yes,Don't know,Don't know,Yes,No,Some of them,No,Maybe,Yes,Don't know,Yes,Open conversations help reduce stigma.
1769,2024,35,Male,United Kingdom,No,No,No,Never,26-100,No,No,Yes,No,No,Don't know,No,Don't know,Maybe,No,No,No,No,Yes,No,No,HR resources are available but rarely used.
1770,2021,31,Other / Prefer not to say,United States,No,Yes,Yes,Sometimes,More than 1000,Yes,No,Yes,Don't know,Don't know,Don't know,Yes,Don't know,No,No,Some of them,Yes,Maybe,Maybe,No,Yes,HR resources are available but rarely used.
1771,2020,33,Male,India,No,No,No,Never,100-500,Yes,No,Yes,Don't know,Yes,Yes,Don't know,Somewhat easy,No,No,No,No,No,Maybe,Yes,No,
1772,2021,33,Female,United States,No,No,Yes,Sometimes,6-25,No,Yes,Don't know,No,No,No,No,Very easy,Yes,No,Yes,No,No,No,Yes,No,
1773,2024,41,Non-binary,India,No,No,No,Never,500-1000,Yes,Yes,Yes,Yes,No,No,No,Very easy,No,Maybe,Some of them,No,No,Yes,Yes,No,
1774,2021,20,Female,United Kingdom,No,No,Yes,Sometimes,6-25,No,No,No,Yes,Don't know,Yes,No,Don't know,Yes,Yes,No,Yes,No,Maybe,Yes,No,
1775,2022,37,Male,Other,No,No,No,Sometimes,6-25,Yes,Yes,No,Yes,Don't know,No,Don't know,Somewhat easy,Yes,No,No,Some of them,No,Maybe,Yes,No,
1776,2023,40,Male,Netherlands,No,Yes,No,Never,26-100,Yes,Yes,Yes,Don't know,Don't know,Don't know,Don't know,Somewhat easy,Yes,No,No,No,Maybe,No,Yes,No,Stigma is still a major issue in my workplace.
1777,2023,18,Female,United Kingdom,No,No,Yes,Rarely,500-1000,Yes,Yes,No,Yes,No,No,Yes,Somewhat easy,No,No,No,Yes,No,No,Yes,No,We have EAP but nobody talks about it.
1778,2024,27,Female,United States,No,No,Yes,Rarely,More than 1000,No,Yes,Don't know,Yes,Don't know,Yes,Yes,Somewhat easy,No,No,No,No,Maybe,No,Yes,Yes,Anonymous reporting would increase participation.
1779,2022,30,Male,United States,No,No,No,Never,More than 1000,Yes,Yes,Yes,Yes,Yes,Don't know,Don't know,Somewhat easy,Yes,No,Yes,No,No,No,Yes,No,
1780,2023,21,Female,Canada,No,Yes,No,Never,100-500,No,No,Yes,Yes,No,Don't know,Yes,Somewhat difficult,No,No,Some of them,No,No,No,No,No,Leadership support makes all the difference.
1781,2024,30,Male,United States,No,No,Yes,Sometimes,6-25,No,Yes,No,Yes,No,Yes,No,Very easy,No,No,No,Yes,No,No,No,Yes,Better awareness programs needed.
1782,2023,30,Female,United States,Yes,Yes,No,Sometimes,26-100,Yes,No,No,Don't know,Don't know,Don't know,No,Very difficult,Yes,No,No,No,No,Yes,Don't know,No,
1783,2022,20,Male,Other,No,Yes,No,Rarely,500-1000,No,Yes,Yes,Yes,No,No,Yes,Don't know,No,No,Yes,No,No,Maybe,Don't know,No,We have EAP but nobody talks about it.
1784,2022,44,Male,United States,No,No,No,Never,1-5,No,Yes,Don't know,Don't know,No,No,Yes,Somewhat difficult,Maybe,No,No,Yes,No,Yes,No,No,Remote work has been a double-edged sword.
1785,2020,38,Male,United States,No,No,No,Never,More than 1000,No,Yes,Yes,Yes,Yes,Yes,Yes,Somewhat easy,Maybe,No,Some of them,Yes,No,No,Don't know,No,
1786,2024,20,Male,India,No,No,No,Never,1-5,Yes,No,Yes,Yes,No,No,No,Don't know,Maybe,No,Yes,No,No,Yes,Don't know,No,
1787,2021,34,Male,United States,No,No,Yes,Sometimes,26-100,No,No,Don't know,No,No,No,No,Somewhat easy,Maybe,No,Yes,Yes,Maybe,Maybe,No,No,We have EAP but nobody talks about it.
1788,2022,18,Male,India,No,No,No,Rarely,100-500,No,Yes,No,Yes,No,No,Don't know,Don't know,Maybe,Maybe,No,Yes,No,Maybe,Yes,No,We have EAP but nobody talks about it.
1789,2022,39,Male,United States,No,Yes,Yes,Sometimes,More than 1000,No,Yes,Yes,Yes,Don't know,Yes,Yes,Somewhat difficult,Maybe,No,Some of them,Yes,No,Maybe,No,No,Leadership support makes all the difference.
1790,2020,39,Female,United Kingdom,No,No,Yes,Rarely,100-500,No,Yes,Yes,Yes,No,Yes,Yes,Somewhat difficult,No,No,Yes,No,No,Yes,No,Yes,Stigma is still a major issue in my workplace.
1791,2022,29,Male,United Kingdom,No,No,Yes,Often,100-500,Yes,No,Yes,Yes,Yes,No,No,Very difficult,Maybe,Maybe,Some of them,Some of them,No,No,No,No,Better awareness programs needed.
1792,2023,32,Female,United States,No,No,No,Often,100-500,Yes,Yes,Yes,Don't know,Yes,Yes,Don't know,Somewhat difficult,No,Maybe,No,No,No,Yes,Yes,No,Remote work has been a double-edged sword.
1793,2024,22,Male,United States,No,No,No,Sometimes,6-25,No,Yes,No,No,Don't know,No,No,Very difficult,Yes,No,Some of them,No,Maybe,Yes,Yes,No,Burnout is rampant in my team.
1794,2019,29,Other / Prefer not to say,Other,No,Yes,Yes,Sometimes,26-100,No,Yes,Yes,No,No,Don't know,Don't know,Somewhat difficult,No,No,Some of them,No,No,No,Don't know,Yes,Anonymous reporting would increase participation.
1795,2024,32,Non-binary,Canada,Yes,No,No,Often,100-500,No,Yes,Yes,Yes,No,Don't know,Yes,Don't know,Maybe,No,Yes,No,No,Yes,Yes,Yes,HR resources are available but rarely used.
1796,2020,37,Female,Canada,No,No,Yes,Often,100-500,No,No,Don't know,Don't know,Don't know,Yes,Don't know,Somewhat difficult,No,No,No,Yes,No,No,Don't know,Yes,
1797,2024,38,Female,Canada,Yes,No,No,Rarely,More than 1000,Yes,Yes,Yes,Yes,Yes,Don't know,Don't know,Somewhat easy,No,No,Some of them,No,No,No,No,No,Remote work has been a double-edged sword.
1798,2022,20,Male,United States,No,No,No,Rarely,More than 1000,No,Yes,Don't know,No,Don't know,Yes,No,Very easy,Maybe,Maybe,Some of them,No,Maybe,Maybe,Yes,No,
1799,2023,23,Female,United States,No,No,No,Never,100-500,Yes,Yes,Don't know,Yes,Don't know,Don't know,No,Don't know,Yes,No,Yes,Yes,No,No,Don't know,No,
1800,2023,34,Male,Other,No,No,No,Never,100-500,Yes,Yes,Yes,Don't know,No,Yes,Yes,Somewhat easy,No,Yes,Yes,No,No,Maybe,Yes,No,
1801,2019,20,Male,United States,No,Yes,Yes,Often,More than 1000,No,Yes,Yes,Yes,No,Don't know,Don't know,Very easy,No,No,Some of them,Yes,No,No,Yes,No,Management needs training on mental health.
1802,2022,21,Female,United States,Yes,No,No,Sometimes,More than 1000,No,No,Yes,Yes,Yes,Yes,Don't know,Somewhat easy,No,No,Yes,No,No,Maybe,Don't know,Yes,Anonymous reporting would increase participation.
1803,2019,30,Female,United Kingdom,No,No,No,Often,100-500,Yes,Yes,Yes,Yes,Yes,No,No,Somewhat easy,Maybe,No,No,No,No,No,Yes,Yes,Stigma is still a major issue in my workplace.
1804,2024,18,Male,United Kingdom,No,No,No,Rarely,1-5,No,Yes,Don't know,No,No,Don't know,Don't know,Somewhat easy,Maybe,No,No,Yes,Yes,Yes,Yes,Yes,Open conversations help reduce stigma.
1805,2019,26,Male,Canada,Yes,Yes,Yes,Sometimes,6-25,No,No,Don't know,No,Don't know,No,Don't know,Somewhat easy,Maybe,No,Yes,No,No,Yes,Yes,No,Management needs training on mental health.
1806,2023,19,Male,United States,No,Yes,No,Rarely,100-500,No,Yes,Yes,No,Yes,Yes,No,Very difficult,Yes,No,No,No,No,Maybe,Don't know,Yes,
1807,2021,29,Female,United Kingdom,No,No,No,Rarely,26-100,No,No,Don't know,Don't know,No,Don't know,No,Somewhat difficult,No,No,Yes,No,No,Yes,Don't know,No,Remote work has been a double-edged sword.
1808,2024,22,Female,Canada,No,No,No,Often,100-500,Yes,Yes,Yes,Don't know,No,Yes,Yes,Don't know,Maybe,No,Some of them,No,No,Maybe,Yes,Yes,More anonymous support options would help.
1809,2022,25,Female,Ireland,No,No,Yes,Often,6-25,No,No,No,No,No,Yes,No,Don't know,No,No,No,Some of them,Maybe,No,No,No,Leadership support makes all the difference.
1810,2022,35,Male,United States,Yes,No,No,Never,6-25,Yes,Yes,No,No,Yes,Don't know,Don't know,Somewhat difficult,No,Yes,Yes,Yes,No,Maybe,Don't know,No,We have EAP but nobody talks about it.
1811,2024,21,Male,Netherlands,No,No,No,Never,100-500,Yes,Yes,Yes,Don't know,No,No,Yes,Don't know,No,No,No,Some of them,No,No,Don't know,No,Management needs training on mental health.
1812,2024,32,Female,United States,No,No,No,Never,100-500,Yes,Yes,Yes,No,Yes,No,Don't know,Don't know,No,Maybe,No,No,Maybe,No,No,Yes,We have EAP but nobody talks about it.
1813,2023,25,Male,United States,No,No,No,Rarely,100-500,No,Yes,No,Don't know,Don't know,Yes,Don't know,Somewhat difficult,No,Maybe,Some of them,Yes,No,Maybe,No,No,
1814,2024,35,Female,Germany,No,Yes,No,Never,26-100,Yes,Yes,No,Don't know,No,Yes,No,Don't know,Maybe,No,No,Yes,No,No,Don't know,No,We have EAP but nobody talks about it.
1815,2020,36,Female,United Kingdom,No,No,Yes,Often,More than 1000,Yes,No,Yes,Yes,Yes,No,Don't know,Somewhat difficult,No,No,Some of them,Yes,No,Maybe,Yes,No,Stigma is still a major issue in my workplace.
1816,2021,36,Male,United States,No,Yes,No,Rarely,26-100,No,No,No,Yes,Don't know,No,No,Somewhat easy,No,No,No,Some of them,Maybe,No,Yes,No,
1817,2023,38,Female,United States,No,No,Yes,Often,26-100,Yes,Yes,No,No,No,Don't know,No,Somewhat easy,Maybe,No,Yes,No,No,No,Don't know,Yes,
1818,2019,27,Male,United Kingdom,No,Yes,Yes,Often,1-5,Yes,Yes,No,Don't know,Don't know,Don't know,Yes,Don't know,No,No,Yes,Yes,No,Yes,Don't know,Yes,Remote work has been a double-edged sword.
1819,2024,29,Male,Netherlands,No,No,No,Never,6-25,Yes,Yes,No,Don't know,Don't know,No,Yes,Somewhat easy,No,No,Yes,No,No,No,Don't know,No,Glad to see more companies taking this seriously.
1820,2023,18,Male,United Kingdom,No,No,No,Often,100-500,Yes,No,Yes,No,Yes,No,No,Don't know,Maybe,No,Yes,Yes,No,No,Yes,Yes,
1821,2023,26,Female,United States,No,No,Yes,Sometimes,More than 1000,No,Yes,Yes,Don't know,No,No,Yes,Somewhat difficult,No,No,Some of them,No,No,Yes,Yes,No,Management needs training on mental health.
1822,2024,32,Male,United States,No,No,No,Never,More than 1000,Yes,Yes,Yes,Don't know,No,Don't know,Yes,Somewhat easy,Yes,No,No,Yes,No,No,Yes,No,HR resources are available but rarely used.
1823,2022,46,Female,United States,No,No,Yes,Rarely,26-100,No,Yes,Don't know,Don't know,No,No,Yes,Somewhat difficult,Maybe,No,Some of them,Yes,No,Maybe,Yes,Yes,Remote work has been a double-edged sword.
1824,2019,34,Male,Netherlands,Yes,No,Yes,Often,1-5,No,Yes,No,No,No,Don't know,Don't know,Somewhat easy,No,No,Some of them,No,No,No,Don't know,Yes,
1825,2023,39,Male,United Kingdom,No,No,Yes,Often,More than 1000,Yes,No,Yes,No,Don't know,Yes,Yes,Don't know,Maybe,Yes,Yes,Yes,No,No,No,No,Remote work has been a double-edged sword.
1826,2024,32,Male,Canada,No,Yes,No,Sometimes,100-500,Yes,No,Yes,Yes,Don't know,No,No,Somewhat easy,Maybe,No,Some of them,No,No,No,Yes,No,
1827,2020,42,Female,United States,No,No,No,Rarely,500-1000,Yes,No,Don't know,Yes,No,Yes,Yes,Don't know,No,No,No,Yes,Maybe,Yes,Yes,No,
1828,2021,43,Male,Other,Yes,Yes,Yes,Sometimes,500-1000,Yes,Yes,No,Don't know,No,Don't know,Don't know,Don't know,No,Maybe,No,No,Maybe,No,Yes,Yes,HR resources are available but rarely used.
1829,2021,42,Male,United Kingdom,No,No,Yes,Rarely,1-5,No,Yes,Don't know,No,Yes,Don't know,Don't know,Somewhat easy,No,No,Some of them,No,No,Maybe,Yes,No,
1830,2019,26,Male,United States,No,No,Yes,Sometimes,100-500,Yes,Yes,Yes,Yes,Yes,Don't know,Don't know,Don't know,No,No,Yes,Some of them,Maybe,No,No,No,Better awareness programs needed.
1831,2022,23,Male,United States,No,No,Yes,Never,100-500,No,Yes,Don't know,Don't know,Yes,Yes,No,Somewhat difficult,Maybe,Maybe,No,Yes,Yes,Yes,No,Yes,Management needs training on mental health.
1832,2019,30,Female,Netherlands,No,Yes,No,Never,More than 1000,Yes,No,Yes,Don't know,Don't know,Yes,Yes,Somewhat easy,Maybe,No,Some of them,Yes,No,Maybe,Don't know,Yes,Open conversations help reduce stigma.
1833,2019,29,Male,Canada,Yes,Yes,Yes,Rarely,500-1000,No,Yes,Yes,Don't know,Yes,Yes,Yes,Somewhat easy,No,No,Some of them,No,Yes,Yes,Don't know,No,
1834,2023,28,Male,Ireland,Yes,Yes,Yes,Rarely,6-25,Yes,No,Don't know,No,No,No,No,Somewhat easy,No,Yes,Some of them,Yes,Yes,No,Don't know,No,Glad to see more companies taking this seriously.
1835,2021,31,Male,United Kingdom,No,Yes,Yes,Rarely,100-500,Yes,Yes,No,Don't know,Yes,Yes,Don't know,Somewhat difficult,Yes,No,Some of them,No,Maybe,No,Yes,No,Remote work has been a double-edged sword.
1836,2020,24,Male,United States,No,Yes,Yes,Often,100-500,No,Yes,No,No,Yes,Yes,Don't know,Don't know,No,Maybe,No,Some of them,Maybe,No,Yes,Yes,More anonymous support options would help.
1837,2024,49,Male,United States,No,No,Yes,Often,More than 1000,No,Yes,Don't know,Don't know,Yes,No,Yes,Somewhat easy,Maybe,No,Some of them,Yes,Maybe,Yes,Yes,No,More anonymous support options would help.
1838,2022,29,Male,United States,No,No,No,Often,100-500,Yes,No,Yes,Yes,Yes,Yes,No,Somewhat easy,Maybe,Yes,No,No,No,Maybe,No,Yes,We have EAP but nobody talks about it.
1839,2023,22,Female,United Kingdom,No,Yes,Yes,Rarely,1-5,No,No,Yes,Don't know,No,Don't know,Yes,Don't know,Maybe,Yes,No,Some of them,Maybe,Maybe,Don't know,No,Better awareness programs needed.
1840,2023,42,Female,United States,No,No,Yes,Often,100-500,No,Yes,Yes,No,No,Yes,Don't know,Don't know,No,No,Yes,No,No,No,Yes,No,We have EAP but nobody talks about it.
1841,2021,34,Other / Prefer not to say,United Kingdom,No,No,Yes,Sometimes,100-500,No,Yes,Yes,Don't know,Yes,Don't know,Yes,Very easy,Yes,No,Yes,Yes,Maybe,No,Yes,No,HR resources are available but rarely used.
1842,2020,33,Male,United States,No,No,No,Sometimes,26-100,Yes,Yes,Don't know,Yes,No,Don't know,Yes,Somewhat difficult,Maybe,Yes,No,No,Maybe,No,No,No,
1843,2019,24,Male,Canada,No,Yes,Yes,Sometimes,More than 1000,Yes,Yes,Yes,Yes,Yes,Yes,Don't know,Don't know,No,No,Some of them,No,Maybe,No,Don't know,No,Anonymous reporting would increase participation.
1844,2022,26,Female,United States,No,No,No,Never,100-500,No,Yes,No,Don't know,No,Yes,Yes,Very difficult,No,No,Yes,Yes,No,No,Yes,No,Remote work has been a double-edged sword.
1845,2019,26,Male,United States,No,Yes,No,Sometimes,26-100,Yes,No,No,Don't know,No,Don't know,No,Don't know,No,No,No,Yes,Maybe,No,Yes,No,Anonymous reporting would increase participation.
1846,2023,25,Male,Ireland,No,Yes,Yes,Never,500-1000,No,Yes,Don't know,Yes,Don't know,Yes,Don't know,Don't know,Maybe,No,Yes,Yes,No,Yes,No,No,HR resources are available but rarely used.
1847,2024,42,Male,United States,No,No,No,Never,26-100,Yes,Yes,Don't know,Don't know,Don't know,Don't know,No,Somewhat difficult,No,No,No,Yes,No,No,No,No,Leadership support makes all the difference.
1848,2021,19,Male,Netherlands,No,No,No,Often,6-25,No,Yes,No,No,Don't know,No,No,Somewhat easy,No,No,Some of them,Yes,No,No,Yes,No,
1849,2024,32,Male,France,No,Yes,No,Never,100-500,Yes,No,Don't know,No,Yes,Yes,Don't know,Very easy,No,No,Some of them,No,No,No,Yes,No,
1850,2021,28,Male,Ireland,No,No,Yes,Never,26-100,Yes,No,No,Don't know,Don't know,No,Don't know,Don't know,No,No,No,Yes,No,No,No,Yes,
1851,2022,28,Male,Netherlands,No,No,Yes,Sometimes,1-5,Yes,Yes,No,Don't know,No,No,No,Very easy,No,No,No,Some of them,No,No,No,No,Stigma is still a major issue in my workplace.
1852,2023,36,Male,Australia,No,No,No,Never,26-100,Yes,Yes,Yes,Yes,Yes,Don't know,No,Somewhat easy,No,No,No,No,Yes,No,No,Yes,Management needs training on mental health.
1853,2022,18,Female,United States,Yes,No,No,Never,100-500,Yes,Yes,Don't know,Don't know,Don't know,Yes,Yes,Don't know,Yes,Yes,No,Yes,No,Maybe,Yes,No,Anonymous reporting would increase participation.
1854,2020,43,Female,United States,No,No,No,Sometimes,6-25,No,Yes,Yes,Don't know,No,Don't know,No,Somewhat easy,Maybe,No,Yes,No,Maybe,Yes,No,No,
1855,2019,33,Male,India,No,No,Yes,Often,500-1000,No,No,Yes,Don't know,Yes,Yes,Don't know,Don't know,No,Maybe,No,Yes,Maybe,No,No,Yes,Remote work has been a double-edged sword.
1856,2020,18,Female,United States,No,No,No,Rarely,100-500,No,No,Don't know,Yes,No,Don't know,Don't know,Don't know,No,No,No,No,No,Yes,Don't know,No,Open conversations help reduce stigma.
1857,2023,38,Male,United States,No,Yes,No,Often,26-100,No,No,Yes,Don't know,No,Don't know,Yes,Somewhat difficult,Yes,No,No,Some of them,Yes,No,Yes,No,Glad to see more companies taking this seriously.
1858,2024,37,Male,Canada,No,No,Yes,Rarely,100-500,Yes,Yes,Yes,Yes,No,Yes,Don't know,Somewhat difficult,Maybe,No,Yes,No,No,Yes,Don't know,No,
1859,2024,18,Male,United States,Yes,No,No,Rarely,6-25,Yes,Yes,Yes,No,Don't know,No,Don't know,Somewhat easy,Maybe,No,Some of them,No,No,No,No,No,
1860,2019,32,Male,Other,No,No,No,Never,26-100,No,Yes,Yes,No,No,Don't know,Yes,Very difficult,No,Maybe,Yes,No,No,No,Yes,No,Stigma is still a major issue in my workplace.
1861,2023,41,Male,United States,No,Yes,Yes,Often,26-100,Yes,No,No,No,Don't know,Don't know,Don't know,Very difficult,Maybe,Maybe,No,Some of them,Maybe,Yes,Yes,No,
1862,2020,35,Female,Australia,Yes,Yes,Yes,Rarely,500-1000,Yes,Yes,Yes,Don't know,Don't know,Don't know,Yes,Very difficult,No,No,No,No,Maybe,No,Don't know,Yes,Open conversations help reduce stigma.
1863,2021,28,Male,United States,No,No,Yes,Often,100-500,No,No,Yes,No,No,Don't know,Yes,Don't know,Yes,No,No,Yes,Maybe,No,Yes,Yes,Leadership support makes all the difference.
1864,2022,44,Female,United States,Yes,No,No,Never,1-5,Yes,Yes,No,Don't know,Don't know,No,Yes,Don't know,Maybe,No,No,Yes,No,No,Yes,No,Remote work has been a double-edged sword.
1865,2020,29,Male,United States,No,No,No,Often,1-5,No,Yes,No,Don't know,No,Yes,Yes,Don't know,No,No,Some of them,No,No,Maybe,Yes,No,Stigma is still a major issue in my workplace.
1866,2023,25,Female,United States,No,No,No,Never,100-500,Yes,No,Yes,Don't know,Yes,Yes,Yes,Very easy,Maybe,Maybe,Some of them,Some of them,Yes,Yes,No,No,
1867,2024,28,Male,Germany,No,No,No,Rarely,500-1000,No,Yes,Yes,Don't know,Don't know,Don't know,Don't know,Very easy,Maybe,No,Some of them,Yes,No,Yes,Yes,Yes,
1868,2024,28,Male,India,No,Yes,Yes,Sometimes,500-1000,No,Yes,Yes,Don't know,No,No,Don't know,Don't know,No,Maybe,Some of them,Some of them,No,No,Yes,Yes,
1869,2019,36,Male,Netherlands,Yes,Yes,No,Often,1-5,No,Yes,No,Don't know,No,Don't know,Don't know,Don't know,No,No,No,No,Maybe,Maybe,Yes,Yes,Open conversations help reduce stigma.
1870,2024,31,Female,Canada,No,No,No,Never,26-100,No,Yes,No,No,Yes,Don't know,No,Very difficult,No,No,No,Some of them,No,Yes,Don't know,Yes,
1871,2020,20,Male,Germany,No,No,Yes,Often,More than 1000,Yes,Yes,Yes,Yes,Yes,Yes,No,Somewhat easy,Yes,No,Some of them,Some of them,No,Maybe,No,Yes,
1872,2022,22,Female,Netherlands,No,No,Yes,Sometimes,100-500,No,Yes,Don't know,No,No,Don't know,Yes,Don't know,Maybe,No,Yes,No,No,No,Yes,No,
1873,2022,18,Male,Canada,No,No,No,Never,100-500,No,Yes,Yes,Don't know,No,Yes,Yes,Very easy,No,No,Yes,No,Maybe,No,Don't know,No,
1874,2020,24,Male,United States,No,Yes,Yes,Often,26-100,Yes,No,No,No,Don't know,No,No,Very difficult,No,No,No,Some of them,No,Yes,Don't know,No,
1875,2022,24,Female,Other,No,No,No,Sometimes,100-500,Yes,Yes,No,Yes,Don't know,Yes,Yes,Very difficult,Maybe,No,Some of them,Yes,No,No,Yes,No,Management needs training on mental health.
1876,2024,30,Male,Sweden,No,No,Yes,Often,1-5,Yes,No,No,Don't know,Don't know,No,Yes,Somewhat easy,No,No,Yes,No,Maybe,No,Yes,No,Burnout is rampant in my team.
1877,2024,27,Female,United States,Yes,No,No,Rarely,100-500,Yes,Yes,Yes,Yes,No,Yes,Yes,Very difficult,Maybe,Maybe,No,Yes,No,Maybe,Yes,Yes,More anonymous support options would help.
1878,2022,19,Male,United States,No,No,No,Rarely,More than 1000,No,Yes,No,Yes,No,Yes,No,Somewhat difficult,No,No,No,No,No,Maybe,Don't know,No,Open conversations help reduce stigma.
1879,2024,26,Female,India,Yes,No,Yes,Sometimes,100-500,No,No,Yes,Don't know,Yes,Yes,Don't know,Very easy,Yes,No,Some of them,No,Maybe,No,Don't know,No,Anonymous reporting would increase participation.
1880,2021,36,Male,United States,No,Yes,Yes,Never,26-100,No,Yes,No,Yes,Don't know,No,Don't know,Somewhat difficult,Yes,No,No,Some of them,Maybe,No,Yes,No,More anonymous support options would help.
1881,2022,33,Female,Brazil,No,No,No,Never,More than 1000,Yes,No,Don't know,Yes,Yes,No,Don't know,Somewhat easy,Yes,No,No,No,No,Maybe,No,No,
1882,2023,36,Male,Germany,Yes,No,No,Never,26-100,Yes,No,No,Don't know,Don't know,No,Don't know,Somewhat difficult,Maybe,No,No,No,Maybe,No,Don't know,No,Remote work has been a double-edged sword.
1883,2022,25,Female,India,No,No,No,Sometimes,100-500,Yes,No,No,Don't know,Don't know,Yes,No,Somewhat difficult,Maybe,No,Yes,Yes,Maybe,No,No,No,
1884,2019,25,Female,United States,No,No,Yes,Sometimes,100-500,No,Yes,Yes,Yes,Don't know,Yes,Don't know,Somewhat easy,Yes,No,Some of them,No,No,No,Yes,No,HR resources are available but rarely used.
1885,2020,27,Male,Other,No,No,Yes,Rarely,6-25,No,Yes,Yes,No,Don't know,No,Don't know,Somewhat easy,No,No,Yes,Yes,No,Maybe,Don't know,Yes,Remote work has been a double-edged sword.
1886,2020,22,Female,India,No,Yes,Yes,Sometimes,6-25,Yes,Yes,Don't know,No,Don't know,No,No,Somewhat easy,Maybe,No,Yes,No,No,No,Don't know,No,We have EAP but nobody talks about it.
1887,2021,22,Male,United States,No,Yes,No,Never,500-1000,Yes,Yes,Yes,Yes,No,Yes,Yes,Don't know,Maybe,No,No,No,Maybe,Yes,Yes,No,More anonymous support options would help.
1888,2023,31,Female,United States,No,Yes,No,Never,26-100,Yes,Yes,Don't know,No,No,Yes,Yes,Very easy,No,Maybe,Some of them,No,Maybe,No,No,No,Management needs training on mental health.
1889,2020,39,Male,Germany,No,No,No,Never,6-25,Yes,Yes,Yes,No,No,No,No,Don't know,No,Maybe,No,No,Maybe,No,Yes,No,
1890,2022,27,Male,Germany,No,No,No,Never,1-5,No,Yes,No,Yes,Don't know,Yes,No,Somewhat difficult,Maybe,No,Yes,Yes,No,No,Yes,No,Glad to see more companies taking this seriously.
1891,2020,32,Male,Other,No,No,No,Rarely,26-100,Yes,No,Yes,Don't know,Yes,No,Don't know,Very easy,Maybe,Maybe,No,No,Maybe,No,Don't know,Yes,Open conversations help reduce stigma.
1892,2023,29,Male,United States,No,Yes,No,Never,6-25,No,No,Yes,No,Yes,Don't know,Don't know,Don't know,No,No,No,No,Maybe,Yes,Don't know,No,More anonymous support options would help.
1893,2023,31,Male,United Kingdom,No,No,No,Rarely,100-500,Yes,Yes,Yes,Yes,Yes,Yes,Yes,Somewhat easy,Yes,No,Some of them,No,No,Maybe,No,Yes,Glad to see more companies taking this seriously.
1894,2021,55,Male,Netherlands,No,No,No,Rarely,More than 1000,No,Yes,Yes,Don't know,Yes,No,No,Somewhat difficult,Yes,No,Some of them,No,No,No,Don't know,No,
1895,2024,26,Male,United States,No,No,Yes,Sometimes,100-500,Yes,Yes,Don't know,Don't know,Yes,No,Yes,Somewhat easy,Yes,No,No,No,Maybe,No,No,No,Anonymous reporting would increase participation.
1896,2021,18,Other / Prefer not to say,United States,No,No,No,Rarely,More than 1000,No,No,Yes,Yes,Yes,Don't know,Yes,Very difficult,No,No,No,Yes,Yes,Maybe,No,No,
1897,2022,30,Male,United States,No,No,No,Sometimes,100-500,Yes,Yes,No,Yes,Yes,Yes,Don't know,Somewhat difficult,Yes,Yes,No,Some of them,Maybe,No,No,No,
1898,2023,18,Male,United States,No,Yes,Yes,Sometimes,6-25,Yes,Yes,Don't know,Don't know,No,Yes,Don't know,Somewhat easy,Yes,No,No,Yes,No,Yes,Don't know,No,Better awareness programs needed.
1899,2024,36,Male,Netherlands,No,No,Yes,Often,6-25,No,Yes,No,No,No,No,Don't know,Somewhat easy,No,Maybe,No,Some of them,Yes,Maybe,Yes,No,
1900,2024,23,Male,United States,No,No,Yes,Sometimes,26-100,No,No,No,Don't know,No,No,Yes,Somewhat difficult,No,Maybe,No,Yes,No,Maybe,Don't know,Yes,Burnout is rampant in my team.
1901,2023,32,Male,United States,No,No,No,Never,100-500,No,Yes,Yes,Don't know,Don't know,No,Yes,Somewhat easy,Maybe,No,Some of them,No,No,No,Yes,No,
1902,2023,25,Male,Netherlands,No,Yes,No,Rarely,More than 1000,Yes,Yes,No,No,Yes,Don't know,Yes,Somewhat difficult,Maybe,No,Some of them,No,Yes,No,Yes,No,
1903,2020,29,Male,United States,No,No,Yes,Often,500-1000,Yes,Yes,Don't know,Yes,No,Yes,No,Don't know,Yes,No,No,Some of them,No,No,No,No,Open conversations help reduce stigma.
1904,2019,26,Female,Other,No,No,No,Never,6-25,Yes,Yes,No,No,Don't know,Don't know,No,Very easy,Maybe,No,No,Yes,No,No,No,No,
1905,2020,22,Male,United States,Yes,No,No,Sometimes,6-25,Yes,No,No,Don't know,No,No,Yes,Very easy,Maybe,Yes,Yes,Yes,No,Maybe,Yes,No,
1906,2022,37,Male,United States,No,No,Yes,Rarely,6-25,Yes,No,No,Don't know,Don't know,No,Yes,Somewhat easy,No,Maybe,Some of them,No,No,No,Yes,Yes,Management needs training on mental health.
1907,2023,28,Male,United States,No,No,Yes,Sometimes,500-1000,Yes,No,Don't know,Don't know,Yes,Yes,No,Somewhat difficult,No,Yes,No,Some of them,Maybe,No,Don't know,No,More anonymous support options would help.
1908,2019,23,Female,United States,Yes,Yes,Yes,Rarely,6-25,No,No,Don't know,No,Don't know,Yes,No,Somewhat easy,Maybe,No,No,Yes,Maybe,No,Yes,No,Stigma is still a major issue in my workplace.
1909,2022,27,Male,United States,No,No,No,Never,100-500,No,Yes,No,Don't know,Don't know,Yes,Don't know,Somewhat easy,No,No,Yes,Yes,No,No,Don't know,No,Burnout is rampant in my team.
1910,2022,36,Male,Australia,No,No,No,Never,26-100,Yes,Yes,No,No,Don't know,No,No,Very easy,Yes,Yes,No,No,No,No,No,Yes,
1911,2019,37,Female,Germany,Yes,No,Yes,Rarely,500-1000,Yes,Yes,Don't know,Yes,Yes,Yes,Yes,Very easy,No,Yes,Yes,No,No,Yes,Don't know,No,
1912,2024,20,Male,United States,No,No,No,Sometimes,100-500,Yes,No,Yes,Yes,Don't know,Don't know,Don't know,Very difficult,No,Maybe,No,Some of them,No,Maybe,Yes,No,
1913,2019,35,Male,United Kingdom,No,No,No,Often,26-100,No,Yes,No,Yes,No,No,No,Somewhat easy,Yes,No,Yes,Some of them,Yes,No,Yes,No,More anonymous support options would help.
1914,2023,32,Male,United States,Yes,No,No,Rarely,More than 1000,Yes,Yes,Don't know,Yes,No,Yes,Yes,Don't know,Yes,No,Some of them,Yes,No,No,No,Yes,
1915,2024,36,Female,Brazil,No,Yes,No,Never,More than 1000,No,Yes,Yes,No,Yes,Yes,Don't know,Don't know,Maybe,No,Yes,Some of them,Maybe,Yes,Don't know,No,
1916,2024,24,Male,Canada,No,Yes,Yes,Sometimes,26-100,No,Yes,No,No,Don't know,No,No,Somewhat difficult,No,No,No,Yes,Maybe,No,Don't know,No,Stigma is still a major issue in my workplace.
1917,2021,33,Male,Australia,No,Yes,Yes,Sometimes,100-500,No,Yes,Yes,Yes,Don't know,Don't know,No,Very difficult,No,No,No,No,No,No,Don't know,No,Better awareness programs needed.
1918,2019,29,Male,United States,No,No,No,Never,26-100,No,No,Yes,No,No,Don't know,Don't know,Don't know,Yes,Yes,Some of them,No,No,No,Don't know,No,Remote work has been a double-edged sword.
1919,2022,40,Male,Canada,No,Yes,Yes,Often,500-1000,Yes,No,No,No,No,Yes,Don't know,Don't know,No,Maybe,Some of them,No,Yes,No,Don't know,Yes,Leadership support makes all the difference.
1920,2021,34,Male,Other,No,Yes,No,Rarely,100-500,Yes,Yes,Yes,Don't know,No,Yes,Yes,Somewhat difficult,No,Maybe,Yes,Yes,No,Yes,Yes,No,Open conversations help reduce stigma.
1921,2024,36,Male,United States,Yes,No,No,Sometimes,500-1000,No,Yes,Yes,No,No,Yes,Yes,Somewhat difficult,No,No,No,No,No,No,Don't know,No,Management needs training on mental health.
1922,2023,18,Female,United States,Yes,No,No,Sometimes,26-100,Yes,No,No,Don't know,No,No,Yes,Very difficult,Yes,No,No,Some of them,No,Maybe,Don't know,No,Glad to see more companies taking this seriously.
1923,2023,28,Male,Sweden,No,No,No,Never,26-100,No,Yes,Yes,Don't know,Yes,Yes,Don't know,Very difficult,Maybe,Maybe,No,Some of them,No,Maybe,Yes,No,
1924,2024,32,Male,Germany,Yes,Yes,Yes,Often,More than 1000,Yes,Yes,Don't know,Yes,Yes,Yes,Yes,Somewhat easy,Maybe,No,Some of them,No,No,Yes,Don't know,Yes,Better awareness programs needed.
1925,2023,34,Male,United States,No,No,Yes,Often,100-500,No,Yes,Yes,Yes,Yes,Yes,Yes,Very easy,No,No,No,No,No,No,Yes,Yes,
1926,2024,25,Male,Other,No,No,No,Never,More than 1000,Yes,Yes,Don't know,Yes,Yes,Don't know,Yes,Very difficult,Yes,Maybe,Yes,Yes,Maybe,No,Yes,No,Management needs training on mental health.
1927,2024,38,Male,United States,No,No,Yes,Often,More than 1000,Yes,No,Yes,Yes,Yes,Don't know,Don't know,Very difficult,Maybe,No,No,No,No,Yes,Don't know,No,
1928,2022,18,Male,Canada,No,No,No,Sometimes,6-25,No,No,No,No,Don't know,No,Don't know,Somewhat easy,Maybe,Maybe,No,No,No,Maybe,No,No,
1929,2022,28,Female,Canada,Yes,Yes,Yes,Sometimes,500-1000,No,Yes,Yes,Yes,No,Don't know,Yes,Very difficult,Yes,No,Some of them,No,Maybe,Maybe,Yes,No,Better awareness programs needed.
1930,2023,27,Female,Canada,Yes,No,Yes,Sometimes,1-5,No,Yes,No,Don't know,Yes,No,No,Somewhat difficult,No,No,No,Yes,No,No,No,No,Remote work has been a double-edged sword.
1931,2021,26,Male,United States,Yes,No,No,Rarely,6-25,Yes,No,Yes,Don't know,No,No,Don't know,Somewhat difficult,Maybe,No,Yes,Some of them,Maybe,No,Don't know,No,
1932,2022,40,Male,Germany,No,No,No,Rarely,6-25,No,Yes,No,No,No,No,Don't know,Somewhat easy,Maybe,No,Some of them,No,Maybe,No,No,Yes,Better awareness programs needed.
1933,2021,21,Female,Other,Yes,Yes,No,Sometimes,More than 1000,Yes,Yes,Yes,Don't know,Yes,Don't know,Don't know,Somewhat easy,No,No,No,Some of them,Maybe,No,Don't know,Yes,
1934,2023,26,Female,Sweden,No,No,No,Often,1-5,No,Yes,No,No,No,No,Don't know,Somewhat easy,No,No,Yes,No,No,Yes,No,No,
1935,2019,26,Female,United States,No,Yes,Yes,Sometimes,More than 1000,No,Yes,Yes,No,No,Don't know,Don't know,Somewhat easy,No,No,Some of them,Some of them,No,Maybe,Yes,No,Stigma is still a major issue in my workplace.
1936,2021,37,Male,United States,No,No,Yes,Sometimes,More than 1000,No,Yes,No,No,Yes,No,No,Don't know,No,No,No,No,No,No,No,No,Stigma is still a major issue in my workplace.
1937,2023,18,Female,Netherlands,No,No,Yes,Often,100-500,No,No,Yes,Don't know,Yes,Yes,Don't know,Somewhat difficult,Maybe,No,Some of them,No,Maybe,Maybe,No,No,We have EAP but nobody talks about it.
1938,2019,38,Female,Netherlands,No,No,Yes,Sometimes,500-1000,Yes,Yes,No,No,Yes,Yes,Yes,Somewhat difficult,No,Yes,Some of them,Yes,No,Maybe,No,No,Open conversations help reduce stigma.
1939,2023,18,Female,Other,No,No,No,Rarely,More than 1000,No,Yes,Don't know,Don't know,No,Yes,Yes,Very easy,Maybe,No,No,Some of them,Yes,Maybe,Yes,No,
1940,2024,36,Male,United Kingdom,No,No,No,Rarely,More than 1000,Yes,No,Yes,No,Don't know,Yes,Don't know,Somewhat easy,No,No,No,Yes,No,No,Don't know,Yes,
1941,2023,28,Male,Canada,No,No,No,Never,100-500,No,No,No,Yes,Yes,Don't know,No,Don't know,Maybe,Yes,No,No,Yes,No,No,No,Burnout is rampant in my team.
1942,2019,34,Non-binary,Canada,Yes,Yes,No,Sometimes,26-100,No,Yes,Yes,No,No,Don't know,Don't know,Don't know,Yes,Maybe,Some of them,No,No,No,Don't know,No,Glad to see more companies taking this seriously.
1943,2020,30,Male,Ireland,No,No,No,Never,1-5,Yes,No,No,No,No,No,Yes,Don't know,No,No,No,No,No,Yes,Yes,No,Remote work has been a double-edged sword.
1944,2020,36,Male,Germany,No,No,No,Rarely,500-1000,No,Yes,Yes,No,Yes,Don't know,Don't know,Somewhat difficult,Maybe,No,Some of them,No,No,Maybe,Don't know,No,Open conversations help reduce stigma.
1945,2022,22,Female,United States,No,No,No,Rarely,1-5,No,No,No,Don't know,No,Don't know,Don't know,Somewhat difficult,Maybe,No,No,Some of them,No,No,No,No,
1946,2023,26,Female,Australia,No,No,No,Sometimes,100-500,Yes,No,Yes,Yes,Don't know,Yes,Don't know,Somewhat difficult,No,Maybe,No,Yes,No,No,No,No,
1947,2022,18,Male,Australia,No,Yes,No,Rarely,26-100,Yes,Yes,No,Don't know,No,Yes,No,Don't know,Maybe,Maybe,Some of them,No,No,Yes,No,Yes,
1948,2022,28,Male,Germany,No,No,Yes,Sometimes,26-100,Yes,Yes,Don't know,Yes,No,Yes,No,Very easy,Yes,No,No,No,Maybe,No,Yes,No,Remote work has been a double-edged sword.
1949,2023,40,Male,Germany,Yes,No,Yes,Sometimes,100-500,Yes,Yes,Yes,Yes,Don't know,Yes,Yes,Very difficult,Maybe,No,No,No,Maybe,Yes,No,No,More anonymous support options would help.
1950,2021,34,Male,United States,No,No,No,Rarely,6-25,No,Yes,No,No,No,Don't know,Don't know,Very difficult,No,No,Some of them,Some of them,Maybe,No,Yes,No,Better awareness programs needed.
1951,2024,26,Female,Australia,No,No,Yes,Sometimes,More than 1000,Yes,Yes,Don't know,Yes,No,Yes,Yes,Don't know,Maybe,Maybe,No,No,No,No,Don't know,No,Anonymous reporting would increase participation.
1952,2024,23,Male,United States,No,No,No,Never,100-500,No,Yes,No,Yes,Don't know,No,Don't know,Very easy,Maybe,No,Yes,No,Maybe,No,No,No,
1953,2024,39,Male,United States,No,No,Yes,Rarely,100-500,No,Yes,No,No,No,Yes,Don't know,Don't know,Maybe,Yes,No,Yes,No,No,Don't know,No,Open conversations help reduce stigma.
1954,2024,42,Male,United States,No,No,No,Sometimes,26-100,Yes,Yes,No,No,No,No,Don't know,Don't know,Maybe,No,No,Yes,Maybe,No,Yes,No,Open conversations help reduce stigma.
1955,2021,18,Male,United States,No,No,Yes,Often,6-25,Yes,No,Don't know,No,No,Don't know,Don't know,Don't know,No,Maybe,No,Yes,Yes,No,Don't know,No,Burnout is rampant in my team.
1956,2023,32,Non-binary,United States,No,No,No,Rarely,100-500,No,Yes,Yes,Don't know,No,No,Don't know,Very difficult,Yes,Maybe,Some of them,Yes,No,No,No,No,
1957,2023,33,Female,United States,No,Yes,Yes,Often,500-1000,Yes,Yes,Yes,Don't know,Don't know,Yes,Don't know,Very easy,No,No,Some of them,No,No,No,Don't know,No,
1958,2022,38,Female,Canada,No,No,Yes,Sometimes,100-500,Yes,No,Yes,No,Yes,Yes,Yes,Very easy,No,No,No,Yes,Maybe,Yes,Don't know,Yes,More anonymous support options would help.
1959,2023,29,Male,United States,No,No,No,Rarely,500-1000,No,Yes,Don't know,Yes,Yes,Yes,Don't know,Don't know,Maybe,No,Some of them,Yes,Maybe,No,Don't know,No,Management needs training on mental health.
1960,2021,21,Male,Germany,No,No,No,Never,26-100,No,Yes,No,Yes,No,No,No,Don't know,No,No,Yes,Some of them,No,No,No,No,
1961,2024,28,Female,United States,Yes,Yes,No,Never,26-100,No,Yes,No,No,Don't know,No,No,Somewhat difficult,Maybe,Yes,No,No,No,No,Yes,No,Stigma is still a major issue in my workplace.
1962,2021,29,Male,United States,No,No,No,Rarely,500-1000,No,Yes,No,No,Don't know,Don't know,Don't know,Somewhat easy,No,No,No,Yes,No,Maybe,Yes,No,HR resources are available but rarely used.
1963,2022,22,Female,United States,No,Yes,Yes,Often,500-1000,Yes,Yes,No,Don't know,Yes,No,Yes,Don't know,Yes,No,No,Yes,No,No,No,No,Stigma is still a major issue in my workplace.
1964,2019,28,Female,United States,No,No,Yes,Sometimes,1-5,No,Yes,No,Don't know,Yes,No,No,Very difficult,Yes,No,Some of them,No,No,Yes,Don't know,Yes,
1965,2024,30,Male,Canada,No,No,No,Never,100-500,No,Yes,No,Don't know,Yes,No,Don't know,Don't know,Maybe,No,Some of them,Some of them,No,No,Yes,No,
1966,2023,23,Male,United Kingdom,No,No,No,Sometimes,More than 1000,Yes,Yes,Don't know,No,Yes,Don't know,Yes,Don't know,No,No,Yes,Yes,No,No,Don't know,Yes,Management needs training on mental health.
1967,2022,27,Male,United States,No,No,Yes,Rarely,26-100,Yes,No,Yes,No,Don't know,No,Yes,Very difficult,No,Yes,Yes,No,No,Yes,Yes,Yes,Better awareness programs needed.
1968,2024,28,Male,Canada,No,Yes,No,Never,6-25,Yes,No,No,Don't know,Yes,Don't know,No,Don't know,Yes,No,No,No,No,No,Don't know,No,
1969,2019,41,Male,United Kingdom,No,No,No,Never,More than 1000,Yes,Yes,Don't know,Yes,Yes,Don't know,Don't know,Somewhat easy,Maybe,Maybe,No,Some of them,No,No,Yes,No,We have EAP but nobody talks about it.
1970,2020,27,Male,Australia,No,Yes,No,Rarely,More than 1000,No,Yes,Yes,Yes,No,Yes,Don't know,Somewhat easy,No,No,Yes,Yes,Yes,No,No,No,More anonymous support options would help.
1971,2019,34,Male,United States,No,No,No,Never,More than 1000,Yes,No,Don't know,Yes,No,Yes,Don't know,Don't know,Maybe,No,No,Some of them,Maybe,Maybe,Don't know,No,Stigma is still a major issue in my workplace.
1972,2023,39,Male,Canada,No,No,No,Rarely,26-100,No,Yes,No,No,Yes,Yes,Don't know,Very easy,Yes,No,Yes,No,No,Yes,Don't know,No,Remote work has been a double-edged sword.
1973,2023,42,Female,United States,Yes,No,No,Rarely,26-100,Yes,Yes,No,No,No,No,Don't know,Don't know,No,Maybe,Some of them,No,No,No,Yes,No,
1974,2023,36,Male,Ireland,No,No,No,Never,1-5,Yes,No,No,No,No,No,Yes,Don't know,No,No,Yes,Yes,Maybe,Maybe,Don't know,No,
1975,2020,29,Male,United States,No,Yes,No,Rarely,26-100,Yes,Yes,No,Don't know,Don't know,Don't know,No,Don't know,No,No,Yes,No,No,Yes,Yes,Yes,
1976,2024,24,Male,United States,No,No,No,Often,100-500,Yes,Yes,Yes,No,Yes,Yes,Don't know,Somewhat easy,No,No,Yes,No,Yes,No,No,No,Glad to see more companies taking this seriously.
1977,2020,44,Male,Germany,No,No,Yes,Sometimes,More than 1000,Yes,No,No,Don't know,Yes,Don't know,No,Somewhat difficult,Maybe,No,Some of them,No,No,No,Yes,No,Remote work has been a double-edged sword.
1978,2022,28,Female,Other,No,No,No,Sometimes,100-500,No,Yes,Yes,Yes,Yes,Yes,Don't know,Somewhat difficult,No,Yes,No,Yes,No,No,Yes,No,Leadership support makes all the difference.
1979,2024,18,Female,United States,No,No,No,Sometimes,100-500,No,Yes,Yes,Yes,No,Yes,Yes,Somewhat easy,Yes,No,Some of them,No,No,Maybe,No,No,
1980,2023,39,Male,United States,No,Yes,Yes,Often,26-100,Yes,Yes,Don't know,No,Yes,Don't know,Yes,Somewhat difficult,Maybe,Maybe,Some of them,No,No,Maybe,Yes,No,Glad to see more companies taking this seriously.
1981,2019,29,Male,Canada,No,No,Yes,Rarely,26-100,Yes,No,Don't know,Don't know,Yes,Don't know,No,Don't know,Maybe,No,No,Yes,No,Yes,Yes,No,HR resources are available but rarely used.
1982,2023,37,Male,United States,No,No,No,Rarely,More than 1000,Yes,Yes,No,Don't know,Yes,No,Yes,Somewhat difficult,No,No,No,Yes,Maybe,Maybe,Yes,No,Management needs training on mental health.
1983,2024,18,Female,United States,No,No,No,Rarely,500-1000,No,Yes,No,Don't know,Yes,No,Yes,Very difficult,Yes,Maybe,No,No,No,Maybe,No,No,Burnout is rampant in my team.
1984,2023,23,Male,Germany,No,No,No,Never,500-1000,No,Yes,Yes,Don't know,No,Yes,No,Don't know,Maybe,Maybe,Yes,Some of them,No,Maybe,Yes,No,Glad to see more companies taking this seriously.
1985,2019,33,Male,Canada,No,No,No,Rarely,26-100,Yes,Yes,Yes,No,No,Don't know,Don't know,Somewhat difficult,Maybe,Maybe,No,No,Maybe,No,Yes,No,Leadership support makes all the difference.
1986,2022,18,Female,Other,No,No,Yes,Rarely,More than 1000,Yes,Yes,Don't know,Yes,Don't know,Don't know,Yes,Don't know,No,No,Some of them,No,No,Maybe,Don't know,No,We have EAP but nobody talks about it.
1987,2019,39,Male,Other,No,Yes,Yes,Often,500-1000,No,No,Yes,Yes,Don't know,Yes,Yes,Somewhat difficult,No,No,Yes,Some of them,Maybe,Yes,No,No,We have EAP but nobody talks about it.
1988,2021,24,Male,India,No,Yes,Yes,Often,100-500,Yes,Yes,Yes,Don't know,Yes,Don't know,Yes,Somewhat easy,No,No,No,Some of them,No,Maybe,No,No,More anonymous support options would help.
1989,2020,29,Female,United States,No,No,Yes,Sometimes,1-5,Yes,Yes,No,No,Don't know,Don't know,Don't know,Don't know,Yes,Maybe,No,No,Maybe,Maybe,Don't know,No,
1990,2024,24,Female,France,Yes,Yes,Yes,Rarely,More than 1000,Yes,Yes,Don't know,Yes,No,Yes,Don't know,Don't know,Yes,No,Some of them,No,No,No,Yes,Yes,HR resources are available but rarely used.
1991,2019,37,Male,Canada,No,No,No,Never,More than 1000,Yes,Yes,Yes,Yes,Yes,Yes,Yes,Don't know,Maybe,No,No,Some of them,No,Maybe,Yes,No,Better awareness programs needed.
1992,2020,18,Male,United Kingdom,No,Yes,Yes,Often,1-5,No,No,No,No,Yes,Don't know,No,Somewhat difficult,Maybe,No,No,Yes,No,Yes,Don't know,No,Stigma is still a major issue in my workplace.
1993,2022,25,Male,United States,No,Yes,Yes,Never,100-500,Yes,Yes,Don't know,Yes,Don't know,Yes,Don't know,Very easy,Maybe,Maybe,Some of them,Some of them,No,No,Don't know,No,Remote work has been a double-edged sword.
1994,2022,28,Male,United States,No,No,No,Rarely,1-5,Yes,No,No,No,Yes,No,Don't know,Somewhat difficult,No,No,Yes,Yes,No,Maybe,Don't know,No,Better awareness programs needed.
1995,2024,43,Male,United States,No,Yes,Yes,Sometimes,100-500,Yes,Yes,No,Don't know,No,Don't know,Yes,Don't know,Yes,No,Yes,Yes,Maybe,No,Don't know,No,
1996,2020,38,Male,United States,No,Yes,Yes,Sometimes,100-500,No,Yes,Yes,Don't know,Yes,No,Yes,Somewhat difficult,No,No,Yes,No,Maybe,Yes,Don't know,No,Remote work has been a double-edged sword.
1997,2022,39,Non-binary,United Kingdom,No,Yes,No,Rarely,26-100,Yes,Yes,No,Don't know,Don't know,Yes,No,Don't know,No,No,Yes,No,Maybe,Maybe,Don't know,Yes,Remote work has been a double-edged sword.
1998,2021,32,Female,Sweden,No,No,Yes,Often,26-100,No,Yes,No,Don't know,Don't know,Don't know,Don't know,Somewhat easy,Maybe,No,Some of them,No,Yes,No,No,No,HR resources are available but rarely used.
1999,2024,37,Female,Canada,No,No,Yes,Sometimes,26-100,Yes,Yes,Don't know,No,Yes,No,Yes,Don't know,Yes,Maybe,No,Yes,No,No,Yes,No,Anonymous reporting would increase participation.
2000,2022,19,Male,Other,No,Yes,Yes,Sometimes,500-1000,No,Yes,Yes,Yes,Yes,Don't know,Don't know,Somewhat easy,No,No,No,Yes,Yes,Maybe,Yes,Yes,Remote work has been a double-edged sword.
2001,2019,34,Female,India,No,No,No,Rarely,6-25,Yes,Yes,Yes,No,Yes,No,Yes,Don't know,Yes,No,No,No,No,Maybe,Don't know,No,Anonymous reporting would increase participation.
2002,2022,32,Female,Canada,No,No,No,Never,6-25,No,Yes,No,No,Yes,No,Yes,Very difficult,Yes,No,No,No,No,No,No,Yes,
2003,2023,22,Male,United States,No,No,Yes,Never,26-100,Yes,No,Yes,Yes,No,Yes,Don't know,Somewhat difficult,No,Maybe,No,No,No,Maybe,Don't know,No,
2004,2020,25,Female,Germany,No,No,Yes,Sometimes,100-500,No,Yes,Yes,Yes,Yes,No,No,Very difficult,No,No,Yes,Some of them,No,Maybe,Yes,Yes,
2005,2022,30,Male,United States,No,No,No,Never,500-1000,No,No,Yes,Yes,Don't know,Yes,Don't know,Somewhat difficult,Yes,No,Yes,No,Maybe,No,Yes,No,Stigma is still a major issue in my workplace.
2006,2022,42,Female,United Kingdom,Yes,Yes,No,Sometimes,100-500,Yes,Yes,Don't know,Yes,No,Yes,Don't know,Don't know,Maybe,No,No,No,No,No,Yes,No,Better awareness programs needed.
2007,2024,24,Female,Ireland,Yes,No,No,Rarely,26-100,Yes,No,Don't know,Don't know,Yes,No,Don't know,Don't know,No,No,Yes,Some of them,Yes,Maybe,No,No,
2008,2024,29,Female,Other,No,No,No,Rarely,100-500,Yes,Yes,Yes,Yes,No,Don't know,Yes,Don't know,No,Maybe,Yes,Yes,Maybe,Yes,Don't know,Yes,
2009,2023,28,Male,United States,No,No,No,Never,100-500,Yes,Yes,Yes,No,Don't know,Don't know,Yes,Somewhat easy,Yes,Maybe,No,No,Maybe,No,Yes,No,Anonymous reporting would increase participation.
2010,2022,31,Female,Canada,No,Yes,Yes,Sometimes,6-25,No,Yes,No,Don't know,Don't know,Yes,Yes,Don't know,No,No,No,Some of them,No,No,Don't know,Yes,Open conversations help reduce stigma.
2011,2020,36,Male,United States,No,No,Yes,Rarely,1-5,Yes,Yes,Don't know,No,No,No,Don't know,Don't know,No,No,Some of them,Some of them,No,Maybe,Don't know,No,Glad to see more companies taking this seriously.
2012,2023,30,Male,Germany,No,No,No,Rarely,500-1000,Yes,Yes,Yes,Yes,Yes,Don't know,Don't know,Don't know,Maybe,No,Some of them,Yes,No,Maybe,Yes,Yes,
2013,2021,18,Female,United States,No,No,No,Rarely,6-25,Yes,Yes,Don't know,No,No,Yes,No,Very difficult,Maybe,No,Yes,Yes,No,No,No,No,Better awareness programs needed.
2014,2023,18,Male,Netherlands,No,No,No,Sometimes,More than 1000,No,Yes,No,Don't know,Don't know,No,Don't know,Don't know,No,No,Some of them,Yes,No,No,No,No,
2015,2023,33,Male,United Kingdom,Yes,No,Yes,Often,26-100,Yes,No,No,Don't know,No,Don't know,Yes,Don't know,No,No,No,Yes,No,No,No,No,Remote work has been a double-edged sword.
2016,2021,37,Female,United Kingdom,No,No,No,Sometimes,100-500,Yes,Yes,Yes,Yes,No,Yes,Yes,Don't know,No,No,Yes,No,Yes,No,Yes,No,Anonymous reporting would increase participation.
2017,2021,33,Female,United States,No,No,No,Rarely,100-500,Yes,No,Yes,Yes,Yes,Yes,Yes,Don't know,Yes,Maybe,Some of them,Some of them,Yes,Maybe,Don't know,Yes,More anonymous support options would help.
2018,2024,38,Female,United Kingdom,No,Yes,Yes,Never,1-5,No,No,Yes,Don't know,Yes,Yes,Don't know,Very easy,Maybe,No,Yes,Yes,No,Maybe,Don't know,Yes,HR resources are available but rarely used.
2019,2021,23,Male,United States,No,Yes,Yes,Rarely,500-1000,Yes,No,Yes,Yes,Don't know,No,No,Don't know,No,No,Some of them,No,No,No,No,Yes,
2020,2020,39,Female,United States,No,No,No,Rarely,26-100,Yes,No,Don't know,Yes,No,No,No,Somewhat easy,Yes,No,No,No,No,No,Don't know,No,
2021,2023,34,Male,United States,Yes,Yes,Yes,Often,100-500,Yes,Yes,Yes,Yes,No,Don't know,No,Somewhat easy,Maybe,Maybe,Yes,Yes,No,No,Yes,No,
2022,2019,30,Female,Other,No,No,Yes,Rarely,More than 1000,No,No,No,Yes,Don't know,No,Don't know,Don't know,No,No,No,No,Maybe,No,Yes,No,Management needs training on mental health.
2023,2019,38,Male,Sweden,No,No,No,Often,500-1000,No,No,Yes,Yes,No,Don't know,Don't know,Don't know,Maybe,Yes,Yes,No,Maybe,Yes,Yes,Yes,Management needs training on mental health.
2024,2024,25,Male,United States,No,No,No,Sometimes,500-1000,No,No,Yes,Don't know,Yes,Don't know,Don't know,Somewhat easy,Maybe,No,Yes,Some of them,No,Yes,No,No,Stigma is still a major issue in my workplace.
2025,2019,18,Non-binary,France,No,No,No,Rarely,6-25,Yes,Yes,No,Yes,No,No,Don't know,Somewhat difficult,Maybe,No,Some of them,Some of them,Maybe,Yes,No,No,We have EAP but nobody talks about it.
2026,2023,24,Other / Prefer not to say,United States,No,Yes,Yes,Rarely,6-25,Yes,Yes,No,No,Don't know,No,No,Don't know,Yes,No,Some of them,No,Maybe,No,Don't know,No,Anonymous reporting would increase participation.
2027,2024,29,Male,Germany,No,No,Yes,Sometimes,100-500,Yes,Yes,No,Yes,Don't know,Don't know,No,Somewhat easy,No,No,No,Yes,No,No,Don't know,Yes,Open conversations help reduce stigma.
2028,2023,34,Male,Other,No,No,No,Never,26-100,No,Yes,Yes,Yes,No,No,Yes,Don't know,No,No,Some of them,Yes,No,Yes,Yes,No,Burnout is rampant in my team.
2029,2024,45,Female,United States,Yes,No,No,Often,More than 1000,Yes,Yes,Yes,Don't know,Yes,Yes,Don't know,Very difficult,Yes,No,Yes,No,Maybe,No,Yes,No,Better awareness programs needed.
2030,2022,21,Male,Ireland,No,No,Yes,Rarely,26-100,No,Yes,Don't know,No,Don't know,Don't know,Yes,Don't know,No,No,Yes,Some of them,No,No,Yes,No,
2031,2019,35,Female,United Kingdom,No,No,Yes,Often,26-100,No,Yes,Don't know,No,No,Yes,No,Somewhat difficult,Yes,Yes,No,No,No,No,No,No,
2032,2022,42,Male,Other,No,No,No,Rarely,26-100,Yes,No,Don't know,Yes,No,No,Don't know,Somewhat easy,Maybe,Yes,No,Some of them,No,Yes,No,Yes,
2033,2024,18,Male,United States,No,No,Yes,Sometimes,More than 1000,Yes,No,Yes,Don't know,No,Don't know,Don't know,Don't know,No,No,No,Yes,Maybe,No,Yes,No,More anonymous support options would help.
2034,2024,34,Male,Canada,Yes,No,No,Never,26-100,Yes,No,Don't know,Don't know,No,Don't know,No,Don't know,No,No,Yes,Yes,No,No,Don't know,No,More anonymous support options would help.
2035,2024,18,Male,India,No,Yes,Yes,Sometimes,1-5,No,No,No,Yes,Don't know,No,No,Don't know,Yes,No,No,Some of them,No,No,Yes,No,Glad to see more companies taking this seriously.
2036,2021,18,Female,United States,No,No,No,Rarely,500-1000,No,Yes,Yes,Yes,No,Yes,Yes,Somewhat easy,Maybe,No,Yes,No,Maybe,No,Yes,No,
2037,2023,28,Male,Canada,No,Yes,Yes,Often,6-25,Yes,Yes,No,No,No,No,Don't know,Don't know,Maybe,No,Some of them,No,Yes,No,Yes,No,Remote work has been a double-edged sword.
2038,2022,46,Other / Prefer not to say,United States,Yes,No,No,Sometimes,More than 1000,Yes,No,Yes,Don't know,Yes,No,Yes,Somewhat easy,Yes,No,Yes,No,Maybe,Yes,No,No,
2039,2023,29,Non-binary,United States,No,Yes,No,Never,100-500,No,Yes,Yes,Don't know,Don't know,No,Yes,Somewhat difficult,No,Yes,No,No,Maybe,Maybe,No,No,HR resources are available but rarely used.
2040,2022,34,Male,United Kingdom,No,No,Yes,Often,100-500,Yes,Yes,Don't know,No,Yes,Yes,Yes,Somewhat easy,No,No,Some of them,Yes,No,Yes,No,No,
2041,2021,41,Male,United States,No,No,Yes,Sometimes,More than 1000,Yes,Yes,Don't know,Don't know,Yes,Don't know,Don't know,Somewhat difficult,No,No,Some of them,Some of them,No,No,Yes,No,
2042,2021,44,Male,Netherlands,No,No,Yes,Sometimes,500-1000,Yes,No,Yes,Yes,Don't know,Yes,Yes,Somewhat difficult,Maybe,Maybe,No,No,Maybe,No,No,No,Remote work has been a double-edged sword.
2043,2022,18,Male,United States,No,No,No,Often,26-100,Yes,Yes,No,No,No,Don't know,Don't know,Somewhat difficult,Maybe,Maybe,Yes,No,No,No,Don't know,Yes,
2044,2022,20,Male,Canada,No,No,No,Never,26-100,Yes,Yes,Don't know,No,Don't know,Don't know,No,Somewhat easy,No,No,No,Yes,No,No,Don't know,No,
2045,2023,37,Male,United States,No,No,Yes,Sometimes,100-500,No,No,No,Yes,Don't know,Yes,Yes,Somewhat easy,Yes,No,No,Yes,Maybe,No,Yes,No,
2046,2021,38,Male,United Kingdom,Yes,Yes,Yes,Never,1-5,No,Yes,No,Yes,Yes,Don't know,No,Don't know,Yes,Yes,Some of them,Yes,Yes,No,Yes,No,Stigma is still a major issue in my workplace.
2047,2022,51,Male,United States,No,Yes,Yes,Sometimes,500-1000,Yes,Yes,No,Don't know,Yes,Yes,Don't know,Somewhat difficult,Yes,No,No,Yes,Maybe,No,Don't know,No,
2048,2020,35,Male,United States,No,No,No,Never,100-500,Yes,Yes,Don't know,No,Yes,Yes,No,Don't know,Maybe,No,Some of them,Yes,Maybe,Yes,No,No,More anonymous support options would help.
2049,2022,25,Male,Canada,Yes,No,No,Never,100-500,Yes,No,Don't know,Don't know,Yes,Yes,Yes,Somewhat easy,Maybe,No,Some of them,No,No,Maybe,Yes,No,
2050,2022,29,Male,France,No,No,Yes,Rarely,6-25,No,Yes,Don't know,Yes,Don't know,Yes,Don't know,Don't know,No,No,Some of them,No,Maybe,Yes,Yes,No,
2051,2019,43,Female,United States,No,Yes,No,Never,26-100,No,Yes,Don't know,Don't know,Don't know,Don't know,Don't know,Very difficult,Maybe,Maybe,Yes,Some of them,No,Yes,Yes,No,Stigma is still a major issue in my workplace.
2052,2024,29,Other / Prefer not to say,United Kingdom,No,No,No,Never,26-100,No,Yes,No,No,No,No,Yes,Very easy,Yes,Maybe,No,No,No,Maybe,Yes,No,Management needs training on mental health.
2053,2019,19,Non-binary,Germany,No,Yes,Yes,Sometimes,More than 1000,No,Yes,Yes,Yes,Yes,Don't know,Don't know,Don't know,Yes,No,No,Yes,Maybe,No,Yes,Yes,
2054,2024,36,Female,United States,No,No,Yes,Sometimes,More than 1000,No,Yes,Don't know,Don't know,Yes,Yes,Don't know,Very easy,Maybe,No,Yes,Yes,Yes,Maybe,Don't know,No,Glad to see more companies taking this seriously.
2055,2022,33,Male,Netherlands,No,No,No,Never,100-500,Yes,Yes,No,Don't know,No,Don't know,Don't know,Don't know,Maybe,No,No,Some of them,No,No,No,No,We have EAP but nobody talks about it.
2056,2022,32,Non-binary,Other,No,No,No,Rarely,100-500,No,Yes,No,Yes,Yes,Don't know,Don't know,Somewhat easy,Maybe,No,Yes,No,No,No,Don't know,No,Remote work has been a double-edged sword.
2057,2024,26,Non-binary,United States,No,Yes,Yes,Never,26-100,No,Yes,No,Don't know,No,No,Don't know,Somewhat easy,No,No,Yes,No,Yes,No,No,Yes,More anonymous support options would help.
2058,2022,27,Male,Germany,No,No,No,Rarely,100-500,No,Yes,Yes,Don't know,Don't know,No,Yes,Don't know,Yes,No,Yes,No,No,Maybe,Yes,No,HR resources are available but rarely used.
2059,2023,28,Male,Other,No,No,No,Often,More than 1000,No,Yes,Yes,Don't know,Yes,Yes,Yes,Somewhat easy,No,No,Some of them,No,Maybe,Yes,Yes,No,
2060,2023,35,Female,Brazil,No,No,No,Rarely,26-100,No,Yes,Yes,No,No,No,No,Somewhat difficult,Maybe,No,No,Yes,No,Maybe,Don't know,No,
2061,2023,23,Non-binary,United States,No,No,Yes,Rarely,6-25,Yes,Yes,No,Don't know,No,No,Don't know,Don't know,No,Maybe,Yes,No,Maybe,Yes,Don't know,Yes,
2062,2021,27,Male,United States,No,No,No,Often,More than 1000,Yes,Yes,Yes,Yes,Yes,No,Don't know,Very difficult,Maybe,No,Yes,Yes,No,No,Don't know,No,Burnout is rampant in my team.
2063,2021,18,Male,United States,No,Yes,No,Never,100-500,No,No,Yes,No,No,Yes,Yes,Somewhat difficult,No,No,Yes,Yes,No,Yes,No,No,Remote work has been a double-edged sword.
2064,2024,26,Female,United States,No,No,No,Sometimes,6-25,No,Yes,No,Yes,No,Yes,No,Don't know,Yes,No,No,No,Maybe,Yes,Yes,No,
2065,2022,36,Female,United States,No,No,No,Rarely,6-25,Yes,No,No,No,No,Yes,No,Don't know,Yes,No,No,Some of them,No,No,No,Yes,Glad to see more companies taking this seriously.
2066,2024,24,Male,United States,Yes,No,No,Never,100-500,Yes,No,Yes,Yes,No,Don't know,Don't know,Somewhat difficult,No,Maybe,Some of them,Some of them,No,No,Yes,No,Open conversations help reduce stigma.
2067,2024,26,Male,United States,No,No,Yes,Often,26-100,Yes,Yes,Yes,Don't know,No,Don't know,No,Don't know,Yes,No,Yes,Some of them,Yes,No,Don't know,No,Management needs training on mental health.
2068,2022,29,Female,Canada,No,No,No,Never,1-5,No,Yes,Don't know,No,No,No,No,Somewhat difficult,No,Maybe,Yes,Yes,Maybe,No,No,No,
2069,2023,36,Male,Canada,No,Yes,No,Never,More than 1000,Yes,Yes,Yes,Don't know,Yes,Yes,Yes,Somewhat easy,Yes,No,Some of them,Yes,Maybe,Yes,Don't know,No,
2070,2024,23,Male,Other,No,Yes,No,Rarely,6-25,Yes,Yes,No,Don't know,No,No,Yes,Very easy,Yes,Maybe,Yes,No,Maybe,No,Don't know,No,Management needs training on mental health.
2071,2023,21,Male,United Kingdom,No,No,No,Rarely,100-500,No,Yes,No,No,No,No,Yes,Somewhat difficult,Yes,No,Yes,Yes,Yes,Maybe,No,No,
2072,2021,34,Female,Ireland,No,No,Yes,Sometimes,100-500,No,Yes,Yes,Yes,Yes,No,Yes,Don't know,No,No,Some of them,Some of them,No,Maybe,No,No,
2073,2023,38,Male,United States,No,Yes,No,Rarely,6-25,No,Yes,No,Yes,Don't know,Don't know,No,Don't know,Maybe,No,No,No,No,Maybe,Yes,Yes,Better awareness programs needed.
2074,2022,29,Male,Australia,No,Yes,Yes,Sometimes,6-25,Yes,Yes,No,Don't know,No,Don't know,No,Somewhat easy,No,Maybe,Yes,No,No,No,Yes,No,Stigma is still a major issue in my workplace.
2075,2021,30,Non-binary,India,Yes,No,Yes,Rarely,100-500,Yes,Yes,Yes,Yes,No,Yes,Yes,Very difficult,Maybe,No,No,No,No,Maybe,Don't know,Yes,
2076,2023,25,Male,United States,No,No,Yes,Sometimes,26-100,Yes,No,Yes,Yes,No,Yes,No,Somewhat easy,No,No,No,Some of them,No,Maybe,Don't know,No,Better awareness programs needed.
2077,2020,20,Male,United States,No,Yes,Yes,Sometimes,26-100,Yes,No,No,Don't know,No,No,Don't know,Very easy,No,No,No,Some of them,Maybe,No,No,No,Open conversations help reduce stigma.
2078,2022,32,Female,Netherlands,No,No,No,Never,1-5,No,Yes,Don't know,No,No,Don't know,No,Don't know,Yes,Maybe,Yes,No,No,Maybe,Yes,Yes,
2079,2022,35,Male,United States,No,Yes,No,Often,100-500,No,No,Yes,Yes,Don't know,Don't know,No,Very difficult,Maybe,Maybe,No,Some of them,Maybe,Yes,Don't know,No,
2080,2021,34,Female,United States,No,Yes,Yes,Sometimes,More than 1000,Yes,Yes,Yes,Yes,Yes,Yes,Don't know,Somewhat easy,No,No,Some of them,Yes,Maybe,No,Yes,Yes,Stigma is still a major issue in my workplace.
2081,2024,36,Male,United Kingdom,Yes,No,No,Sometimes,500-1000,Yes,No,No,Yes,Yes,Don't know,Don't know,Somewhat easy,Yes,No,No,Yes,Maybe,Maybe,Don't know,No,Remote work has been a double-edged sword.
2082,2019,40,Female,Other,No,Yes,No,Never,26-100,No,No,Don't know,Don't know,Yes,Yes,No,Very difficult,Maybe,No,No,Some of them,Maybe,Maybe,Don't know,Yes,
2083,2020,33,Male,Australia,No,No,No,Often,More than 1000,No,Yes,Yes,Yes,No,Don't know,Don't know,Very difficult,No,No,Yes,Yes,No,Maybe,Yes,No,Stigma is still a major issue in my workplace.
2084,2024,39,Male,United States,No,Yes,Yes,Sometimes,26-100,Yes,Yes,Don't know,No,No,Don't know,Don't know,Don't know,No,No,Yes,Yes,Maybe,Yes,No,No,Stigma is still a major issue in my workplace.
2085,2023,18,Male,Sweden,No,No,No,Never,26-100,No,No,No,Yes,No,Yes,Don't know,Don't know,Maybe,No,Some of them,No,No,Maybe,Don't know,Yes,
2086,2024,26,Male,Ireland,No,No,Yes,Sometimes,100-500,Yes,Yes,Yes,Don't know,No,Don't know,No,Don't know,Yes,No,Some of them,Some of them,No,Maybe,No,No,Glad to see more companies taking this seriously.
2087,2024,38,Male,United States,Yes,No,No,Never,100-500,No,Yes,No,Yes,No,No,Don't know,Don't know,Yes,No,Yes,No,Yes,No,Yes,No,HR resources are available but rarely used.
2088,2019,18,Other / Prefer not to say,Other,No,No,Yes,Sometimes,26-100,Yes,No,Don't know,Don't know,Don't know,No,Yes,Very easy,Maybe,Maybe,No,No,No,Maybe,Don't know,Yes,Better awareness programs needed.
2089,2023,36,Male,United States,No,No,Yes,Rarely,6-25,No,No,No,No,No,No,Don't know,Somewhat difficult,No,No,Yes,Some of them,Maybe,No,Yes,No,Stigma is still a major issue in my workplace.
2090,2019,35,Male,Canada,Yes,No,Yes,Sometimes,100-500,Yes,No,No,Don't know,Yes,Don't know,Yes,Very easy,No,No,Yes,No,No,Maybe,No,No,
2091,2023,22,Female,Other,No,No,No,Rarely,6-25,No,Yes,Yes,No,Don't know,No,Yes,Somewhat easy,No,No,No,No,Maybe,No,No,Yes,Better awareness programs needed.
2092,2024,18,Female,Other,No,No,Yes,Often,100-500,No,Yes,Yes,Yes,No,No,Yes,Somewhat difficult,No,No,Yes,Some of them,Maybe,No,Don't know,Yes,
2093,2024,22,Male,Other,No,No,No,Often,More than 1000,Yes,No,No,Yes,No,Yes,Yes,Don't know,Yes,Maybe,No,Some of them,Maybe,No,Yes,No,We have EAP but nobody talks about it.
2094,2024,30,Male,Australia,No,No,No,Never,100-500,No,Yes,Yes,Yes,No,No,No,Very difficult,No,Maybe,Yes,Yes,No,No,Don't know,Yes,Remote work has been a double-edged sword.
2095,2024,32,Male,Australia,No,Yes,No,Never,100-500,Yes,Yes,No,Yes,Yes,Yes,No,Somewhat easy,Maybe,No,No,Some of them,No,No,Don't know,No,
2096,2021,41,Male,Sweden,No,Yes,No,Never,100-500,Yes,No,Yes,Yes,Yes,Yes,Don't know,Somewhat difficult,Maybe,No,No,Yes,No,Maybe,Yes,Yes,Stigma is still a major issue in my workplace.
2097,2024,38,Female,India,No,Yes,Yes,Often,500-1000,No,No,Yes,No,Yes,Don't know,Don't know,Don't know,Maybe,Maybe,Yes,No,No,Maybe,No,No,Glad to see more companies taking this seriously.
2098,2023,35,Male,United States,No,No,No,Never,6-25,No,Yes,Yes,No,No,Yes,Don't know,Don't know,Yes,No,Some of them,Yes,No,Maybe,Don't know,Yes,
2099,2022,26,Female,Canada,No,Yes,No,Rarely,100-500,No,Yes,Yes,Don't know,Yes,Yes,Don't know,Very easy,Yes,No,No,Some of them,Yes,No,Yes,No,HR resources are available but rarely used.
2100,2023,37,Male,United States,Yes,No,Yes,Often,More than 1000,No,No,No,Yes,No,No,Don't know,Somewhat difficult,Maybe,No,Yes,No,Maybe,Maybe,Don't know,Yes,We have EAP but nobody talks about it.
2101,2022,22,Male,Germany,No,No,No,Often,More than 1000,Yes,No,No,Yes,Yes,No,Yes,Somewhat easy,Maybe,No,Yes,No,Maybe,Maybe,Don't know,No,
2102,2023,50,Non-binary,United States,No,No,No,Rarely,26-100,Yes,Yes,No,Don't know,Don't know,No,No,Somewhat difficult,Yes,No,No,No,No,No,Don't know,No,
2103,2024,22,Female,United Kingdom,No,Yes,No,Rarely,100-500,Yes,Yes,Yes,Yes,Don't know,No,Yes,Somewhat easy,Yes,No,Yes,Yes,No,No,Yes,No,Better awareness programs needed.
2104,2019,39,Male,United States,No,No,No,Never,100-500,No,No,Yes,Yes,Don't know,Yes,Yes,Somewhat easy,Maybe,Maybe,Yes,Yes,No,No,No,No,
2105,2022,35,Male,United States,No,Yes,Yes,Rarely,500-1000,Yes,Yes,Yes,Yes,Don't know,Yes,No,Don't know,Yes,No,No,Yes,No,Yes,Yes,No,Better awareness programs needed.
2106,2023,30,Female,United States,No,No,No,Often,6-25,No,No,No,No,No,No,No,Somewhat easy,Yes,No,Yes,Some of them,Maybe,Yes,Yes,Yes,
2107,2021,20,Female,Canada,No,No,Yes,Sometimes,100-500,No,Yes,Yes,No,Yes,Yes,Yes,Don't know,No,No,Yes,Yes,Yes,No,Yes,No,HR resources are available but rarely used.
2108,2022,26,Male,United States,No,No,Yes,Often,100-500,No,No,Yes,Yes,Yes,Yes,Yes,Somewhat easy,Maybe,Yes,Some of them,Some of them,Maybe,Maybe,Yes,Yes,Remote work has been a double-edged sword.
2109,2020,37,Male,United States,No,No,No,Never,26-100,No,Yes,No,Yes,No,No,Don't know,Don't know,No,No,Some of them,No,Maybe,Maybe,No,No,HR resources are available but rarely used.
2110,2022,25,Male,United States,Yes,Yes,Yes,Often,6-25,Yes,No,Don't know,No,No,No,Yes,Somewhat easy,No,No,Some of them,No,No,Yes,Don't know,Yes,Open conversations help reduce stigma.
2111,2022,32,Non-binary,United States,No,Yes,Yes,Often,100-500,Yes,Yes,Don't know,Yes,Yes,Don't know,Yes,Somewhat easy,Yes,No,Yes,No,Maybe,Yes,Don't know,Yes,
2112,2020,36,Female,United States,No,No,Yes,Often,6-25,Yes,Yes,No,Yes,Don't know,No,No,Somewhat difficult,No,Maybe,Some of them,No,No,No,Don't know,No,
2113,2021,24,Male,Ireland,No,Yes,Yes,Sometimes,26-100,Yes,Yes,Yes,No,No,No,No,Very easy,No,No,No,Some of them,No,Maybe,No,No,
2114,2022,27,Male,United Kingdom,Yes,Yes,Yes,Sometimes,100-500,Yes,No,Yes,No,No,Yes,Yes,Somewhat easy,Yes,Yes,Yes,Yes,No,No,Don't know,No,
2115,2024,20,Male,United States,Yes,No,No,Rarely,26-100,No,Yes,No,Don't know,Don't know,Don't know,No,Somewhat difficult,No,No,Some of them,Some of them,Maybe,No,No,No,Management needs training on mental health.
2116,2023,29,Female,India,No,Yes,Yes,Sometimes,26-100,No,Yes,Yes,Don't know,Yes,No,Don't know,Don't know,Maybe,No,Yes,No,No,No,No,No,
2117,2023,51,Male,United States,No,No,No,Never,500-1000,No,No,Yes,Don't know,Yes,Yes,Don't know,Don't know,No,No,Yes,No,Yes,No,Don't know,No,
2118,2023,33,Female,United States,No,No,Yes,Sometimes,6-25,No,Yes,Don't know,No,No,Yes,No,Very easy,Maybe,No,No,Yes,Maybe,No,No,No,We have EAP but nobody talks about it.
2119,2023,20,Male,United States,No,No,No,Never,26-100,Yes,No,No,Don't know,No,Yes,Don't know,Don't know,No,No,No,No,Yes,Maybe,Yes,No,HR resources are available but rarely used.
2120,2021,48,Female,United States,No,No,No,Rarely,500-1000,No,Yes,No,Yes,Yes,Yes,Yes,Somewhat easy,Maybe,No,No,Some of them,No,Yes,No,No,Leadership support makes all the difference.
2121,2021,29,Male,United States,No,Yes,Yes,Often,6-25,Yes,Yes,Yes,Don't know,No,Don't know,Yes,Very difficult,No,No,No,Some of them,Yes,Maybe,Don't know,Yes,Glad to see more companies taking this seriously.
2122,2021,35,Male,United States,No,No,No,Never,100-500,Yes,Yes,No,No,Yes,Yes,Don't know,Somewhat easy,No,No,Some of them,Some of them,Maybe,Maybe,No,No,
2123,2020,29,Male,Canada,Yes,No,Yes,Sometimes,26-100,No,Yes,Don't know,No,Don't know,No,No,Somewhat easy,No,Maybe,Yes,Some of them,No,Yes,Don't know,No,
2124,2022,19,Male,United States,Yes,No,No,Sometimes,100-500,No,Yes,Yes,Don't know,Yes,Yes,Yes,Somewhat difficult,No,No,Some of them,Some of them,No,Maybe,Don't know,Yes,Stigma is still a major issue in my workplace.
2125,2020,24,Female,United States,Yes,Yes,No,Sometimes,More than 1000,Yes,No,Yes,Yes,No,No,Don't know,Don't know,No,Maybe,Yes,Yes,No,No,Yes,No,Open conversations help reduce stigma.
2126,2021,24,Female,Germany,No,Yes,No,Never,100-500,No,Yes,Yes,No,No,Don't know,Yes,Don't know,Yes,No,Some of them,Some of them,No,Maybe,Yes,No,Anonymous reporting would increase participation.
2127,2019,24,Male,Sweden,No,No,No,Sometimes,26-100,Yes,Yes,No,No,No,Don't know,Don't know,Very difficult,No,Maybe,Yes,Yes,Maybe,Yes,Yes,No,
2128,2024,28,Male,Ireland,No,No,No,Sometimes,More than 1000,No,No,Don't know,No,No,Don't know,Don't know,Don't know,No,No,Some of them,No,No,Maybe,Yes,Yes,Burnout is rampant in my team.
2129,2022,30,Female,United States,No,No,Yes,Rarely,More than 1000,Yes,Yes,Yes,Yes,No,Don't know,Yes,Don't know,No,Yes,Some of them,No,Maybe,No,Don't know,No,Open conversations help reduce stigma.
2130,2024,31,Male,United States,No,Yes,No,Often,More than 1000,No,Yes,Yes,No,Don't know,Yes,No,Very difficult,Maybe,Maybe,Yes,Some of them,No,No,Don't know,No,
2131,2024,18,Non-binary,United States,No,Yes,No,Sometimes,26-100,No,Yes,Don't know,Don't know,No,No,No,Don't know,No,No,Yes,Yes,Maybe,No,Yes,Yes,
2132,2023,20,Male,United States,No,Yes,Yes,Sometimes,100-500,No,Yes,Yes,Yes,Yes,No,Don't know,Somewhat easy,No,No,Some of them,Some of them,No,No,No,No,
2133,2024,26,Male,India,No,No,No,Never,More than 1000,No,Yes,Yes,Yes,Don't know,Yes,Yes,Don't know,No,No,No,Yes,No,No,Don't know,No,
2134,2022,21,Male,United States,No,Yes,Yes,Rarely,6-25,Yes,Yes,Don't know,No,No,Yes,Don't know,Very difficult,No,No,No,Some of them,Yes,No,Don't know,No,
2135,2021,18,Male,United States,Yes,Yes,Yes,Rarely,100-500,Yes,Yes,Don't know,No,Don't know,No,Don't know,Don't know,Maybe,No,No,No,No,No,Yes,No,
2136,2023,34,Male,United States,No,No,No,Often,100-500,No,No,Yes,Don't know,Yes,No,No,Somewhat easy,Yes,No,Yes,Yes,Maybe,No,Don't know,No,Leadership support makes all the difference.
2137,2022,30,Male,Germany,No,No,Yes,Often,1-5,No,Yes,No,Yes,No,No,Don't know,Somewhat easy,Yes,No,Some of them,No,No,No,Yes,No,Open conversations help reduce stigma.
2138,2023,18,Female,United States,No,No,No,Rarely,100-500,Yes,Yes,Yes,Don't know,Yes,No,Don't know,Don't know,No,Maybe,Yes,Some of them,No,No,Yes,Yes,
2139,2019,22,Male,United States,No,Yes,No,Sometimes,100-500,No,Yes,No,No,No,Yes,Yes,Very easy,No,No,Some of them,Yes,No,Yes,No,No,
2140,2024,43,Non-binary,Australia,No,Yes,No,Often,500-1000,No,Yes,Yes,Yes,Yes,Don't know,Yes,Somewhat easy,Maybe,No,No,Some of them,Maybe,Maybe,Don't know,No,Leadership support makes all the difference.
2141,2023,26,Female,United States,No,No,Yes,Rarely,26-100,Yes,No,No,Yes,Don't know,Yes,Yes,Somewhat easy,No,No,No,Some of them,Maybe,Maybe,No,No,
2142,2024,38,Non-binary,Australia,No,No,No,Never,1-5,No,Yes,Yes,Don't know,No,No,No,Somewhat difficult,Maybe,No,Some of them,No,No,Maybe,Don't know,No,Glad to see more companies taking this seriously.
2143,2023,31,Male,United States,No,Yes,Yes,Sometimes,More than 1000,Yes,No,No,Yes,Yes,Don't know,No,Don't know,No,No,Yes,No,No,No,Don't know,Yes,More anonymous support options would help.
2144,2024,21,Male,Sweden,No,Yes,No,Rarely,100-500,Yes,Yes,Yes,Don't know,No,Don't know,Don't know,Don't know,Yes,No,No,Some of them,Yes,No,Don't know,No,Anonymous reporting would increase participation.
2145,2024,31,Female,United States,No,No,No,Never,More than 1000,Yes,No,No,Yes,Yes,Yes,Don't know,Somewhat difficult,Maybe,Maybe,Some of them,Some of them,Maybe,No,Don't know,No,Better awareness programs needed.
2146,2021,28,Male,Other,No,No,Yes,Rarely,26-100,Yes,Yes,No,Yes,Don't know,No,No,Very easy,Yes,No,No,Yes,Yes,No,Don't know,No,
2147,2022,18,Male,United States,No,No,Yes,Sometimes,More than 1000,Yes,No,Yes,Yes,Yes,Yes,Yes,Don't know,Maybe,Yes,No,Some of them,No,Yes,Don't know,No,
2148,2019,34,Male,Ireland,Yes,Yes,No,Rarely,500-1000,Yes,No,Yes,Yes,Yes,Don't know,Don't know,Somewhat easy,Maybe,No,Some of them,No,Maybe,No,Don't know,No,Stigma is still a major issue in my workplace.
2149,2019,25,Female,United States,Yes,No,No,Rarely,26-100,Yes,Yes,Yes,Yes,Yes,No,No,Somewhat easy,Maybe,No,No,Some of them,No,No,No,No,Remote work has been a double-edged sword.
2150,2022,37,Male,United Kingdom,No,No,No,Often,1-5,Yes,Yes,Don't know,No,No,Yes,No,Somewhat difficult,Yes,No,No,Yes,Maybe,Maybe,Don't know,Yes,We have EAP but nobody talks about it.
2151,2023,24,Male,United Kingdom,No,No,No,Often,More than 1000,Yes,Yes,Don't know,Yes,Yes,Don't know,Don't know,Somewhat difficult,No,Maybe,No,No,Maybe,No,Don't know,No,
2152,2022,45,Male,Canada,No,No,Yes,Sometimes,100-500,No,Yes,Yes,Don't know,Yes,Don't know,Yes,Don't know,Yes,No,Some of them,Yes,Maybe,Yes,Don't know,No,
2153,2022,21,Male,United Kingdom,No,No,Yes,Sometimes,100-500,Yes,Yes,No,Don't know,Yes,Yes,Yes,Somewhat difficult,Yes,No,Yes,Yes,No,No,No,No,Remote work has been a double-edged sword.
2154,2023,26,Male,United States,No,No,Yes,Sometimes,100-500,Yes,Yes,Yes,No,No,Yes,Don't know,Don't know,Yes,No,No,Some of them,Maybe,No,Yes,No,Leadership support makes all the difference.
2155,2024,31,Male,Sweden,No,No,No,Sometimes,6-25,Yes,No,No,No,No,No,No,Somewhat difficult,No,No,Some of them,Yes,Maybe,Maybe,Yes,No,
2156,2020,27,Male,France,No,No,No,Never,More than 1000,Yes,Yes,Yes,Yes,No,No,Yes,Somewhat easy,No,No,Some of them,No,No,Yes,Don't know,No,More anonymous support options would help.
2157,2021,34,Non-binary,Canada,Yes,Yes,Yes,Often,More than 1000,No,Yes,Don't know,No,No,Yes,No,Somewhat easy,No,No,Yes,Yes,No,No,No,No,
2158,2024,39,Male,Netherlands,No,No,No,Never,100-500,No,Yes,No,Yes,Yes,Yes,Yes,Don't know,Maybe,Maybe,No,Some of them,Maybe,Maybe,Don't know,Yes,
2159,2024,29,Male,United States,No,Yes,Yes,Often,500-1000,Yes,No,Yes,No,No,Yes,Yes,Don't know,Yes,No,Yes,No,Maybe,No,No,Yes,We have EAP but nobody talks about it.
2160,2024,32,Male,United States,No,No,Yes,Rarely,26-100,No,No,Yes,No,No,No,No,Don't know,No,No,Some of them,No,No,Yes,Don't know,No,We have EAP but nobody talks about it.
2161,2023,47,Male,United Kingdom,No,No,No,Sometimes,100-500,Yes,Yes,Yes,Yes,Yes,No,Yes,Don't know,No,No,No,No,No,Maybe,Don't know,No,Burnout is rampant in my team.
2162,2021,25,Female,Ireland,No,No,Yes,Often,100-500,No,Yes,Yes,Yes,No,Yes,Don't know,Somewhat easy,No,No,No,No,No,No,Yes,No,Management needs training on mental health.
2163,2024,21,Male,Brazil,No,No,No,Often,6-25,No,Yes,Yes,Yes,Don't know,Don't know,No,Somewhat easy,No,No,Yes,Some of them,Maybe,Maybe,No,No,
2164,2021,22,Male,Australia,No,No,No,Never,26-100,Yes,No,Don't know,Don't know,Yes,Yes,Don't know,Somewhat difficult,No,No,No,No,Maybe,Yes,No,No,
2165,2020,25,Male,United States,Yes,No,Yes,Sometimes,26-100,Yes,Yes,Don't know,Don't know,Yes,Yes,No,Don't know,No,No,Yes,Some of them,Yes,Yes,Yes,No,Remote work has been a double-edged sword.
2166,2022,35,Female,United States,No,No,Yes,Sometimes,1-5,Yes,No,Don't know,Don't know,No,Don't know,Yes,Somewhat easy,No,Maybe,No,Yes,No,Yes,Yes,Yes,
2167,2022,31,Male,United States,No,No,No,Rarely,26-100,Yes,Yes,Don't know,Yes,Yes,Don't know,No,Don't know,Maybe,No,Yes,Some of them,Yes,No,Yes,No,
2168,2022,21,Male,United Kingdom,No,No,Yes,Often,More than 1000,No,No,Yes,Don't know,Yes,Yes,Don't know,Don't know,Yes,No,Yes,No,No,Maybe,Yes,No,Burnout is rampant in my team.
2169,2020,35,Male,United States,No,No,No,Sometimes,1-5,No,Yes,Yes,No,Don't know,No,No,Somewhat easy,No,Maybe,No,No,No,Maybe,No,No,Burnout is rampant in my team.
2170,2021,40,Male,United States,No,No,Yes,Often,More than 1000,No,Yes,Yes,Yes,No,Yes,Yes,Very easy,Maybe,No,Some of them,No,Maybe,No,No,No,
2171,2024,35,Female,Other,No,No,Yes,Sometimes,More than 1000,No,No,Yes,Yes,No,Don't know,Yes,Somewhat difficult,No,Maybe,No,No,Maybe,Maybe,Don't know,No,
2172,2024,36,Male,United States,No,Yes,No,Sometimes,More than 1000,Yes,No,Yes,Yes,Yes,Yes,Don't know,Very easy,Yes,Maybe,Yes,No,No,No,Yes,No,Glad to see more companies taking this seriously.
2173,2021,25,Female,United States,No,Yes,No,Sometimes,1-5,No,No,Don't know,No,No,Yes,No,Don't know,No,Yes,Some of them,Some of them,No,No,Don't know,Yes,Anonymous reporting would increase participation.
2174,2020,30,Male,Other,No,No,No,Rarely,100-500,Yes,Yes,No,Don't know,Yes,Don't know,No,Very easy,No,Maybe,No,No,No,No,Don't know,No,
2175,2020,33,Male,United Kingdom,No,No,Yes,Never,6-25,Yes,Yes,Don't know,No,Don't know,Don't know,No,Somewhat easy,Yes,No,Yes,Some of them,Maybe,Yes,Don't know,No,
2176,2019,28,Male,Germany,Yes,No,Yes,Never,500-1000,Yes,Yes,Yes,No,Yes,Yes,Don't know,Somewhat difficult,Yes,No,No,No,No,No,Don't know,No,Burnout is rampant in my team.
2177,2021,18,Female,United Kingdom,No,No,No,Rarely,100-500,Yes,No,No,Yes,No,Don't know,Don't know,Somewhat difficult,No,No,No,Yes,Maybe,No,Don't know,No,We have EAP but nobody talks about it.
2178,2024,41,Female,Brazil,No,No,Yes,Sometimes,100-500,No,Yes,Yes,Yes,Yes,Yes,Don't know,Somewhat easy,Maybe,No,Some of them,No,No,No,Don't know,Yes,
2179,2020,24,Female,India,No,No,No,Sometimes,6-25,Yes,No,No,No,No,No,Don't know,Somewhat difficult,No,No,No,Some of them,Maybe,No,Yes,No,
2180,2024,35,Non-binary,United States,No,No,No,Rarely,1-5,No,Yes,No,No,Don't know,No,No,Very difficult,Yes,No,No,Yes,No,No,Yes,No,Anonymous reporting would increase participation.
2181,2022,18,Female,Canada,Yes,No,No,Never,26-100,Yes,Yes,No,Don't know,No,No,Don't know,Somewhat difficult,Maybe,No,Yes,No,No,No,Don't know,Yes,Stigma is still a major issue in my workplace.
2182,2023,36,Male,United States,No,No,No,Often,100-500,Yes,Yes,Don't know,Don't know,Don't know,Don't know,Yes,Somewhat difficult,No,No,Yes,No,No,Yes,No,No,Burnout is rampant in my team.
2183,2024,24,Male,Canada,No,No,Yes,Sometimes,More than 1000,Yes,Yes,Yes,No,No,Yes,Yes,Somewhat difficult,No,Yes,Yes,No,No,Maybe,Yes,No,Glad to see more companies taking this seriously.
2184,2020,25,Non-binary,United States,No,No,No,Sometimes,More than 1000,Yes,Yes,Yes,Don't know,Don't know,Yes,Don't know,Somewhat difficult,Maybe,Maybe,Some of them,Some of them,No,Maybe,Yes,No,
2185,2023,27,Female,Ireland,No,No,Yes,Sometimes,1-5,Yes,Yes,Yes,No,No,Yes,No,Somewhat easy,Maybe,No,Yes,No,No,No,Yes,No,
2186,2024,38,Female,United States,No,Yes,No,Rarely,6-25,No,Yes,Yes,No,Don't know,Yes,Don't know,Don't know,No,Yes,Some of them,Yes,No,No,Yes,No,
2187,2022,18,Other / Prefer not to say,United States,No,No,No,Often,26-100,Yes,Yes,No,Yes,Don't know,Yes,Don't know,Don't know,Yes,Yes,Some of them,No,No,No,Yes,No,HR resources are available but rarely used.
2188,2023,20,Female,Canada,No,No,No,Rarely,More than 1000,Yes,No,Yes,Yes,Don't know,No,Yes,Somewhat difficult,No,Yes,No,Yes,No,No,No,No,
2189,2019,38,Male,Brazil,No,No,No,Sometimes,100-500,Yes,No,Yes,Yes,Don't know,Yes,Yes,Don't know,Yes,Maybe,Some of them,No,Maybe,No,Don't know,No,Remote work has been a double-edged sword.
2190,2023,20,Non-binary,United States,No,Yes,No,Sometimes,More than 1000,Yes,Yes,No,Yes,Yes,Yes,Yes,Somewhat easy,No,No,No,No,No,No,Don't know,No,Glad to see more companies taking this seriously.
2191,2023,31,Male,United States,No,Yes,No,Often,1-5,No,Yes,No,No,Don't know,No,Yes,Somewhat easy,No,Maybe,No,Yes,No,No,No,No,
2192,2022,42,Non-binary,Germany,No,No,Yes,Rarely,More than 1000,No,Yes,Don't know,Yes,Yes,Don't know,Don't know,Somewhat easy,No,No,Yes,No,No,Maybe,No,No,HR resources are available but rarely used.
2193,2022,35,Male,Canada,No,No,Yes,Often,500-1000,Yes,Yes,No,Yes,Don't know,Yes,Don't know,Don't know,Yes,Maybe,Some of them,Some of them,No,Maybe,No,No,
2194,2022,39,Female,Other,Yes,No,No,Never,100-500,No,No,No,Don't know,Yes,Don't know,Don't know,Somewhat easy,Yes,No,Some of them,No,Maybe,No,Don't know,No,Glad to see more companies taking this seriously.
2195,2019,32,Female,United States,No,No,No,Rarely,100-500,No,No,Yes,No,Yes,No,No,Somewhat difficult,No,No,No,Some of them,No,Yes,Don't know,Yes,
2196,2022,42,Female,United States,No,No,No,Sometimes,100-500,Yes,Yes,No,Yes,Yes,Yes,Yes,Don't know,No,No,No,Yes,No,No,Yes,No,
2197,2023,19,Female,India,No,Yes,Yes,Often,100-500,No,Yes,Yes,Don't know,Yes,Yes,No,Somewhat difficult,Maybe,Maybe,No,No,No,No,Don't know,No,Management needs training on mental health.
2198,2022,38,Male,United States,No,No,No,Rarely,26-100,Yes,Yes,No,No,No,Yes,Don't know,Don't know,No,No,No,Some of them,Maybe,Yes,Yes,No,Remote work has been a double-edged sword.
2199,2023,20,Non-binary,United States,No,No,No,Rarely,100-500,No,No,Yes,Don't know,Yes,Don't know,Yes,Somewhat difficult,Yes,No,No,Yes,No,No,No,No,Remote work has been a double-edged sword.
2200,2022,41,Male,Ireland,No,No,No,Never,26-100,No,No,Don't know,Don't know,No,Don't know,Don't know,Somewhat easy,Yes,No,Yes,No,No,No,Yes,No,Open conversations help reduce stigma.
2201,2023,42,Male,United States,Yes,No,Yes,Often,6-25,No,Yes,Don't know,Don't know,No,No,Don't know,Somewhat easy,No,Maybe,No,Yes,No,No,No,No,Leadership support makes all the difference.
2202,2023,22,Male,Australia,No,No,Yes,Often,More than 1000,Yes,Yes,Yes,Yes,Yes,Yes,Yes,Don't know,Yes,No,Yes,Yes,No,No,Don't know,No,Anonymous reporting would increase participation.
2203,2019,18,Male,Other,No,No,No,Sometimes,1-5,No,Yes,Don't know,Yes,No,No,Don't know,Very difficult,No,No,Some of them,No,No,Yes,No,No,
2204,2023,35,Female,United Kingdom,No,Yes,No,Sometimes,More than 1000,Yes,Yes,Yes,Yes,Yes,Don't know,Yes,Somewhat easy,No,Yes,Yes,Yes,No,Maybe,Don't know,No,HR resources are available but rarely used.
2205,2023,25,Female,United Kingdom,No,Yes,Yes,Sometimes,100-500,Yes,Yes,No,Yes,Don't know,Yes,Yes,Don't know,No,Yes,Yes,Some of them,Maybe,Yes,No,No,HR resources are available but rarely used.
2206,2021,19,Male,United Kingdom,No,Yes,Yes,Never,26-100,No,Yes,Yes,No,Don't know,Don't know,Don't know,Very difficult,Yes,No,Yes,Some of them,Maybe,No,No,No,
2207,2021,29,Other / Prefer not to say,United States,No,Yes,No,Never,6-25,No,Yes,Don't know,Don't know,No,No,Don't know,Somewhat easy,Maybe,No,Yes,No,No,No,Don't know,No,Burnout is rampant in my team.
2208,2024,31,Female,Australia,No,No,No,Rarely,26-100,No,No,No,No,Don't know,Don't know,Yes,Somewhat difficult,Maybe,Maybe,No,No,No,Yes,Yes,No,Stigma is still a major issue in my workplace.
2209,2020,37,Male,United States,No,No,Yes,Often,26-100,Yes,Yes,Don't know,No,No,No,Don't know,Somewhat easy,Maybe,No,Some of them,Some of them,No,Maybe,Don't know,No,Glad to see more companies taking this seriously.
2210,2024,37,Female,India,Yes,No,No,Never,More than 1000,Yes,No,Yes,No,Yes,Yes,Yes,Somewhat difficult,Maybe,No,No,Some of them,No,No,No,No,
2211,2024,24,Other / Prefer not to say,United States,No,Yes,No,Never,26-100,Yes,Yes,No,No,No,No,Don't know,Somewhat difficult,Maybe,Maybe,No,Yes,No,No,No,No,
2212,2024,27,Male,India,No,Yes,Yes,Sometimes,100-500,No,Yes,Don't know,Yes,Yes,Don't know,Don't know,Somewhat easy,Yes,No,Some of them,No,Maybe,No,No,No,
2213,2023,40,Male,United States,No,No,Yes,Rarely,100-500,Yes,No,No,No,Don't know,No,Don't know,Don't know,Maybe,No,Some of them,Yes,No,No,Yes,Yes,
2214,2019,29,Male,United States,No,No,Yes,Often,More than 1000,No,No,Yes,Yes,Don't know,Yes,Don't know,Somewhat easy,Maybe,No,Yes,Yes,No,No,No,No,Better awareness programs needed.
2215,2020,19,Male,United States,No,Yes,Yes,Sometimes,100-500,No,Yes,Don't know,Don't know,Yes,Yes,Yes,Somewhat easy,No,No,Yes,Yes,No,Yes,Yes,No,
2216,2023,26,Male,United States,No,No,No,Never,100-500,No,Yes,Don't know,Yes,No,No,No,Somewhat difficult,Maybe,Yes,No,No,Maybe,Maybe,Yes,No,
2217,2021,47,Male,Australia,No,No,No,Never,More than 1000,Yes,Yes,Don't know,Yes,No,No,Yes,Very easy,Yes,Maybe,No,Yes,No,Yes,Yes,No,Glad to see more companies taking this seriously.
2218,2022,37,Male,United Kingdom,No,No,Yes,Sometimes,100-500,No,Yes,Yes,No,Yes,Yes,Yes,Somewhat easy,Yes,Yes,No,No,No,Maybe,No,Yes,Better awareness programs needed.
2219,2024,18,Male,Canada,Yes,No,Yes,Rarely,500-1000,No,Yes,Yes,No,No,Yes,Don't know,Somewhat difficult,No,No,Some of them,No,No,No,Yes,No,
2220,2024,28,Male,United Kingdom,No,No,No,Sometimes,100-500,No,Yes,Yes,Don't know,Yes,No,No,Somewhat easy,Maybe,No,Some of them,No,Maybe,No,No,No,
2221,2024,29,Male,United States,No,Yes,Yes,Sometimes,26-100,Yes,Yes,No,No,Yes,No,No,Don't know,No,Maybe,No,No,No,No,No,No,Management needs training on mental health.
2222,2023,42,Female,United States,No,Yes,No,Rarely,6-25,No,No,No,Don't know,No,Don't know,Don't know,Very easy,Yes,No,Yes,No,Maybe,No,No,No,HR resources are available but rarely used.
2223,2023,31,Female,United States,No,No,Yes,Rarely,500-1000,No,Yes,Yes,Yes,Don't know,Don't know,No,Don't know,Maybe,No,No,No,No,Yes,Yes,No,More anonymous support options would help.
2224,2021,45,Male,Netherlands,No,No,No,Sometimes,100-500,No,No,Yes,Yes,No,Yes,Yes,Somewhat difficult,No,No,No,Some of them,No,Maybe,No,Yes,Better awareness programs needed.
2225,2023,21,Male,Germany,Yes,No,No,Never,500-1000,Yes,No,Yes,Don't know,No,Yes,Yes,Somewhat easy,Maybe,No,No,Yes,No,Yes,Don't know,Yes,Open conversations help reduce stigma.
2226,2023,28,Female,United Kingdom,No,No,No,Never,100-500,Yes,Yes,No,Yes,Yes,No,Yes,Don't know,No,No,Yes,Yes,No,Yes,Don't know,Yes,Stigma is still a major issue in my workplace.
2227,2024,20,Female,United States,No,No,No,Rarely,100-500,No,Yes,Yes,Yes,Yes,Yes,Yes,Don't know,Yes,Yes,No,Some of them,No,No,No,Yes,
2228,2023,30,Male,United Kingdom,No,Yes,Yes,Rarely,6-25,Yes,Yes,No,Yes,No,No,No,Somewhat difficult,No,Maybe,Some of them,Some of them,Maybe,No,Don't know,No,Burnout is rampant in my team.
2229,2021,35,Male,Netherlands,No,No,No,Rarely,26-100,Yes,No,No,Yes,Don't know,Don't know,Don't know,Somewhat difficult,Yes,No,No,No,No,No,Don't know,No,
2230,2020,24,Male,United States,No,Yes,No,Sometimes,26-100,Yes,Yes,Yes,Don't know,Yes,No,Don't know,Don't know,No,No,Yes,No,Yes,Maybe,No,Yes,
2231,2022,24,Female,United States,No,No,Yes,Sometimes,26-100,Yes,Yes,No,No,No,No,Yes,Very easy,Yes,No,Some of them,No,Maybe,No,No,No,
2232,2023,46,Male,Canada,No,Yes,Yes,Sometimes,100-500,Yes,Yes,No,No,Don't know,Don't know,Yes,Very easy,Yes,No,Yes,No,Yes,No,Yes,No,Remote work has been a double-edged sword.
2233,2022,25,Female,United States,No,Yes,Yes,Often,6-25,Yes,No,Don't know,No,No,Yes,Yes,Somewhat difficult,No,No,No,Yes,No,Maybe,No,No,
2234,2021,40,Male,Other,No,Yes,No,Never,26-100,No,No,No,No,Yes,No,Don't know,Don't know,Maybe,No,Yes,No,No,Yes,Yes,No,Leadership support makes all the difference.
2235,2023,32,Male,United States,No,Yes,No,Rarely,6-25,Yes,No,Don't know,Don't know,No,No,No,Very difficult,Yes,No,Yes,No,No,No,Yes,No,Leadership support makes all the difference.
2236,2024,25,Non-binary,Australia,No,No,No,Sometimes,26-100,No,Yes,Yes,No,No,No,No,Very difficult,Yes,No,No,Some of them,Maybe,No,Yes,No,HR resources are available but rarely used.
2237,2021,22,Male,Other,No,Yes,No,Never,100-500,Yes,Yes,Don't know,Don't know,Don't know,No,No,Somewhat difficult,Yes,Maybe,No,Some of them,Maybe,Yes,Yes,No,We have EAP but nobody talks about it.
2238,2021,37,Male,United States,No,No,Yes,Sometimes,26-100,Yes,No,Yes,Don't know,No,Don't know,Yes,Somewhat difficult,Yes,No,No,Some of them,No,Yes,Don't know,No,
2239,2021,26,Male,United States,No,No,No,Rarely,26-100,No,Yes,No,No,Don't know,Don't know,Yes,Somewhat difficult,Maybe,No,Some of them,No,Maybe,No,Yes,No,
2240,2023,23,Male,United Kingdom,No,No,No,Never,500-1000,No,Yes,No,No,No,Yes,Yes,Somewhat difficult,Maybe,No,Some of them,Some of them,No,No,Yes,No,
2241,2022,31,Male,Australia,No,Yes,No,Sometimes,1-5,Yes,Yes,Yes,No,Don't know,Don't know,Don't know,Somewhat easy,Yes,Maybe,Yes,No,No,No,No,No,
2242,2024,37,Female,France,No,No,Yes,Sometimes,6-25,Yes,No,Don't know,Yes,No,No,No,Somewhat easy,Maybe,Maybe,No,Yes,No,No,Don't know,No,Stigma is still a major issue in my workplace.
2243,2019,28,Female,United States,Yes,No,No,Never,26-100,No,Yes,No,No,Don't know,Yes,No,Somewhat difficult,Yes,Maybe,No,Yes,Maybe,No,Don't know,No,
2244,2024,42,Male,Brazil,No,No,No,Never,26-100,Yes,No,Don't know,Don't know,Yes,Yes,Don't know,Somewhat easy,No,No,No,Some of them,Maybe,No,Don't know,Yes,Leadership support makes all the difference.
2245,2021,26,Male,Sweden,No,No,No,Never,More than 1000,Yes,Yes,Yes,Don't know,Yes,Yes,Don't know,Don't know,No,Yes,No,No,No,No,Don't know,No,Better awareness programs needed.
2246,2024,38,Male,Germany,No,No,No,Never,100-500,No,No,Yes,Yes,Don't know,Don't know,No,Don't know,No,No,Some of them,No,Yes,Maybe,Don't know,No,
2247,2019,40,Female,United States,No,Yes,Yes,Rarely,1-5,Yes,Yes,Yes,No,No,Don't know,Don't know,Very difficult,Yes,No,Yes,No,No,No,Yes,No,We have EAP but nobody talks about it.
2248,2019,31,Male,United Kingdom,No,No,No,Sometimes,More than 1000,Yes,No,Yes,Don't know,No,Yes,Yes,Somewhat difficult,Yes,No,Yes,No,No,Maybe,Don't know,No,Management needs training on mental health.
2249,2024,18,Male,Australia,No,No,No,Rarely,100-500,Yes,Yes,No,Yes,No,Yes,Yes,Don't know,No,Yes,No,No,Yes,Maybe,Yes,No,Management needs training on mental health.
2250,2023,47,Male,United States,No,No,No,Sometimes,500-1000,No,No,No,Yes,Yes,No,Yes,Very difficult,No,No,No,Some of them,No,Maybe,No,Yes,Open conversations help reduce stigma.
2251,2024,18,Female,United Kingdom,Yes,No,Yes,Rarely,500-1000,Yes,Yes,Yes,Yes,Yes,Yes,Don't know,Somewhat easy,Yes,No,No,No,No,No,No,No,We have EAP but nobody talks about it.
2252,2024,40,Female,United States,No,No,Yes,Rarely,500-1000,No,Yes,Yes,Yes,No,Don't know,Yes,Don't know,Yes,Maybe,Some of them,No,Maybe,No,Don't know,No,Anonymous reporting would increase participation.
2253,2022,24,Male,United Kingdom,Yes,No,No,Never,100-500,Yes,Yes,Don't know,Don't know,Yes,No,Don't know,Somewhat easy,No,No,No,Some of them,Maybe,No,Yes,No,
2254,2023,37,Female,France,No,No,No,Rarely,More than 1000,Yes,No,Don't know,Don't know,Don't know,Yes,Don't know,Don't know,Yes,No,No,Yes,Maybe,Yes,Don't know,No,
2255,2020,23,Male,United States,No,No,No,Often,500-1000,No,No,No,Yes,Yes,Don't know,Yes,Somewhat easy,No,Maybe,No,No,No,Maybe,Yes,No,Burnout is rampant in my team.
2256,2020,35,Male,United States,Yes,No,No,Never,6-25,No,Yes,No,No,No,Don't know,Yes,Somewhat easy,No,No,Some of them,Some of them,No,Maybe,Don't know,No,
2257,2020,29,Female,United States,No,No,No,Never,More than 1000,Yes,No,Yes,No,Yes,Yes,No,Don't know,Yes,No,Yes,No,No,Maybe,Don't know,No,Open conversations help reduce stigma.
2258,2019,32,Female,United States,No,Yes,Yes,Sometimes,100-500,Yes,Yes,Yes,Don't know,Don't know,Yes,No,Somewhat difficult,No,No,No,Yes,Maybe,No,No,No,Glad to see more companies taking this seriously.
2259,2021,37,Female,Ireland,No,Yes,Yes,Rarely,500-1000,Yes,Yes,No,Yes,Yes,Yes,Don't know,Somewhat difficult,No,Yes,Some of them,Yes,No,Maybe,Yes,No,
2260,2023,30,Male,United States,No,No,Yes,Often,6-25,No,Yes,No,No,No,Yes,Don't know,Very easy,Maybe,No,No,Some of them,No,No,Yes,Yes,We have EAP but nobody talks about it.
2261,2021,33,Male,Other,No,No,No,Never,More than 1000,No,Yes,Don't know,Don't know,No,Yes,Yes,Don't know,No,No,Some of them,Yes,No,Maybe,Yes,No,We have EAP but nobody talks about it.
2262,2021,38,Male,United States,No,No,No,Rarely,6-25,Yes,Yes,Yes,No,No,Yes,Don't know,Don't know,Yes,Maybe,Yes,Yes,Maybe,Yes,Don't know,Yes,Glad to see more companies taking this seriously.
2263,2024,28,Male,United States,No,No,No,Never,100-500,No,Yes,Yes,Yes,Yes,Don't know,Yes,Don't know,Yes,No,No,Yes,No,No,Yes,No,Remote work has been a double-edged sword.
2264,2023,37,Female,United States,No,No,No,Rarely,More than 1000,No,No,Yes,Yes,Don't know,Don't know,Don't know,Very easy,No,No,No,Some of them,No,No,Yes,No,Burnout is rampant in my team.
2265,2021,23,Male,United States,No,No,Yes,Sometimes,100-500,No,No,No,No,Yes,Yes,Don't know,Very easy,Maybe,No,Yes,No,Yes,Yes,Yes,Yes,Remote work has been a double-edged sword.
2266,2022,25,Female,United States,No,Yes,No,Sometimes,100-500,Yes,No,Yes,Yes,Yes,No,No,Don't know,Yes,No,Some of them,No,Maybe,Maybe,Don't know,No,We have EAP but nobody talks about it.
2267,2021,32,Male,United States,No,No,No,Never,6-25,No,Yes,No,Don't know,Don't know,Yes,No,Don't know,No,No,No,Some of them,Maybe,No,Don't know,No,
2268,2020,39,Male,Australia,No,No,Yes,Rarely,1-5,No,Yes,No,Don't know,Don't know,No,Don't know,Somewhat easy,No,No,No,Yes,Maybe,No,Yes,No,
2269,2022,19,Female,United States,No,No,Yes,Often,More than 1000,Yes,No,Yes,Don't know,Yes,Don't know,Don't know,Somewhat easy,No,Maybe,No,Yes,Yes,Yes,Yes,No,
2270,2021,36,Male,United States,No,Yes,No,Rarely,More than 1000,Yes,Yes,Don't know,Yes,No,Don't know,Don't know,Somewhat difficult,Maybe,No,Yes,No,Yes,Maybe,No,No,Open conversations help reduce stigma.
2271,2024,27,Male,Australia,Yes,No,Yes,Sometimes,More than 1000,Yes,Yes,Don't know,Yes,Yes,Yes,Yes,Somewhat difficult,Yes,No,No,No,No,No,Yes,No,
2272,2023,26,Female,United States,No,No,No,Often,500-1000,Yes,Yes,Yes,Don't know,Don't know,Yes,Don't know,Don't know,Maybe,No,Some of them,No,No,No,Yes,No,Glad to see more companies taking this seriously.
2273,2020,18,Male,United States,Yes,No,Yes,Never,100-500,No,Yes,Yes,Yes,Yes,No,Yes,Somewhat easy,No,No,No,No,Maybe,Maybe,Don't know,No,
2274,2022,24,Non-binary,Canada,No,No,Yes,Sometimes,100-500,No,Yes,Yes,No,Yes,Don't know,Don't know,Very easy,Maybe,No,Yes,No,Yes,No,Yes,No,Burnout is rampant in my team.
2275,2022,24,Non-binary,United Kingdom,No,Yes,Yes,Sometimes,More than 1000,Yes,Yes,No,No,No,Yes,No,Somewhat difficult,Yes,Maybe,Yes,No,Yes,No,No,No,
2276,2020,33,Male,Other,No,Yes,Yes,Sometimes,100-500,Yes,Yes,Yes,Yes,Yes,Yes,Don't know,Somewhat easy,No,Yes,No,No,Yes,No,Yes,No,Stigma is still a major issue in my workplace.
2277,2024,32,Male,Canada,No,No,No,Sometimes,6-25,No,No,No,No,No,Yes,Don't know,Somewhat difficult,Maybe,No,No,No,Maybe,Yes,Don't know,No,HR resources are available but rarely used.
2278,2024,25,Male,United States,Yes,No,No,Never,More than 1000,Yes,No,No,Yes,Yes,Yes,Yes,Somewhat easy,No,No,No,No,No,No,Don't know,No,Open conversations help reduce stigma.
2279,2021,40,Male,United States,No,No,Yes,Sometimes,6-25,No,Yes,Don't know,Yes,No,No,Don't know,Somewhat difficult,No,No,No,Yes,Maybe,No,Don't know,No,Better awareness programs needed.
2280,2019,33,Male,United States,No,No,No,Rarely,6-25,No,No,Yes,No,Yes,No,No,Somewhat easy,Maybe,Yes,Some of them,No,No,Maybe,Don't know,No,Anonymous reporting would increase participation.
2281,2024,24,Male,United Kingdom,No,No,Yes,Often,100-500,No,Yes,No,Don't know,Don't know,Yes,Don't know,Don't know,No,Maybe,Some of them,No,No,No,No,Yes,HR resources are available but rarely used.
2282,2020,30,Male,United Kingdom,No,Yes,No,Rarely,500-1000,Yes,Yes,Yes,Don't know,Yes,Yes,No,Somewhat difficult,Maybe,No,Yes,No,No,No,Yes,Yes,Management needs training on mental health.
2283,2019,50,Male,United States,No,Yes,No,Rarely,More than 1000,Yes,No,Yes,Yes,Yes,No,No,Don't know,Maybe,No,Some of them,Yes,No,No,Don't know,Yes,
2284,2022,24,Male,Australia,No,No,Yes,Rarely,26-100,Yes,Yes,Yes,Yes,No,Yes,Don't know,Somewhat easy,Yes,No,Some of them,No,Maybe,No,Don't know,Yes,
2285,2020,23,Female,United States,No,No,No,Rarely,6-25,No,Yes,No,No,No,Don't know,Yes,Somewhat easy,No,No,No,Yes,Maybe,No,Yes,No,Burnout is rampant in my team.
2286,2022,30,Male,United States,No,No,No,Never,6-25,No,Yes,Don't know,Don't know,No,No,No,Somewhat easy,No,No,Yes,No,Maybe,Maybe,Yes,No,
2287,2019,34,Non-binary,United States,No,No,No,Rarely,100-500,No,Yes,Yes,Don't know,Don't know,Yes,Yes,Somewhat difficult,Yes,Maybe,No,No,No,No,Yes,No,
2288,2024,33,Male,Other,No,No,No,Rarely,100-500,No,No,Yes,Don't know,Yes,Yes,Don't know,Somewhat easy,Maybe,No,Some of them,Some of them,Maybe,Maybe,Yes,No,
2289,2022,32,Female,Germany,No,No,Yes,Rarely,More than 1000,Yes,No,Yes,No,Yes,Yes,Yes,Don't know,No,No,No,No,Maybe,Maybe,Yes,No,
2290,2024,28,Non-binary,Other,No,Yes,No,Sometimes,100-500,No,Yes,Yes,No,No,Yes,Yes,Somewhat easy,No,No,No,Some of them,No,Maybe,No,No,Anonymous reporting would increase participation.
2291,2019,35,Male,United States,Yes,No,Yes,Often,More than 1000,Yes,Yes,No,Yes,Yes,No,No,Somewhat easy,Maybe,No,Some of them,No,No,Maybe,Yes,No,
2292,2023,26,Male,United States,No,No,Yes,Sometimes,26-100,Yes,No,Yes,Don't know,No,No,No,Somewhat difficult,Yes,No,No,Some of them,No,Yes,No,No,
2293,2023,22,Female,United States,No,Yes,Yes,Often,6-25,Yes,Yes,No,Yes,Don't know,Don't know,Don't know,Very easy,No,No,No,No,Maybe,Yes,No,No,Stigma is still a major issue in my workplace.
2294,2021,29,Male,Germany,No,Yes,Yes,Rarely,100-500,Yes,Yes,Don't know,Don't know,Yes,Yes,No,Don't know,Maybe,No,No,No,No,No,No,Yes,
2295,2024,30,Male,United States,No,No,No,Often,100-500,No,Yes,Don't know,Yes,Yes,Don't know,Don't know,Don't know,No,Maybe,Yes,No,Yes,Yes,No,No,We have EAP but nobody talks about it.
2296,2024,34,Other / Prefer not to say,Netherlands,No,Yes,Yes,Never,26-100,No,Yes,Yes,Yes,No,No,No,Somewhat easy,No,Maybe,Some of them,Some of them,Maybe,No,Don't know,No,More anonymous support options would help.
2297,2023,27,Female,United States,No,No,Yes,Sometimes,100-500,Yes,Yes,No,Yes,No,Yes,Don't know,Somewhat difficult,Maybe,No,No,No,No,Yes,No,Yes,Leadership support makes all the difference.
2298,2021,29,Male,United Kingdom,No,No,No,Never,500-1000,No,Yes,Yes,Don't know,No,Don't know,Yes,Somewhat easy,No,Maybe,No,No,No,No,No,Yes,Leadership support makes all the difference.
2299,2023,18,Male,United States,No,No,Yes,Sometimes,500-1000,Yes,Yes,Yes,Yes,Don't know,Yes,No,Don't know,No,No,Yes,Yes,Maybe,No,Don't know,Yes,HR resources are available but rarely used.
2300,2024,23,Female,Germany,No,No,No,Never,100-500,No,Yes,Don't know,Yes,Yes,Yes,No,Very easy,No,No,Yes,No,Yes,Yes,Yes,No,
2301,2023,22,Male,Sweden,No,No,Yes,Sometimes,More than 1000,No,No,Yes,Yes,Yes,No,Yes,Somewhat difficult,Maybe,No,Yes,Some of them,No,No,Don't know,No,We have EAP but nobody talks about it.
2302,2024,33,Male,United Kingdom,No,No,Yes,Never,More than 1000,Yes,Yes,Don't know,Yes,No,Don't know,Yes,Don't know,No,No,Yes,No,No,Yes,Yes,No,More anonymous support options would help.
2303,2023,43,Female,United States,No,No,Yes,Sometimes,26-100,No,Yes,Yes,No,No,Don't know,Yes,Don't know,Yes,No,No,Yes,No,Maybe,Yes,No,Better awareness programs needed.
2304,2022,23,Male,Other,No,No,No,Rarely,6-25,No,Yes,No,No,No,No,Don't know,Very easy,Maybe,No,Yes,Some of them,Maybe,Maybe,Yes,No,Anonymous reporting would increase participation.
2305,2024,43,Female,Canada,No,No,No,Rarely,1-5,Yes,Yes,Yes,No,No,Yes,No,Somewhat easy,Yes,No,Some of them,Yes,Maybe,Maybe,No,Yes,
2306,2020,30,Male,France,No,No,No,Never,26-100,No,No,Yes,No,No,No,Don't know,Very difficult,No,No,Some of them,No,No,Maybe,Don't know,No,
2307,2023,18,Male,United States,No,No,Yes,Rarely,100-500,No,Yes,Yes,Yes,Don't know,Don't know,Don't know,Don't know,No,No,No,No,No,No,Don't know,No,
2308,2019,31,Male,United States,No,Yes,No,Rarely,6-25,No,Yes,Don't know,Yes,Don't know,Yes,Yes,Somewhat difficult,Maybe,Maybe,Yes,No,Yes,Yes,Yes,No,
2309,2019,41,Male,Brazil,No,Yes,No,Never,More than 1000,Yes,Yes,Yes,Don't know,Don't know,Don't know,Don't know,Somewhat easy,Yes,No,No,Some of them,Maybe,No,Yes,No,Open conversations help reduce stigma.
2310,2020,41,Male,United Kingdom,No,No,No,Rarely,100-500,Yes,Yes,Yes,No,No,Yes,Don't know,Very easy,No,Maybe,No,No,No,No,Yes,No,Stigma is still a major issue in my workplace.
2311,2022,45,Female,United States,No,No,Yes,Sometimes,26-100,Yes,No,Yes,No,No,No,Don't know,Somewhat easy,Maybe,No,Yes,Yes,No,No,Don't know,No,
2312,2022,35,Male,Other,No,Yes,Yes,Sometimes,More than 1000,No,Yes,Yes,Yes,Yes,Don't know,Don't know,Don't know,No,Yes,No,Yes,No,Maybe,Don't know,No,Leadership support makes all the difference.
2313,2024,25,Male,United States,No,No,Yes,Rarely,26-100,No,No,No,Don't know,No,Don't know,Don't know,Somewhat easy,Maybe,No,Yes,Some of them,No,No,Yes,No,Leadership support makes all the difference.
2314,2020,34,Male,United States,No,No,Yes,Sometimes,More than 1000,Yes,Yes,Yes,Yes,Yes,No,No,Very difficult,No,No,Yes,No,No,Yes,No,No,Leadership support makes all the difference.
2315,2024,28,Female,Netherlands,No,No,Yes,Rarely,1-5,Yes,Yes,Yes,Don't know,No,No,Don't know,Don't know,No,No,No,Some of them,Yes,Yes,No,No,Burnout is rampant in my team.
2316,2021,31,Other / Prefer not to say,United States,No,No,Yes,Often,More than 1000,Yes,Yes,Yes,Yes,No,Don't know,No,Somewhat difficult,Maybe,No,Yes,No,Maybe,No,No,No,
2317,2023,36,Male,United States,No,No,No,Sometimes,More than 1000,Yes,Yes,Yes,Yes,Don't know,Yes,Yes,Very easy,No,No,No,No,No,Maybe,Yes,No,
2318,2022,26,Female,United States,Yes,Yes,No,Often,26-100,No,No,No,No,Don't know,No,Don't know,Very easy,No,No,Some of them,No,No,Maybe,Yes,No,
2319,2022,42,Male,United Kingdom,Yes,No,No,Rarely,26-100,Yes,Yes,Don't know,Don't know,Don't know,Don't know,Don't know,Somewhat difficult,Maybe,No,No,No,Maybe,No,Don't know,No,
2320,2020,24,Male,Other,No,Yes,No,Never,500-1000,Yes,Yes,Yes,Yes,Yes,Yes,Yes,Don't know,Maybe,No,No,Some of them,No,No,No,No,Burnout is rampant in my team.
2321,2023,30,Other / Prefer not to say,United States,No,No,Yes,Rarely,100-500,No,No,Yes,Yes,Yes,Yes,Don't know,Somewhat easy,Maybe,No,Yes,Yes,Maybe,No,Yes,Yes,Leadership support makes all the difference.
2322,2023,23,Male,India,No,No,Yes,Sometimes,26-100,Yes,Yes,Yes,No,Don't know,No,No,Somewhat easy,No,No,No,Yes,Maybe,Yes,Don't know,No,Management needs training on mental health.
2323,2022,35,Female,Australia,No,Yes,No,Never,6-25,Yes,Yes,Don't know,Yes,No,Yes,No,Very difficult,No,No,No,No,No,No,No,No,We have EAP but nobody talks about it.
2324,2024,21,Male,United States,No,No,Yes,Often,500-1000,Yes,Yes,Don't know,No,Yes,No,Yes,Somewhat difficult,No,Maybe,No,Yes,No,Yes,Don't know,No,
2325,2022,35,Non-binary,United States,No,Yes,Yes,Often,100-500,No,Yes,Yes,Don't know,Don't know,No,Yes,Somewhat easy,No,No,No,Yes,No,No,Yes,No,Stigma is still a major issue in my workplace.
2326,2023,22,Female,United States,No,No,Yes,Often,6-25,No,No,Don't know,Don't know,No,Don't know,No,Don't know,Yes,No,No,No,Yes,Yes,No,No,
2327,2020,27,Female,Australia,No,Yes,No,Never,100-500,No,Yes,Don't know,Yes,Don't know,Don't know,Yes,Very difficult,No,Maybe,No,Yes,Maybe,No,Don't know,No,More anonymous support options would help.
2328,2020,29,Male,Germany,No,No,Yes,Often,6-25,Yes,Yes,No,No,Don't know,No,No,Don't know,No,No,Yes,No,No,No,No,Yes,Stigma is still a major issue in my workplace.
2329,2024,34,Male,United States,No,No,Yes,Sometimes,26-100,No,Yes,No,No,Don't know,No,Yes,Don't know,No,No,Some of them,No,No,No,Don't know,No,Better awareness programs needed.
2330,2024,28,Male,Other,No,No,No,Rarely,26-100,Yes,No,No,Yes,Yes,No,No,Somewhat easy,Yes,No,Yes,No,No,Maybe,Yes,No,HR resources are available but rarely used.
2331,2020,31,Non-binary,Germany,No,No,No,Sometimes,26-100,No,Yes,Don't know,No,Yes,Don't know,No,Don't know,Maybe,No,No,No,No,No,Don't know,Yes,Anonymous reporting would increase participation.
2332,2024,29,Male,France,Yes,No,No,Never,100-500,Yes,No,Yes,Yes,No,No,No,Very difficult,No,No,No,No,Yes,No,Yes,Yes,
2333,2024,29,Male,France,No,No,No,Never,26-100,No,Yes,Yes,No,No,No,No,Somewhat difficult,Maybe,No,Yes,Yes,No,No,Don't know,No,
2334,2022,28,Female,United States,No,No,No,Never,6-25,Yes,Yes,No,Yes,No,Don't know,Don't know,Somewhat easy,No,No,Some of them,Some of them,No,Maybe,Yes,No,
2335,2021,26,Male,United States,Yes,Yes,Yes,Often,More than 1000,No,No,Don't know,Yes,No,No,Don't know,Somewhat easy,No,No,Some of them,Some of them,Yes,No,No,No,Open conversations help reduce stigma.
2336,2021,37,Male,United States,No,No,Yes,Often,More than 1000,Yes,Yes,Yes,Yes,Yes,Yes,Don't know,Very easy,No,No,Some of them,Some of them,Maybe,Yes,No,No,Stigma is still a major issue in my workplace.
2337,2020,35,Male,Canada,No,No,Yes,Sometimes,More than 1000,Yes,Yes,Yes,Yes,No,Don't know,No,Don't know,Maybe,No,Some of them,Yes,No,No,No,Yes,Better awareness programs needed.
2338,2020,39,Male,United States,No,Yes,Yes,Sometimes,6-25,Yes,Yes,Don't know,No,No,Yes,Yes,Somewhat difficult,Maybe,Maybe,No,Yes,No,No,Don't know,No,
2339,2024,31,Male,United States,Yes,Yes,No,Never,100-500,No,Yes,Don't know,Don't know,Yes,Yes,Don't know,Don't know,Maybe,No,Some of them,Some of them,Maybe,No,Yes,Yes,Remote work has been a double-edged sword.
2340,2020,27,Male,Other,No,No,No,Never,6-25,Yes,Yes,Don't know,Don't know,Don't know,No,Don't know,Very easy,Maybe,No,No,Yes,Yes,No,Yes,Yes,
2341,2022,30,Male,United States,No,No,No,Sometimes,More than 1000,Yes,Yes,No,Yes,Yes,Yes,Don't know,Don't know,No,Yes,Yes,No,No,No,Yes,No,Glad to see more companies taking this seriously.
2342,2023,30,Female,Other,No,No,Yes,Never,100-500,Yes,Yes,Yes,No,No,Yes,Don't know,Don't know,Maybe,Yes,Yes,No,No,No,Don't know,No,Open conversations help reduce stigma.
2343,2022,18,Non-binary,United States,No,No,No,Sometimes,100-500,No,Yes,Yes,Yes,Yes,Yes,Don't know,Somewhat easy,Yes,No,Some of them,No,No,Maybe,No,No,Better awareness programs needed.
2344,2022,34,Male,India,No,Yes,Yes,Often,100-500,Yes,Yes,Don't know,Yes,Don't know,No,No,Don't know,Maybe,No,No,Some of them,No,No,Don't know,Yes,HR resources are available but rarely used.
2345,2020,18,Female,India,No,No,No,Sometimes,500-1000,Yes,Yes,Yes,Yes,Yes,Don't know,Don't know,Somewhat easy,Maybe,Maybe,Yes,Some of them,Maybe,Maybe,Yes,No,Better awareness programs needed.
2346,2021,31,Male,Other,No,Yes,Yes,Sometimes,100-500,Yes,No,No,Yes,Don't know,Yes,Don't know,Don't know,No,No,Some of them,No,No,Maybe,Yes,No,
2347,2023,31,Female,United States,No,Yes,No,Rarely,26-100,No,No,No,Yes,Don't know,Yes,No,Somewhat easy,Maybe,No,Yes,No,Maybe,No,No,No,Remote work has been a double-edged sword.
2348,2021,28,Male,United States,No,Yes,Yes,Sometimes,500-1000,Yes,Yes,Don't know,Don't know,Yes,Don't know,No,Don't know,No,Yes,Yes,No,No,No,No,Yes,More anonymous support options would help.
2349,2024,39,Other / Prefer not to say,Other,Yes,Yes,Yes,Rarely,100-500,Yes,Yes,Don't know,No,Yes,No,Don't know,Somewhat difficult,No,No,Some of them,Some of them,No,Maybe,Yes,No,Leadership support makes all the difference.
2350,2021,34,Female,France,Yes,Yes,Yes,Sometimes,1-5,Yes,Yes,Yes,Don't know,Don't know,No,No,Somewhat easy,Maybe,No,No,No,No,No,No,No,Better awareness programs needed.
2351,2023,28,Male,India,Yes,No,Yes,Rarely,6-25,Yes,No,No,Don't know,Don't know,Don't know,Don't know,Somewhat difficult,Maybe,No,No,Yes,No,Maybe,No,No,Leadership support makes all the difference.
2352,2020,21,Male,Germany,No,No,No,Often,6-25,Yes,Yes,Don't know,No,Don't know,No,Don't know,Very easy,Yes,No,No,No,No,No,No,No,
2353,2022,18,Non-binary,United States,No,Yes,Yes,Sometimes,26-100,No,Yes,No,No,Don't know,Don't know,Yes,Very easy,Yes,No,Yes,Some of them,No,No,No,No,Anonymous reporting would increase participation.
2354,2024,34,Female,United States,No,No,Yes,Sometimes,100-500,No,No,Yes,Yes,No,Don't know,Yes,Don't know,Yes,No,Some of them,No,No,Yes,Don't know,No,
2355,2021,35,Male,United States,No,No,No,Never,26-100,No,Yes,No,No,No,Don't know,No,Very easy,Yes,Maybe,No,No,Maybe,Yes,Don't know,No,Management needs training on mental health.
2356,2021,26,Male,United States,Yes,No,No,Sometimes,26-100,Yes,Yes,Yes,Yes,Yes,Don't know,No,Very difficult,Maybe,Maybe,Yes,Yes,No,No,No,No,More anonymous support options would help.
2357,2019,34,Male,Other,No,Yes,Yes,Rarely,6-25,Yes,Yes,Yes,Yes,No,No,No,Don't know,No,No,Yes,Yes,Maybe,No,Yes,Yes,Burnout is rampant in my team.
2358,2024,22,Male,Germany,No,No,No,Often,26-100,No,No,Don't know,Yes,Yes,No,Yes,Very easy,Maybe,No,Some of them,No,Maybe,No,No,No,
2359,2021,28,Male,Germany,Yes,No,Yes,Often,6-25,No,No,No,Don't know,No,Don't know,Don't know,Very easy,Maybe,Yes,Some of them,No,No,Maybe,Don't know,No,
2360,2023,27,Male,United States,Yes,No,No,Sometimes,6-25,No,Yes,Don't know,No,No,No,Don't know,Very difficult,No,Maybe,Some of them,Some of them,Maybe,No,Yes,Yes,
2361,2022,41,Non-binary,Australia,No,No,No,Sometimes,26-100,No,Yes,Yes,Don't know,No,No,Don't know,Somewhat difficult,No,Maybe,Yes,Yes,No,Maybe,No,No,Better awareness programs needed.
2362,2019,32,Female,Germany,Yes,No,No,Never,1-5,No,No,No,Yes,No,Yes,No,Somewhat easy,Yes,No,Some of them,Yes,No,Maybe,Yes,No,Anonymous reporting would increase participation.
2363,2020,40,Male,Germany,No,No,No,Never,100-500,No,Yes,Don't know,Yes,Yes,No,Don't know,Somewhat easy,No,Yes,No,Yes,No,No,Don't know,Yes,
2364,2024,29,Male,India,Yes,No,Yes,Never,100-500,No,Yes,Yes,No,Yes,Yes,Yes,Don't know,Yes,Maybe,Yes,Some of them,Maybe,Maybe,Don't know,No,Management needs training on mental health.
2365,2019,31,Female,Germany,No,No,No,Rarely,26-100,No,No,Don't know,No,Yes,Don't know,Yes,Somewhat difficult,Maybe,Maybe,No,No,No,No,Yes,No,Better awareness programs needed.
2366,2021,21,Female,Netherlands,No,Yes,No,Rarely,100-500,Yes,No,No,Don't know,Yes,Yes,Yes,Don't know,Yes,No,Yes,Yes,Maybe,Yes,Don't know,No,Burnout is rampant in my team.
2367,2024,24,Female,Canada,No,Yes,No,Rarely,26-100,No,Yes,Yes,Yes,No,Don't know,Don't know,Don't know,No,No,Some of them,Yes,No,No,No,No,We have EAP but nobody talks about it.
2368,2023,35,Male,United Kingdom,No,No,Yes,Rarely,More than 1000,Yes,Yes,Yes,Yes,No,No,No,Don't know,Maybe,No,No,No,Yes,No,Don't know,No,
2369,2022,35,Female,France,No,Yes,Yes,Sometimes,500-1000,No,Yes,No,No,No,Yes,Don't know,Somewhat easy,No,No,No,Some of them,Maybe,No,No,No,
2370,2022,34,Male,United States,No,No,No,Rarely,More than 1000,No,Yes,Yes,No,Don't know,Yes,Yes,Somewhat easy,No,No,Yes,No,Maybe,No,Yes,Yes,HR resources are available but rarely used.
2371,2023,20,Male,United States,No,No,No,Often,26-100,No,Yes,No,Don't know,Yes,Yes,Don't know,Somewhat easy,Yes,No,Yes,No,No,No,Yes,No,More anonymous support options would help.
2372,2024,43,Female,United States,No,Yes,Yes,Often,26-100,Yes,Yes,Yes,Yes,Don't know,Don't know,Don't know,Don't know,No,No,Some of them,No,No,No,Yes,No,
2373,2021,30,Male,Canada,No,No,Yes,Sometimes,6-25,Yes,No,Yes,Don't know,Yes,Yes,No,Somewhat easy,No,Maybe,No,Some of them,Maybe,Yes,No,No,
2374,2023,21,Female,United States,No,No,No,Sometimes,26-100,No,Yes,Yes,Yes,No,Yes,Don't know,Somewhat easy,No,No,Some of them,Some of them,Maybe,No,Yes,No,Stigma is still a major issue in my workplace.
2375,2021,45,Non-binary,United States,Yes,No,No,Sometimes,100-500,No,Yes,No,Yes,Yes,No,Don't know,Don't know,No,No,No,Yes,Maybe,No,No,No,
2376,2019,37,Male,Canada,No,Yes,No,Rarely,26-100,No,Yes,No,No,Don't know,No,Don't know,Don't know,No,No,Some of them,Some of them,No,No,Yes,No,Remote work has been a double-edged sword.
2377,2019,40,Female,United Kingdom,No,Yes,Yes,Rarely,100-500,No,Yes,Yes,Don't know,Yes,No,Don't know,Somewhat difficult,Maybe,No,Some of them,Some of them,Maybe,Maybe,Don't know,No,Management needs training on mental health.
2378,2020,39,Female,United States,No,No,Yes,Sometimes,26-100,Yes,Yes,No,Yes,Yes,No,Yes,Somewhat difficult,Maybe,No,No,Yes,No,Maybe,Don't know,Yes,Stigma is still a major issue in my workplace.
2379,2020,22,Non-binary,Sweden,No,Yes,No,Never,1-5,Yes,Yes,Don't know,Don't know,No,Don't know,Don't know,Somewhat easy,No,Maybe,Some of them,Yes,No,No,Don't know,Yes,Leadership support makes all the difference.
2380,2022,24,Female,United States,No,No,Yes,Sometimes,26-100,Yes,Yes,Don't know,Yes,Yes,Yes,Yes,Don't know,No,No,Yes,Yes,No,No,Yes,No,
2381,2020,32,Male,United States,No,Yes,Yes,Sometimes,1-5,Yes,No,No,No,No,Yes,Don't know,Don't know,No,No,Yes,No,No,Yes,No,No,Open conversations help reduce stigma.
2382,2024,26,Male,United Kingdom,No,Yes,Yes,Sometimes,6-25,No,Yes,No,No,Don't know,No,No,Somewhat difficult,Maybe,No,Yes,Some of them,No,Yes,Yes,Yes,
2383,2021,31,Male,Ireland,No,No,No,Rarely,500-1000,Yes,No,Yes,Yes,No,Yes,Yes,Somewhat difficult,No,No,No,No,Yes,No,Yes,No,
2384,2024,26,Male,Netherlands,No,No,No,Never,6-25,Yes,Yes,Don't know,Don't know,Yes,Don't know,No,Somewhat easy,Yes,No,No,Some of them,No,No,Yes,No,
2385,2019,21,Female,United States,No,No,Yes,Sometimes,500-1000,Yes,Yes,Yes,Don't know,Don't know,No,Don't know,Don't know,No,No,Yes,Some of them,Maybe,Yes,No,Yes,Glad to see more companies taking this seriously.
2386,2021,33,Male,India,No,No,No,Rarely,6-25,Yes,No,No,No,Yes,No,Don't know,Very difficult,No,No,Some of them,Some of them,No,No,Don't know,No,More anonymous support options would help.
2387,2023,22,Male,Netherlands,No,Yes,Yes,Rarely,More than 1000,Yes,Yes,No,Yes,Yes,Yes,Yes,Somewhat easy,Yes,No,Some of them,Yes,No,Maybe,Don't know,Yes,Management needs training on mental health.
2388,2019,37,Female,United States,No,No,No,Rarely,500-1000,No,Yes,Yes,Don't know,No,Yes,Yes,Don't know,Yes,Yes,Yes,No,No,Yes,Don't know,No,
2389,2023,25,Female,Other,No,Yes,Yes,Rarely,100-500,Yes,No,Yes,No,Yes,Yes,Yes,Very difficult,Yes,Maybe,Yes,No,No,No,Don't know,No,We have EAP but nobody talks about it.
2390,2020,18,Male,United States,No,No,Yes,Often,More than 1000,Yes,No,No,No,Yes,No,No,Somewhat easy,No,No,No,Yes,No,No,Yes,Yes,Better awareness programs needed.
2391,2019,34,Male,United States,Yes,Yes,Yes,Sometimes,100-500,No,No,No,Don't know,Yes,Don't know,Don't know,Somewhat easy,No,Yes,Yes,Yes,Maybe,No,No,No,Anonymous reporting would increase participation.
2392,2022,24,Male,United Kingdom,No,No,Yes,Often,100-500,Yes,Yes,Yes,Yes,Don't know,No,Yes,Don't know,No,Maybe,No,Yes,No,No,No,No,Anonymous reporting would increase participation.
2393,2020,22,Male,United States,No,Yes,No,Sometimes,26-100,Yes,Yes,Yes,Don't know,Don't know,No,No,Somewhat difficult,Yes,Maybe,Some of them,No,No,Yes,Don't know,No,Burnout is rampant in my team.
2394,2023,19,Male,United States,No,No,No,Rarely,More than 1000,Yes,Yes,No,Yes,Yes,Yes,Don't know,Somewhat easy,Maybe,Yes,Yes,No,Maybe,No,No,No,Glad to see more companies taking this seriously.
2395,2023,30,Female,Ireland,No,Yes,Yes,Often,More than 1000,Yes,Yes,No,Don't know,Yes,Yes,Don't know,Somewhat easy,Maybe,No,No,Yes,No,No,No,Yes,More anonymous support options would help.
2396,2020,22,Male,Ireland,No,Yes,No,Sometimes,26-100,No,Yes,No,No,No,Don't know,Don't know,Somewhat easy,No,No,Some of them,Some of them,No,No,Yes,Yes,More anonymous support options would help.
2397,2023,44,Non-binary,Sweden,Yes,No,Yes,Sometimes,100-500,No,Yes,Yes,Don't know,Yes,Yes,Don't know,Very difficult,No,No,Some of them,No,No,Maybe,Don't know,No,Remote work has been a double-edged sword.
2398,2022,35,Female,United States,No,No,No,Sometimes,1-5,No,Yes,Yes,Don't know,Yes,No,No,Somewhat easy,Yes,No,Yes,Some of them,No,No,Yes,No,Better awareness programs needed.
2399,2019,29,Female,United States,No,No,Yes,Often,26-100,Yes,Yes,No,Don't know,Don't know,Don't know,No,Very difficult,Maybe,No,No,Yes,No,No,Yes,No,Leadership support makes all the difference.
2400,2020,21,Male,United States,No,Yes,Yes,Sometimes,26-100,No,Yes,Don't know,No,No,No,Don't know,Don't know,Maybe,No,No,Yes,No,No,Don't know,No,Remote work has been a double-edged sword.
2401,2022,29,Female,United States,No,No,Yes,Sometimes,100-500,No,No,No,Yes,Yes,Don't know,Don't know,Somewhat easy,No,No,No,Some of them,No,Maybe,No,No,HR resources are available but rarely used.
2402,2023,28,Female,United States,No,Yes,No,Often,100-500,Yes,Yes,Yes,Don't know,Yes,Yes,Yes,Very easy,Yes,No,No,No,No,No,Don't know,No,Management needs training on mental health.
2403,2024,26,Male,United States,No,No,No,Sometimes,26-100,Yes,Yes,No,Yes,No,Yes,Don't know,Very difficult,No,No,No,No,No,Maybe,Yes,Yes,Open conversations help reduce stigma.
2404,2019,29,Male,United Kingdom,No,No,Yes,Sometimes,6-25,Yes,No,Don't know,No,No,Yes,Yes,Don't know,No,No,No,Yes,Maybe,Maybe,No,No,
2405,2024,29,Male,Brazil,No,Yes,No,Rarely,26-100,Yes,Yes,No,No,No,Yes,Don't know,Very difficult,Maybe,No,Yes,No,Maybe,Maybe,No,No,
2406,2020,19,Female,Netherlands,No,Yes,Yes,Often,100-500,No,Yes,Yes,No,Don't know,No,Yes,Don't know,Maybe,No,No,No,No,Yes,Don't know,No,Glad to see more companies taking this seriously.
2407,2022,33,Other / Prefer not to say,Other,No,No,No,Never,100-500,Yes,No,Yes,Yes,Don't know,Don't know,No,Somewhat easy,No,Maybe,Yes,Yes,Maybe,Maybe,Yes,No,
2408,2024,29,Male,Germany,Yes,Yes,Yes,Often,500-1000,No,Yes,Yes,No,No,Yes,No,Somewhat easy,No,No,No,Yes,No,No,Don't know,No,More anonymous support options would help.
2409,2023,35,Non-binary,United States,No,No,No,Rarely,6-25,No,Yes,Don't know,Yes,No,No,Don't know,Somewhat easy,No,No,Yes,Yes,No,Yes,Yes,No,
2410,2023,41,Non-binary,Ireland,Yes,Yes,No,Rarely,26-100,Yes,No,Don't know,Don't know,No,No,Don't know,Somewhat easy,Yes,No,No,Yes,No,Maybe,Don't know,No,Better awareness programs needed.
2411,2021,27,Male,United States,No,No,Yes,Sometimes,26-100,Yes,No,Yes,Don't know,Yes,Don't know,No,Somewhat easy,Maybe,No,No,No,No,No,Yes,No,
2412,2024,33,Male,Canada,Yes,No,No,Sometimes,100-500,Yes,Yes,Yes,Yes,Don't know,Don't know,No,Don't know,No,No,No,Yes,Maybe,Yes,Don't know,No,
2413,2021,36,Male,United States,No,Yes,Yes,Rarely,26-100,No,Yes,Don't know,Don't know,Don't know,No,Don't know,Somewhat easy,No,No,Yes,No,Yes,No,Don't know,No,
2414,2024,37,Male,United States,No,Yes,Yes,Sometimes,6-25,No,No,Yes,No,No,Don't know,Don't know,Somewhat difficult,Yes,No,No,No,Maybe,Maybe,Don't know,No,HR resources are available but rarely used.
2415,2019,21,Female,France,Yes,No,No,Never,1-5,Yes,Yes,No,Yes,Don't know,Don't know,No,Somewhat easy,No,Yes,Yes,No,Maybe,Maybe,Don't know,No,More anonymous support options would help.
2416,2023,21,Male,Sweden,No,No,No,Never,100-500,No,No,Don't know,Yes,Yes,Yes,Yes,Somewhat easy,No,Maybe,Some of them,Some of them,No,Yes,Yes,No,Open conversations help reduce stigma.
2417,2024,31,Male,United States,No,No,No,Never,6-25,Yes,Yes,No,No,No,Don't know,No,Somewhat easy,No,No,Some of them,Some of them,Maybe,No,Yes,No,Management needs training on mental health.
2418,2024,26,Female,United States,No,No,No,Often,100-500,Yes,Yes,Yes,No,Yes,Yes,Yes,Somewhat easy,No,No,Some of them,Some of them,No,Maybe,No,No,Better awareness programs needed.
2419,2023,26,Male,Sweden,Yes,No,No,Sometimes,100-500,Yes,Yes,No,Yes,No,No,No,Somewhat easy,No,Yes,Yes,Yes,Maybe,Maybe,Don't know,No,Glad to see more companies taking this seriously.
2420,2024,49,Male,United States,No,No,No,Often,500-1000,Yes,Yes,Yes,Yes,Yes,Yes,Yes,Somewhat difficult,No,No,No,Some of them,No,No,Yes,Yes,Open conversations help reduce stigma.
2421,2022,38,Female,United States,No,No,No,Sometimes,6-25,No,Yes,Yes,Don't know,Don't know,Don't know,Don't know,Somewhat difficult,No,No,Some of them,Yes,No,Maybe,No,No,
2422,2023,18,Male,United States,No,No,Yes,Never,More than 1000,Yes,Yes,Don't know,Yes,Yes,Yes,Yes,Somewhat easy,Yes,No,Some of them,Yes,No,No,Yes,No,
2423,2023,24,Male,United States,No,Yes,No,Sometimes,6-25,No,Yes,Don't know,No,No,Don't know,Don't know,Somewhat difficult,Maybe,No,Yes,Yes,No,No,Yes,Yes,
2424,2021,43,Female,Australia,No,No,Yes,Never,1-5,Yes,No,Yes,Don't know,No,Don't know,Don't know,Somewhat difficult,Yes,No,Some of them,Yes,No,No,No,Yes,Remote work has been a double-edged sword.
2425,2024,32,Female,Canada,No,No,Yes,Often,More than 1000,No,Yes,Don't know,Don't know,No,Yes,Yes,Somewhat easy,No,No,Yes,Yes,No,Yes,Don't know,No,
2426,2021,46,Female,Germany,No,No,No,Never,More than 1000,Yes,No,No,Yes,Yes,Don't know,No,Somewhat easy,Maybe,No,Some of them,Some of them,Maybe,No,No,No,
2427,2024,26,Male,United States,No,Yes,No,Never,More than 1000,No,No,Don't know,Yes,No,No,Yes,Somewhat easy,No,No,No,Yes,Yes,Maybe,Don't know,No,Burnout is rampant in my team.
2428,2022,26,Male,Other,Yes,No,No,Rarely,26-100,Yes,Yes,No,Don't know,Don't know,No,Yes,Somewhat easy,Maybe,No,No,Some of them,No,Maybe,Yes,Yes,HR resources are available but rarely used.
2429,2023,30,Male,Ireland,No,Yes,Yes,Sometimes,100-500,No,No,Yes,No,Yes,No,Yes,Very easy,No,No,Yes,No,No,No,Don't know,No,HR resources are available but rarely used.
2430,2024,27,Female,United Kingdom,Yes,No,No,Never,500-1000,No,Yes,No,No,Don't know,Yes,Yes,Very easy,Maybe,Maybe,No,No,No,Yes,Yes,No,Anonymous reporting would increase participation.
2431,2021,31,Male,United Kingdom,No,No,No,Often,1-5,Yes,Yes,No,No,Don't know,No,Don't know,Somewhat difficult,No,No,No,No,Yes,No,Yes,No,Glad to see more companies taking this seriously.
2432,2023,18,Male,Other,No,No,Yes,Never,More than 1000,Yes,Yes,No,Don't know,Yes,Don't know,Don't know,Somewhat easy,Yes,No,Yes,Some of them,No,Maybe,Don't know,No,We have EAP but nobody talks about it.
2433,2021,33,Male,Germany,No,No,No,Never,26-100,Yes,Yes,Don't know,No,No,Don't know,Yes,Somewhat difficult,Maybe,Yes,No,No,Yes,No,Don't know,No,
2434,2024,29,Female,Canada,No,No,No,Never,6-25,Yes,No,Don't know,Don't know,No,No,No,Don't know,Maybe,No,Yes,Yes,No,Maybe,No,No,
2435,2024,30,Male,India,No,Yes,No,Never,26-100,No,Yes,Don't know,No,Don't know,No,No,Somewhat difficult,Maybe,Yes,Yes,No,No,Maybe,Yes,No,
2436,2023,41,Male,Canada,No,No,No,Never,6-25,No,Yes,No,Don't know,No,No,No,Somewhat easy,No,No,Yes,No,No,Yes,No,Yes,
2437,2021,31,Male,Australia,No,No,No,Rarely,26-100,No,Yes,Don't know,Yes,Don't know,No,No,Very difficult,Maybe,Yes,No,Yes,No,Maybe,No,No,Leadership support makes all the difference.
2438,2019,24,Male,United Kingdom,No,Yes,Yes,Sometimes,100-500,No,Yes,No,No,Yes,Don't know,Don't know,Somewhat easy,Maybe,Maybe,Yes,No,No,Yes,Yes,Yes,
2439,2022,33,Female,United States,No,No,No,Never,500-1000,Yes,Yes,Yes,No,Yes,Don't know,Yes,Don't know,Maybe,No,Yes,Yes,No,No,Yes,Yes,Leadership support makes all the difference.
2440,2019,35,Male,Australia,No,Yes,Yes,Often,26-100,Yes,Yes,Don't know,Yes,Don't know,Yes,Yes,Very easy,Yes,No,Some of them,Yes,Maybe,Maybe,Don't know,Yes,
2441,2020,28,Male,United States,No,Yes,No,Rarely,26-100,Yes,Yes,No,No,No,Yes,No,Don't know,Maybe,Maybe,Some of them,Yes,No,Maybe,Don't know,Yes,
2442,2023,18,Male,Netherlands,No,No,No,Sometimes,6-25,No,No,No,No,No,No,No,Don't know,No,No,No,Some of them,No,No,No,No,Remote work has been a double-edged sword.
2443,2019,30,Male,United States,No,No,No,Never,100-500,Yes,Yes,Don't know,Yes,Don't know,Don't know,Don't know,Somewhat difficult,No,No,Some of them,No,No,Yes,Don't know,Yes,
2444,2021,46,Female,United States,No,Yes,Yes,Sometimes,100-500,No,Yes,Yes,Yes,Yes,Yes,Don't know,Somewhat difficult,No,Maybe,Yes,Yes,Maybe,No,Don't know,No,
2445,2019,18,Female,United States,No,No,No,Sometimes,500-1000,Yes,No,No,Yes,Yes,No,Yes,Somewhat easy,Maybe,No,No,Yes,Maybe,Yes,Don't know,No,We have EAP but nobody talks about it.
2446,2019,26,Male,Brazil,No,Yes,Yes,Sometimes,More than 1000,No,Yes,Yes,Yes,Don't know,Yes,Don't know,Somewhat easy,No,Yes,No,No,No,Yes,No,No,
2447,2021,32,Female,United States,Yes,Yes,No,Sometimes,100-500,Yes,No,Yes,No,Yes,Don't know,Yes,Very easy,Yes,Maybe,Some of them,Yes,Maybe,Yes,Don't know,No,
2448,2023,27,Male,India,Yes,No,Yes,Sometimes,100-500,Yes,No,Yes,Yes,No,No,Yes,Somewhat easy,No,No,Some of them,Some of them,Maybe,Maybe,Yes,No,
2449,2019,18,Male,Australia,No,No,Yes,Sometimes,500-1000,No,No,No,Yes,Don't know,No,Yes,Somewhat easy,No,No,Yes,Yes,Maybe,Yes,No,No,Better awareness programs needed.
2450,2020,33,Female,Australia,Yes,Yes,No,Sometimes,100-500,No,Yes,No,Yes,No,Yes,Don't know,Very easy,Maybe,No,No,No,Maybe,No,No,Yes,
2451,2021,24,Male,United States,No,No,No,Never,100-500,No,Yes,Yes,Don't know,Yes,Don't know,Yes,Somewhat easy,Maybe,Yes,No,Yes,No,No,Don't know,No,Glad to see more companies taking this seriously.
2452,2024,35,Male,Sweden,Yes,No,No,Often,500-1000,No,No,Yes,Yes,No,No,Yes,Don't know,Maybe,No,No,Some of them,No,Maybe,Don't know,No,Burnout is rampant in my team.
2453,2021,41,Male,United States,No,No,No,Rarely,500-1000,Yes,Yes,No,No,Don't know,No,Don't know,Somewhat easy,Maybe,No,Some of them,No,No,No,Yes,Yes,We have EAP but nobody talks about it.
2454,2020,22,Female,United Kingdom,No,No,No,Never,26-100,No,Yes,Don't know,No,Don't know,No,No,Very easy,Maybe,Maybe,Some of them,Yes,Maybe,Maybe,No,No,
2455,2023,32,Male,Other,No,No,No,Rarely,1-5,Yes,Yes,No,Don't know,Yes,No,Yes,Don't know,Maybe,No,No,No,No,No,Don't know,Yes,Burnout is rampant in my team.
2456,2024,29,Other / Prefer not to say,Germany,No,No,No,Sometimes,6-25,No,Yes,No,Don't know,Don't know,No,Don't know,Don't know,Yes,Maybe,Some of them,No,Yes,Maybe,No,No,Leadership support makes all the difference.
2457,2019,20,Male,United States,No,No,No,Never,More than 1000,No,No,Don't know,Yes,Yes,No,Yes,Somewhat easy,No,Maybe,Some of them,Some of them,No,Maybe,No,Yes,Anonymous reporting would increase participation.
2458,2022,38,Female,Canada,No,Yes,Yes,Never,6-25,Yes,Yes,Don't know,No,No,No,No,Very easy,Yes,No,Yes,No,No,Yes,Don't know,No,Open conversations help reduce stigma.
2459,2023,35,Male,Germany,No,No,No,Never,500-1000,No,Yes,No,Don't know,No,Yes,Yes,Don't know,Maybe,Yes,No,No,No,Yes,Don't know,Yes,
2460,2022,25,Female,Other,No,Yes,No,Never,6-25,No,Yes,Don't know,No,Yes,Don't know,No,Somewhat easy,No,Maybe,Yes,No,No,Maybe,Don't know,Yes,
2461,2022,31,Male,Germany,No,No,No,Rarely,More than 1000,No,Yes,No,Yes,Don't know,Yes,No,Don't know,Maybe,No,Some of them,Some of them,No,Maybe,Yes,No,Management needs training on mental health.
2462,2019,30,Male,Other,No,No,Yes,Sometimes,100-500,Yes,Yes,Yes,No,Yes,Yes,Don't know,Very difficult,No,No,No,Some of them,Yes,Yes,Don't know,No,
2463,2022,29,Male,United States,No,No,No,Never,More than 1000,Yes,Yes,Don't know,Yes,No,Yes,No,Somewhat easy,No,No,No,No,No,Maybe,Yes,No,Remote work has been a double-edged sword.
2464,2023,38,Female,United States,No,No,Yes,Never,6-25,Yes,No,No,No,No,Yes,No,Somewhat difficult,Yes,No,Yes,Yes,No,No,Yes,No,Leadership support makes all the difference.
2465,2024,43,Female,United States,Yes,Yes,No,Rarely,100-500,No,No,Yes,Don't know,Yes,Don't know,Yes,Somewhat easy,Maybe,No,Some of them,No,Maybe,Maybe,No,No,Stigma is still a major issue in my workplace.
2466,2020,37,Non-binary,Germany,No,Yes,No,Rarely,More than 1000,Yes,Yes,Yes,Don't know,Yes,Yes,No,Don't know,No,Maybe,Some of them,Some of them,No,Yes,No,No,
2467,2023,44,Female,United States,No,No,Yes,Sometimes,100-500,No,Yes,Yes,Yes,Don't know,Yes,Don't know,Very easy,No,No,Some of them,Some of them,No,No,Don't know,No,Stigma is still a major issue in my workplace.
2468,2024,31,Female,Germany,No,Yes,Yes,Never,100-500,No,Yes,No,Yes,No,Don't know,Don't know,Somewhat easy,No,No,Yes,Some of them,No,Maybe,Yes,No,
2469,2022,45,Male,United States,No,No,No,Sometimes,1-5,No,Yes,Yes,Don't know,Don't know,No,No,Very easy,Yes,Yes,No,Some of them,No,Maybe,No,Yes,
2470,2024,25,Female,Ireland,No,No,No,Rarely,500-1000,Yes,No,Yes,Yes,Don't know,No,Yes,Somewhat difficult,No,No,No,No,No,No,Don't know,No,Better awareness programs needed.
2471,2024,30,Male,United States,Yes,Yes,Yes,Often,500-1000,No,No,Yes,Yes,Yes,Yes,No,Somewhat easy,Yes,Yes,No,Some of them,Maybe,Maybe,Don't know,Yes,Better awareness programs needed.
2472,2022,38,Male,United States,No,Yes,Yes,Never,100-500,Yes,Yes,Yes,Don't know,Yes,Yes,Don't know,Very easy,No,Yes,Yes,No,No,Yes,Don't know,No,Stigma is still a major issue in my workplace.
2473,2023,36,Male,United States,Yes,Yes,No,Never,26-100,No,Yes,Yes,No,No,Don't know,Don't know,Somewhat difficult,No,Yes,Yes,No,No,Yes,Yes,No,
2474,2024,37,Male,Canada,Yes,No,No,Sometimes,500-1000,No,No,Yes,Yes,Don't know,Yes,Don't know,Very easy,No,No,No,Some of them,No,Yes,Yes,No,
2475,2024,31,Male,Australia,No,No,Yes,Rarely,100-500,Yes,No,Yes,Don't know,Yes,Don't know,Don't know,Don't know,No,Maybe,No,Some of them,No,Maybe,Don't know,Yes,Stigma is still a major issue in my workplace.
2476,2024,33,Male,United States,No,No,No,Never,6-25,Yes,Yes,No,Don't know,No,No,Don't know,Somewhat difficult,Maybe,Maybe,Some of them,Yes,Maybe,No,Don't know,Yes,
2477,2024,19,Female,United States,No,No,No,Never,More than 1000,No,Yes,Yes,Don't know,No,No,Don't know,Don't know,No,No,No,No,No,No,No,No,
2478,2024,24,Non-binary,United Kingdom,No,No,Yes,Sometimes,More than 1000,No,Yes,Yes,No,Yes,Yes,Don't know,Somewhat easy,Yes,Maybe,No,Yes,No,No,No,No,
2479,2024,32,Female,United States,No,No,No,Never,26-100,No,Yes,No,Don't know,Don't know,No,Don't know,Don't know,Maybe,No,Some of them,Some of them,No,Yes,No,No,Stigma is still a major issue in my workplace.
2480,2024,32,Male,India,No,Yes,No,Never,100-500,No,Yes,Yes,Yes,Don't know,Yes,Don't know,Very easy,Maybe,No,No,No,No,Maybe,Don't know,No,Anonymous reporting would increase participation.
2481,2023,21,Male,United States,No,No,Yes,Often,26-100,Yes,No,No,Yes,Don't know,Don't know,Yes,Somewhat easy,No,No,Some of them,No,Maybe,Maybe,Don't know,No,
2482,2023,32,Female,France,No,No,No,Never,100-500,Yes,Yes,Yes,Don't know,No,Yes,Yes,Very difficult,Maybe,No,Yes,Yes,No,Maybe,Don't know,Yes,We have EAP but nobody talks about it.
2483,2024,36,Female,Canada,No,No,No,Never,6-25,Yes,No,No,Don't know,Yes,No,Don't know,Somewhat easy,Yes,No,Yes,No,Maybe,Yes,Don't know,Yes,Stigma is still a major issue in my workplace.
2484,2022,40,Female,Germany,No,No,No,Rarely,6-25,Yes,No,Yes,Don't know,No,No,No,Somewhat easy,Maybe,No,No,No,No,No,Don't know,Yes,Burnout is rampant in my team.
2485,2022,26,Male,Other,Yes,No,No,Rarely,500-1000,Yes,No,No,Yes,Yes,No,Don't know,Don't know,No,Maybe,No,No,Yes,Maybe,No,No,Leadership support makes all the difference.
2486,2019,37,Male,Canada,No,No,No,Never,100-500,No,No,No,Yes,Yes,Yes,Yes,Don't know,Maybe,No,Yes,Yes,No,No,Yes,No,We have EAP but nobody talks about it.
2487,2019,25,Female,Brazil,No,Yes,No,Sometimes,1-5,No,No,Yes,No,No,No,Yes,Very easy,Maybe,No,Yes,No,Yes,No,Yes,No,Management needs training on mental health.
2488,2023,31,Female,Canada,No,Yes,Yes,Rarely,100-500,Yes,Yes,Don't know,Don't know,Don't know,Don't know,No,Somewhat easy,Maybe,No,No,No,No,No,No,No,Better awareness programs needed.
2489,2019,18,Female,France,No,No,No,Never,1-5,Yes,Yes,Yes,No,No,No,Don't know,Very difficult,Yes,No,Some of them,Some of them,No,No,Yes,No,
2490,2020,34,Male,United Kingdom,No,Yes,No,Sometimes,26-100,No,Yes,Don't know,No,No,No,Don't know,Somewhat easy,No,No,No,Yes,No,Yes,Yes,No,Glad to see more companies taking this seriously.
2491,2023,41,Male,United States,Yes,No,No,Never,26-100,No,Yes,No,Don't know,No,No,Don't know,Don't know,No,No,Yes,No,No,No,Yes,No,
2492,2023,35,Male,Other,Yes,Yes,Yes,Never,500-1000,No,No,Yes,Don't know,No,Don't know,Yes,Somewhat easy,No,No,Some of them,Some of them,Maybe,No,Don't know,Yes,
2493,2021,31,Male,Other,No,No,No,Sometimes,More than 1000,Yes,Yes,Yes,Don't know,No,No,No,Somewhat difficult,No,No,No,No,No,No,Don't know,No,
2494,2021,28,Female,United States,No,Yes,No,Never,26-100,Yes,Yes,No,No,No,Don't know,Don't know,Somewhat easy,No,No,Yes,Some of them,No,No,Don't know,No,Better awareness programs needed.
2495,2024,20,Male,United States,No,Yes,Yes,Often,26-100,Yes,Yes,Yes,No,No,Don't know,No,Don't know,Maybe,No,No,Yes,Maybe,Maybe,Yes,Yes,Open conversations help reduce stigma.
2496,2021,29,Male,Other,No,No,No,Rarely,100-500,Yes,No,No,Don't know,Don't know,Don't know,Don't know,Very easy,Yes,Maybe,Yes,Some of them,Maybe,No,No,Yes,HR resources are available but rarely used.
2497,2020,37,Female,United States,No,No,Yes,Never,100-500,Yes,Yes,Yes,Yes,No,Don't know,Yes,Somewhat easy,Maybe,Maybe,Yes,Yes,Yes,No,Yes,No,
2498,2021,24,Male,United States,No,No,No,Never,100-500,No,Yes,Yes,Yes,Yes,Yes,Don't know,Somewhat easy,Maybe,No,No,No,Yes,Yes,Yes,No,Anonymous reporting would increase participation.
2499,2022,25,Female,United States,No,No,Yes,Often,1-5,No,Yes,Don't know,Yes,Yes,No,No,Don't know,Yes,Yes,Yes,Yes,Maybe,No,Don't know,No,
2500,2020,24,Male,United States,No,No,No,Sometimes,More than 1000,No,Yes,Yes,Yes,Yes,No,Yes,Somewhat difficult,No,Maybe,No,Some of them,No,No,Yes,No,Stigma is still a major issue in my workplace.
2501,2023,36,Female,United Kingdom,No,No,No,Never,More than 1000,No,Yes,Yes,Don't know,Yes,Don't know,No,Don't know,No,No,Yes,No,No,Maybe,Yes,No,Management needs training on mental health.
2502,2021,41,Female,India,No,No,No,Rarely,More than 1000,No,Yes,Yes,Yes,Yes,Yes,Yes,Don't know,No,No,No,Yes,No,Yes,Don't know,No,Leadership support makes all the difference.
2503,2021,24,Male,Sweden,Yes,Yes,Yes,Sometimes,More than 1000,Yes,Yes,Yes,Yes,Yes,Yes,Don't know,Don't know,Yes,Maybe,No,No,No,Yes,Yes,Yes,Anonymous reporting would increase participation.
2504,2019,25,Female,Other,No,No,Yes,Rarely,100-500,No,Yes,No,Yes,Yes,No,Yes,Somewhat difficult,No,Yes,Some of them,Yes,Maybe,No,Don't know,No,
2505,2023,51,Male,United States,No,No,No,Never,More than 1000,No,No,No,Yes,No,Yes,Don't know,Somewhat easy,Yes,Yes,Some of them,No,No,No,Yes,No,
2506,2020,32,Male,Canada,No,No,Yes,Sometimes,26-100,Yes,Yes,No,No,No,Yes,No,Somewhat easy,No,No,No,No,No,Yes,No,Yes,HR resources are available but rarely used.
2507,2024,25,Male,United States,No,No,No,Never,More than 1000,No,Yes,Yes,Yes,Don't know,Yes,Yes,Somewhat easy,Yes,No,No,No,Maybe,No,No,No,We have EAP but nobody talks about it.
2508,2022,18,Male,France,Yes,No,No,Never,More than 1000,Yes,Yes,Yes,Yes,No,Yes,No,Somewhat difficult,No,No,Yes,Some of them,Maybe,No,Yes,No,
2509,2023,21,Male,United States,No,No,No,Never,500-1000,Yes,No,Yes,Yes,Yes,Yes,Yes,Very easy,No,No,Yes,Some of them,No,Maybe,Yes,Yes,
2510,2020,26,Male,United Kingdom,No,Yes,Yes,Never,6-25,No,Yes,Yes,No,No,No,No,Somewhat difficult,Yes,No,Some of them,Yes,No,Maybe,Yes,No,
2511,2021,45,Male,United Kingdom,No,No,No,Rarely,100-500,No,Yes,Don't know,Don't know,Yes,No,Yes,Don't know,Yes,No,Yes,No,No,Maybe,No,Yes,
2512,2024,18,Other / Prefer not to say,Canada,No,No,Yes,Often,500-1000,Yes,Yes,Yes,No,Yes,Yes,Don't know,Somewhat easy,No,No,Yes,Yes,No,Yes,No,No,Remote work has been a double-edged sword.
2513,2019,21,Non-binary,Other,No,Yes,Yes,Rarely,More than 1000,Yes,Yes,No,No,Don't know,Don't know,Don't know,Somewhat difficult,Maybe,Maybe,No,Some of them,Maybe,No,No,Yes,Leadership support makes all the difference.
2514,2023,22,Female,United States,No,Yes,No,Never,More than 1000,Yes,No,Yes,Yes,Don't know,Yes,Don't know,Somewhat easy,Maybe,No,Yes,Some of them,No,Maybe,Don't know,Yes,
2515,2019,20,Male,United States,No,No,No,Rarely,More than 1000,No,Yes,Yes,Yes,No,Yes,Don't know,Don't know,Maybe,No,No,No,Maybe,Maybe,Yes,No,We have EAP but nobody talks about it.
2516,2022,19,Male,United Kingdom,No,No,Yes,Sometimes,500-1000,Yes,No,Yes,Yes,Yes,Yes,Yes,Somewhat difficult,Maybe,No,No,Some of them,Yes,Yes,Yes,Yes,Remote work has been a double-edged sword.
2517,2022,26,Non-binary,Ireland,No,Yes,Yes,Rarely,100-500,No,Yes,Don't know,Yes,Yes,Yes,No,Don't know,No,No,No,No,Maybe,Maybe,Yes,No,Open conversations help reduce stigma.
2518,2023,56,Male,Netherlands,No,No,No,Sometimes,6-25,No,Yes,Don't know,Yes,Don't know,Yes,No,Somewhat easy,No,Maybe,Yes,No,No,Yes,Yes,No,Leadership support makes all the difference.
2519,2020,34,Female,Germany,No,Yes,Yes,Sometimes,26-100,No,Yes,No,Yes,Don't know,Yes,Don't know,Don't know,Yes,No,No,Some of them,No,No,Yes,Yes,
2520,2021,30,Female,United States,No,No,No,Never,100-500,No,Yes,No,Yes,No,Don't know,Yes,Don't know,Maybe,No,Yes,Yes,Maybe,No,Yes,Yes,
2521,2019,18,Male,United States,No,No,Yes,Often,More than 1000,Yes,No,Yes,Don't know,Yes,No,Yes,Very easy,Yes,No,Some of them,Yes,No,Maybe,Don't know,No,Anonymous reporting would increase participation.
2522,2022,29,Female,United States,No,No,Yes,Rarely,100-500,No,No,No,Yes,Don't know,Yes,Don't know,Don't know,No,Maybe,No,Some of them,No,Maybe,Don't know,No,We have EAP but nobody talks about it.
2523,2024,36,Male,Other,Yes,Yes,No,Rarely,100-500,Yes,Yes,Yes,Yes,No,Don't know,Yes,Very easy,No,Maybe,No,Some of them,No,Maybe,Don't know,No,
2524,2024,29,Male,Ireland,Yes,No,No,Often,100-500,Yes,Yes,Yes,Yes,Yes,Don't know,No,Don't know,Yes,No,Yes,No,Maybe,Maybe,Yes,No,
2525,2023,29,Male,United Kingdom,No,No,No,Rarely,100-500,No,Yes,Yes,Yes,Yes,Yes,Yes,Very difficult,Maybe,Maybe,Some of them,No,No,No,Yes,Yes,Stigma is still a major issue in my workplace.
2526,2020,31,Female,Canada,No,No,No,Never,26-100,No,Yes,Yes,Don't know,Don't know,Don't know,Don't know,Don't know,Yes,No,Yes,No,Maybe,Maybe,No,No,More anonymous support options would help.
2527,2024,39,Male,United Kingdom,No,No,Yes,Sometimes,500-1000,Yes,Yes,Yes,No,Yes,Yes,Yes,Don't know,Maybe,Maybe,Yes,No,No,No,Don't know,No,Glad to see more companies taking this seriously.
2528,2021,30,Non-binary,Other,No,No,No,Never,500-1000,No,No,Yes,Yes,Don't know,No,Yes,Don't know,Maybe,Maybe,Yes,Some of them,Maybe,No,No,Yes,Remote work has been a double-edged sword.
2529,2019,32,Male,United States,No,Yes,No,Rarely,500-1000,No,Yes,No,No,Yes,Yes,Yes,Very easy,Yes,No,Yes,No,Maybe,Maybe,Don't know,No,Glad to see more companies taking this seriously.
2530,2021,32,Male,Germany,No,No,Yes,Sometimes,26-100,Yes,Yes,No,Don't know,No,Yes,No,Don't know,Yes,No,No,No,No,Maybe,Don't know,Yes,More anonymous support options would help.
2531,2020,31,Male,United States,No,Yes,Yes,Often,More than 1000,No,Yes,No,Yes,Yes,Yes,Don't know,Very easy,No,No,Yes,Yes,No,Yes,No,No,
2532,2023,38,Female,Other,No,No,Yes,Sometimes,500-1000,Yes,Yes,Yes,No,Yes,Yes,Don't know,Somewhat easy,No,No,Some of them,Yes,No,Maybe,Yes,No,
2533,2024,22,Male,Brazil,No,No,No,Sometimes,6-25,No,Yes,No,Don't know,No,Don't know,No,Somewhat difficult,Yes,No,No,Yes,No,No,Don't know,No,Stigma is still a major issue in my workplace.
2534,2022,30,Male,United Kingdom,No,No,No,Often,100-500,No,No,No,Yes,Yes,Yes,Don't know,Somewhat easy,Maybe,No,No,No,No,Yes,Yes,No,
2535,2022,55,Male,Germany,Yes,Yes,Yes,Sometimes,6-25,No,Yes,No,No,No,Don't know,No,Somewhat easy,Yes,Yes,No,No,No,Maybe,No,Yes,
2536,2023,30,Female,Germany,No,No,Yes,Often,1-5,No,Yes,Yes,Don't know,No,Don't know,No,Somewhat easy,No,No,No,Some of them,Yes,No,Yes,Yes,Stigma is still a major issue in my workplace.
2537,2021,39,Male,United States,No,Yes,No,Never,1-5,Yes,Yes,No,Don't know,No,No,No,Somewhat easy,Maybe,No,No,No,Yes,Maybe,Don't know,No,
2538,2019,35,Male,Canada,No,No,Yes,Never,100-500,No,Yes,No,No,Don't know,Yes,Don't know,Somewhat difficult,Yes,Maybe,No,No,Maybe,No,Yes,No,Anonymous reporting would increase participation.
2539,2021,32,Male,United States,No,No,No,Never,1-5,Yes,No,No,No,Don't know,Yes,No,Very difficult,No,No,No,Yes,No,Maybe,Don't know,Yes,We have EAP but nobody talks about it.
2540,2023,18,Male,United Kingdom,No,No,No,Rarely,26-100,No,No,Don't know,No,No,No,No,Very easy,No,No,Some of them,No,No,No,Don't know,Yes,
2541,2020,19,Female,United States,No,No,No,Never,500-1000,No,Yes,No,Don't know,Yes,Yes,Don't know,Somewhat easy,No,No,No,Some of them,No,Yes,No,No,Burnout is rampant in my team.
2542,2023,30,Female,Brazil,No,No,Yes,Never,More than 1000,Yes,No,Yes,Yes,Yes,Yes,Don't know,Don't know,No,Maybe,No,Yes,No,Maybe,Don't know,No,Better awareness programs needed.
2543,2021,32,Female,India,Yes,No,Yes,Rarely,26-100,No,No,Don't know,Don't know,No,Don't know,Yes,Somewhat easy,Yes,No,Some of them,No,Maybe,Maybe,No,Yes,
2544,2023,22,Male,Sweden,No,Yes,Yes,Rarely,26-100,Yes,No,Don't know,Don't know,No,Don't know,No,Don't know,Maybe,No,No,Yes,Yes,No,Yes,No,HR resources are available but rarely used.
2545,2023,32,Male,Canada,No,No,No,Sometimes,1-5,No,No,Yes,No,No,Yes,No,Don't know,No,No,Some of them,No,No,Maybe,No,No,Remote work has been a double-edged sword.
2546,2024,18,Male,United Kingdom,No,Yes,Yes,Rarely,More than 1000,Yes,Yes,Yes,Don't know,Yes,Yes,Yes,Somewhat easy,No,No,Yes,Yes,Maybe,Maybe,Yes,No,Management needs training on mental health.
2547,2022,23,Male,United Kingdom,No,No,Yes,Often,More than 1000,Yes,No,Yes,Don't know,No,Yes,Don't know,Somewhat easy,Maybe,No,No,No,Maybe,Yes,Yes,No,
2548,2024,25,Female,Australia,No,No,Yes,Sometimes,100-500,Yes,Yes,Yes,Yes,No,Don't know,Don't know,Don't know,No,Maybe,Some of them,Some of them,No,Maybe,Yes,Yes,Anonymous reporting would increase participation.
2549,2023,21,Female,United States,No,No,Yes,Rarely,6-25,Yes,Yes,No,Yes,Yes,No,Yes,Somewhat easy,No,No,Some of them,Yes,Maybe,No,No,No,
2550,2021,32,Male,United States,Yes,No,Yes,Often,More than 1000,No,Yes,Don't know,Don't know,No,Yes,Don't know,Somewhat difficult,Yes,No,No,No,Maybe,No,Don't know,No,Glad to see more companies taking this seriously.
2551,2024,37,Male,United States,No,No,Yes,Rarely,100-500,No,Yes,Yes,Don't know,Yes,Yes,Yes,Don't know,No,No,No,No,Maybe,No,Yes,No,Burnout is rampant in my team.
2552,2024,27,Male,United States,No,No,No,Rarely,6-25,Yes,No,No,No,No,No,No,Somewhat easy,Yes,No,No,No,No,Maybe,Yes,No,Anonymous reporting would increase participation.
2553,2023,48,Female,United States,Yes,No,No,Never,26-100,No,No,Don't know,Don't know,No,No,Yes,Very easy,Yes,No,Some of them,No,Maybe,Maybe,No,No,
2554,2022,19,Male,Other,No,No,Yes,Sometimes,More than 1000,Yes,Yes,Yes,No,Yes,Don't know,Don't know,Don't know,No,No,No,Some of them,No,Maybe,No,No,
2555,2022,28,Male,United States,No,No,Yes,Sometimes,100-500,Yes,No,Yes,Yes,Yes,Don't know,No,Somewhat difficult,No,No,Some of them,Yes,No,No,No,No,
2556,2021,38,Non-binary,Netherlands,No,Yes,Yes,Often,26-100,No,No,No,Don't know,No,Yes,Yes,Don't know,Maybe,No,No,No,No,No,Yes,Yes,
2557,2021,24,Female,United States,Yes,No,Yes,Never,500-1000,No,Yes,Yes,Yes,Yes,Yes,Yes,Somewhat easy,No,Maybe,Yes,Yes,No,No,Don't know,Yes,Better awareness programs needed.
2558,2021,36,Female,United States,No,No,No,Sometimes,26-100,No,Yes,Yes,No,No,No,Don't know,Somewhat easy,Maybe,No,Yes,No,No,No,Yes,No,Glad to see more companies taking this seriously.
2559,2022,37,Male,Germany,No,No,No,Rarely,26-100,No,No,Don't know,Yes,Don't know,No,Don't know,Somewhat difficult,No,Maybe,Some of them,Yes,No,No,Don't know,No,Glad to see more companies taking this seriously.
2560,2022,41,Female,United States,No,No,Yes,Rarely,100-500,Yes,Yes,Yes,No,Don't know,Yes,Yes,Don't know,No,No,No,No,Maybe,No,Don't know,No,Remote work has been a double-edged sword.
2561,2020,34,Male,Germany,No,No,No,Never,6-25,Yes,No,No,No,Yes,No,Don't know,Don't know,Yes,No,No,No,No,No,Don't know,No,Better awareness programs needed.
2562,2020,20,Male,United States,No,Yes,Yes,Often,100-500,Yes,Yes,Don't know,Don't know,Don't know,Yes,No,Don't know,No,No,Yes,No,Maybe,No,Yes,Yes,Glad to see more companies taking this seriously.
2563,2024,30,Non-binary,United States,No,No,No,Rarely,500-1000,Yes,Yes,No,Yes,No,Yes,Don't know,Don't know,No,No,No,No,Yes,No,Yes,No,Remote work has been a double-edged sword.
2564,2021,39,Male,United States,No,No,No,Rarely,100-500,No,Yes,No,Yes,Don't know,Yes,No,Somewhat difficult,Yes,No,No,Yes,No,Maybe,No,No,
2565,2021,28,Female,Australia,Yes,No,Yes,Sometimes,26-100,No,Yes,No,No,No,No,Don't know,Somewhat difficult,No,No,Yes,No,No,No,Don't know,No,Leadership support makes all the difference.
2566,2019,18,Male,Canada,No,Yes,Yes,Rarely,100-500,No,Yes,No,Don't know,Yes,Yes,Don't know,Don't know,No,No,Yes,Some of them,No,Maybe,Yes,No,Better awareness programs needed.
2567,2020,29,Male,United States,No,No,Yes,Sometimes,500-1000,No,No,Yes,Yes,Yes,No,No,Somewhat difficult,Yes,Maybe,Yes,No,No,Maybe,Yes,No,Management needs training on mental health.
2568,2024,29,Male,Netherlands,No,No,Yes,Often,100-500,No,Yes,No,Don't know,No,Yes,Don't know,Don't know,No,No,Some of them,No,No,No,Don't know,No,Open conversations help reduce stigma.
2569,2021,28,Male,India,No,No,No,Rarely,100-500,Yes,Yes,Yes,Yes,Don't know,Don't know,Yes,Very difficult,Maybe,No,No,No,No,Maybe,Yes,No,
2570,2022,44,Non-binary,Netherlands,No,No,Yes,Never,26-100,Yes,No,No,Don't know,Don't know,Yes,Don't know,Very easy,Maybe,No,Some of them,Yes,Maybe,No,No,Yes,We have EAP but nobody talks about it.
2571,2023,30,Male,United States,No,No,No,Sometimes,500-1000,Yes,Yes,Yes,Yes,No,Yes,Yes,Somewhat easy,No,Yes,Some of them,Yes,Maybe,Maybe,Don't know,No,Better awareness programs needed.
2572,2021,18,Male,United States,No,Yes,No,Rarely,More than 1000,Yes,Yes,Yes,Don't know,No,Don't know,No,Don't know,Maybe,Yes,Yes,No,No,Yes,Yes,No,More anonymous support options would help.
2573,2019,26,Male,Australia,Yes,No,No,Sometimes,100-500,Yes,Yes,No,Yes,Yes,Don't know,Don't know,Somewhat easy,Maybe,No,No,No,No,No,No,No,
2574,2022,38,Male,United States,No,No,Yes,Often,26-100,No,Yes,Yes,Don't know,No,Yes,Don't know,Very difficult,Yes,Maybe,Some of them,No,No,No,Yes,No,Open conversations help reduce stigma.
2575,2023,25,Female,India,No,No,No,Rarely,100-500,Yes,Yes,Yes,No,No,Yes,Yes,Somewhat easy,Maybe,No,No,No,No,Yes,Don't know,No,
2576,2023,23,Male,United States,No,Yes,No,Rarely,500-1000,No,Yes,Yes,No,Don't know,Yes,No,Don't know,Yes,No,Some of them,Some of them,No,Maybe,No,No,
2577,2021,38,Female,United States,No,No,Yes,Rarely,500-1000,No,Yes,Yes,Yes,Don't know,Yes,No,Somewhat difficult,Maybe,No,No,No,No,No,Yes,No,
2578,2021,28,Male,United States,Yes,No,No,Rarely,26-100,No,No,No,Yes,Don't know,Don't know,No,Somewhat easy,Maybe,Maybe,Yes,Yes,No,No,Don't know,Yes,
2579,2023,35,Female,Canada,No,No,No,Never,6-25,Yes,Yes,Yes,No,Don't know,No,Yes,Very easy,Yes,No,No,Yes,Maybe,Maybe,Yes,No,Leadership support makes all the difference.
2580,2022,21,Male,United States,No,Yes,No,Sometimes,100-500,No,Yes,Yes,Don't know,No,Yes,Don't know,Somewhat easy,No,No,Some of them,Yes,No,Maybe,Yes,No,
2581,2024,39,Male,United States,No,Yes,Yes,Rarely,26-100,Yes,Yes,Yes,No,No,No,No,Somewhat easy,Maybe,No,No,Yes,No,Maybe,Don't know,No,
2582,2020,24,Female,Canada,No,No,No,Sometimes,More than 1000,Yes,Yes,Yes,Don't know,Don't know,Yes,No,Don't know,No,No,No,Yes,Maybe,Maybe,Yes,No,More anonymous support options would help.
2583,2023,54,Male,United States,No,No,No,Rarely,More than 1000,No,Yes,No,Yes,No,Don't know,Yes,Somewhat easy,Maybe,No,Some of them,Yes,Maybe,Maybe,Don't know,No,
2584,2023,29,Male,United States,No,Yes,Yes,Sometimes,100-500,No,No,No,No,Yes,No,Yes,Very easy,No,No,Some of them,No,Maybe,Yes,Don't know,No,Anonymous reporting would increase participation.
2585,2024,19,Male,Canada,No,No,No,Rarely,6-25,Yes,Yes,No,No,No,No,Yes,Somewhat difficult,No,No,No,Yes,No,No,Don't know,No,
2586,2022,28,Female,United Kingdom,No,Yes,Yes,Often,More than 1000,Yes,Yes,Yes,Yes,No,Yes,Yes,Don't know,No,No,Yes,Some of them,No,Yes,Don't know,No,More anonymous support options would help.
2587,2024,25,Male,United Kingdom,No,No,No,Rarely,26-100,Yes,Yes,Don't know,Yes,No,No,No,Don't know,No,No,Some of them,No,No,No,No,No,More anonymous support options would help.
2588,2023,30,Male,Canada,No,Yes,Yes,Sometimes,26-100,Yes,No,No,No,Yes,Don't know,No,Very difficult,No,Maybe,No,Yes,Yes,Yes,Yes,No,
2589,2021,18,Male,United States,Yes,Yes,Yes,Sometimes,6-25,Yes,No,Don't know,No,No,Yes,No,Somewhat easy,Maybe,Maybe,No,Some of them,No,Yes,Don't know,No,We have EAP but nobody talks about it.
2590,2020,22,Male,Germany,No,No,No,Never,100-500,No,Yes,Yes,No,No,Don't know,Yes,Somewhat difficult,Maybe,No,Some of them,No,No,Yes,Don't know,Yes,More anonymous support options would help.
2591,2020,40,Male,United States,No,No,No,Never,6-25,No,Yes,No,No,Don't know,No,Don't know,Somewhat easy,No,No,Some of them,Some of them,No,No,Don't know,No,Remote work has been a double-edged sword.
2592,2020,21,Male,United States,No,No,No,Never,26-100,Yes,Yes,Don't know,No,Don't know,No,No,Somewhat easy,No,No,No,No,No,Yes,Yes,No,
2593,2022,37,Male,India,No,No,Yes,Rarely,26-100,Yes,Yes,No,No,Don't know,No,Yes,Somewhat easy,No,No,Some of them,No,No,No,Yes,Yes,
2594,2023,28,Male,France,No,Yes,No,Rarely,100-500,Yes,No,Yes,Yes,No,No,Yes,Don't know,Yes,No,No,Yes,Maybe,No,Don't know,No,Leadership support makes all the difference.
2595,2024,25,Male,United Kingdom,No,No,No,Rarely,6-25,No,Yes,No,No,No,Don't know,No,Don't know,No,No,Some of them,No,Maybe,No,Yes,No,Stigma is still a major issue in my workplace.
2596,2021,42,Male,Netherlands,No,No,No,Rarely,6-25,No,No,Don't know,No,No,Yes,No,Don't know,No,Maybe,No,Some of them,No,Yes,No,Yes,
2597,2021,29,Female,United States,No,Yes,No,Rarely,26-100,No,Yes,No,Don't know,Don't know,No,Don't know,Somewhat easy,Maybe,No,Some of them,No,No,No,No,No,
2598,2021,42,Female,United States,No,Yes,Yes,Never,More than 1000,Yes,No,Yes,Don't know,Don't know,Yes,Don't know,Somewhat difficult,Yes,Maybe,Yes,Yes,No,Yes,Yes,No,
2599,2024,37,Female,Other,Yes,No,Yes,Rarely,More than 1000,No,Yes,Yes,Don't know,No,Don't know,Don't know,Somewhat difficult,No,Maybe,Some of them,Yes,No,Yes,Don't know,Yes,We have EAP but nobody talks about it.
2600,2019,30,Male,Other,No,Yes,No,Never,More than 1000,Yes,Yes,Yes,Yes,No,Yes,No,Somewhat difficult,Maybe,No,Yes,No,No,No,Yes,No,
2601,2022,35,Male,Brazil,No,Yes,Yes,Never,100-500,No,No,Yes,Yes,Yes,Yes,Don't know,Very difficult,No,No,Yes,No,No,Yes,Yes,No,Remote work has been a double-edged sword.
2602,2020,21,Female,United States,Yes,No,No,Often,500-1000,Yes,Yes,Yes,Yes,Yes,No,Yes,Somewhat easy,No,No,Yes,Yes,No,No,No,No,
2603,2019,28,Male,United States,No,No,Yes,Never,100-500,No,No,Yes,No,Yes,Don't know,Don't know,Don't know,Maybe,No,Some of them,No,No,Yes,Yes,Yes,Leadership support makes all the difference.
2604,2022,32,Female,United States,No,No,Yes,Sometimes,More than 1000,Yes,Yes,No,No,No,Don't know,Yes,Very easy,Maybe,No,No,No,No,No,Don't know,No,Leadership support makes all the difference.
2605,2021,39,Female,Germany,No,No,Yes,Rarely,1-5,Yes,Yes,No,Yes,No,No,Yes,Somewhat difficult,No,No,No,Some of them,No,No,Don't know,No,
2606,2024,21,Male,United States,Yes,No,No,Sometimes,6-25,Yes,Yes,Don't know,Don't know,No,Don't know,No,Somewhat difficult,No,Yes,No,Yes,Maybe,No,Yes,No,
2607,2020,28,Male,France,Yes,No,No,Rarely,More than 1000,Yes,Yes,Yes,Yes,Don't know,No,Don't know,Somewhat difficult,No,Maybe,No,No,No,Maybe,Don't know,Yes,
2608,2021,32,Male,Canada,No,No,No,Rarely,More than 1000,Yes,No,Yes,Don't know,Yes,Yes,No,Somewhat easy,No,Maybe,Yes,Yes,No,Maybe,Don't know,No,We have EAP but nobody talks about it.
2609,2020,36,Male,Other,No,No,Yes,Often,26-100,No,Yes,No,No,No,Don't know,Don't know,Don't know,Maybe,No,No,No,No,Maybe,Don't know,Yes,HR resources are available but rarely used.
2610,2024,22,Female,Canada,No,No,Yes,Sometimes,100-500,No,No,Don't know,Yes,No,Yes,Don't know,Somewhat easy,Yes,No,No,Yes,Maybe,No,Don't know,Yes,Remote work has been a double-edged sword.
2611,2020,23,Female,United States,No,Yes,No,Often,6-25,No,No,Yes,No,Yes,Yes,Don't know,Somewhat easy,Yes,Maybe,No,Yes,No,Yes,No,No,More anonymous support options would help.
2612,2023,27,Male,Other,No,No,Yes,Often,6-25,No,Yes,No,No,No,No,Don't know,Very difficult,No,No,No,Some of them,Yes,No,Yes,No,Leadership support makes all the difference.
2613,2020,27,Non-binary,United States,No,No,Yes,Often,100-500,Yes,Yes,No,Yes,No,Yes,Yes,Don't know,No,No,Some of them,No,No,Yes,Don't know,No,Glad to see more companies taking this seriously.
2614,2021,27,Male,United Kingdom,No,Yes,Yes,Often,More than 1000,No,Yes,Yes,Don't know,Yes,Yes,Don't know,Somewhat easy,Yes,No,Some of them,Yes,No,Yes,Yes,No,
2615,2019,35,Male,Other,No,Yes,Yes,Sometimes,1-5,Yes,No,No,Don't know,No,No,No,Don't know,Yes,No,No,No,Maybe,Yes,Don't know,No,More anonymous support options would help.
2616,2023,31,Male,Canada,No,Yes,Yes,Sometimes,100-500,No,No,Yes,Yes,Yes,Yes,Yes,Don't know,No,No,Yes,No,No,No,Don't know,No,
2617,2023,18,Male,United States,No,Yes,Yes,Often,100-500,No,Yes,No,Don't know,Yes,Yes,Yes,Very easy,Yes,Maybe,Some of them,No,Maybe,Yes,No,No,HR resources are available but rarely used.
2618,2020,21,Male,United States,No,Yes,Yes,Sometimes,1-5,Yes,Yes,Yes,No,No,No,Yes,Somewhat difficult,Yes,No,Yes,No,No,Maybe,No,No,HR resources are available but rarely used.
2619,2019,33,Male,India,No,No,Yes,Sometimes,More than 1000,No,Yes,Yes,No,No,Yes,No,Somewhat difficult,No,No,No,Yes,No,Yes,No,No,
2620,2024,34,Other / Prefer not to say,Germany,Yes,Yes,Yes,Never,500-1000,Yes,Yes,Yes,Yes,Don't know,Yes,Yes,Somewhat easy,Maybe,No,Yes,Yes,No,Yes,Don't know,No,Remote work has been a double-edged sword.
2621,2024,30,Female,Other,No,No,No,Often,More than 1000,No,Yes,Yes,Yes,No,No,No,Somewhat difficult,No,Yes,Yes,Some of them,No,No,Don't know,Yes,Leadership support makes all the difference.
2622,2020,30,Male,United States,No,Yes,No,Sometimes,500-1000,Yes,Yes,Yes,Don't know,Don't know,No,Don't know,Somewhat difficult,No,No,Yes,Yes,Maybe,Yes,No,No,Leadership support makes all the difference.
2623,2020,31,Male,United Kingdom,No,Yes,Yes,Often,26-100,Yes,Yes,No,No,Don't know,Yes,Don't know,Somewhat difficult,No,Yes,No,Some of them,No,Maybe,Don't know,No,
2624,2024,34,Male,United States,No,Yes,Yes,Sometimes,100-500,Yes,Yes,Don't know,Don't know,Don't know,No,Don't know,Very easy,No,Maybe,No,No,No,No,No,No,We have EAP but nobody talks about it.
2625,2024,19,Male,United States,No,No,No,Never,6-25,Yes,Yes,No,No,Don't know,No,Don't know,Somewhat easy,Maybe,No,Yes,No,No,No,Don't know,No,
2626,2023,37,Non-binary,Other,No,No,Yes,Often,More than 1000,No,No,Yes,Yes,Yes,Yes,Yes,Somewhat difficult,No,No,No,No,Maybe,No,Don't know,No,Management needs training on mental health.
2627,2020,32,Male,Other,No,No,No,Rarely,100-500,Yes,Yes,No,Yes,Yes,Yes,Yes,Very difficult,Maybe,No,Some of them,Yes,No,Maybe,Yes,No,Anonymous reporting would increase participation.
2628,2019,30,Other / Prefer not to say,Netherlands,No,No,Yes,Sometimes,26-100,No,No,No,No,Don't know,Don't know,Don't know,Somewhat difficult,No,No,No,No,No,No,Yes,No,Open conversations help reduce stigma.
2629,2024,40,Female,United States,No,No,Yes,Rarely,500-1000,Yes,Yes,Yes,Yes,Yes,No,Don't know,Somewhat difficult,Yes,No,Some of them,No,Yes,No,No,No,We have EAP but nobody talks about it.
2630,2020,25,Female,Germany,No,Yes,Yes,Rarely,100-500,Yes,Yes,Don't know,Yes,Yes,No,Yes,Somewhat difficult,Maybe,Maybe,No,No,Maybe,No,Yes,No,
2631,2021,45,Male,Brazil,No,No,No,Rarely,1-5,No,Yes,No,No,No,Don't know,No,Very difficult,No,No,Some of them,Some of them,No,Yes,Yes,No,Better awareness programs needed.
2632,2019,32,Male,United States,Yes,Yes,No,Sometimes,100-500,No,No,Yes,Yes,No,No,Don't know,Very difficult,Maybe,No,Some of them,Yes,Yes,Yes,Yes,No,
2633,2019,26,Male,Sweden,No,Yes,Yes,Sometimes,500-1000,Yes,Yes,Don't know,Don't know,No,No,Don't know,Very difficult,No,No,Some of them,No,Maybe,Yes,No,No,Burnout is rampant in my team.
2634,2022,43,Male,Germany,No,Yes,No,Never,More than 1000,Yes,Yes,Yes,Yes,No,Yes,Don't know,Don't know,Maybe,No,Some of them,No,No,Maybe,Don't know,No,
2635,2023,21,Male,United States,No,Yes,Yes,Sometimes,More than 1000,Yes,Yes,Yes,Yes,Yes,Don't know,No,Somewhat easy,Maybe,No,No,Yes,No,Yes,Yes,No,Management needs training on mental health.
2636,2022,23,Male,United States,No,Yes,No,Never,26-100,Yes,Yes,Yes,Yes,Don't know,No,Don't know,Somewhat difficult,No,No,No,No,Maybe,Yes,Yes,Yes,Stigma is still a major issue in my workplace.
2637,2019,28,Male,India,Yes,No,Yes,Sometimes,26-100,No,Yes,No,Don't know,No,No,No,Don't know,No,Maybe,Some of them,No,Yes,Maybe,Yes,No,Stigma is still a major issue in my workplace.
2638,2022,36,Male,United States,No,No,Yes,Sometimes,26-100,No,Yes,Don't know,No,No,No,Yes,Somewhat difficult,Maybe,No,No,No,Maybe,Maybe,Don't know,No,
2639,2024,41,Male,Canada,No,No,No,Never,26-100,No,Yes,No,Don't know,Don't know,Don't know,Yes,Don't know,No,No,Yes,Yes,No,Maybe,Yes,No,Better awareness programs needed.
2640,2021,42,Female,United States,No,No,Yes,Rarely,1-5,No,Yes,No,No,No,Don't know,Yes,Very easy,No,Maybe,Yes,Some of them,Maybe,No,Don't know,No,
2641,2022,25,Male,United Kingdom,No,No,Yes,Sometimes,500-1000,No,Yes,Yes,Don't know,Yes,Don't know,Don't know,Don't know,Maybe,Maybe,No,No,Yes,No,Don't know,Yes,HR resources are available but rarely used.
2642,2021,31,Male,United States,No,No,Yes,Sometimes,26-100,No,Yes,No,No,No,No,Don't know,Very difficult,Maybe,No,No,Some of them,No,Maybe,No,No,
2643,2024,36,Male,United States,No,Yes,Yes,Sometimes,6-25,Yes,Yes,Don't know,No,Yes,No,Don't know,Don't know,Maybe,No,No,Yes,No,No,Yes,No,HR resources are available but rarely used.
2644,2021,33,Male,United States,No,No,No,Rarely,6-25,Yes,No,Yes,Don't know,No,No,No,Don't know,No,No,No,No,Maybe,Maybe,Yes,No,
2645,2023,23,Female,United States,No,No,No,Rarely,500-1000,Yes,Yes,No,Yes,No,Don't know,Yes,Somewhat easy,Maybe,No,No,No,Maybe,Maybe,Yes,Yes,Better awareness programs needed.
2646,2021,18,Male,United States,No,No,Yes,Sometimes,500-1000,No,Yes,Don't know,Don't know,Yes,Don't know,No,Somewhat easy,No,Maybe,No,Some of them,No,No,Yes,No,More anonymous support options would help.
2647,2019,53,Male,Canada,No,Yes,Yes,Often,26-100,Yes,Yes,No,No,No,Don't know,Don't know,Very easy,Maybe,Maybe,Some of them,No,Maybe,Yes,No,Yes,Glad to see more companies taking this seriously.
2648,2020,40,Non-binary,United States,Yes,Yes,No,Sometimes,500-1000,No,No,Yes,Don't know,Yes,Yes,Don't know,Somewhat easy,Yes,Maybe,No,Some of them,No,Yes,Yes,Yes,We have EAP but nobody talks about it.
2649,2024,38,Female,United States,No,Yes,Yes,Rarely,1-5,Yes,No,Don't know,No,No,Don't know,Don't know,Somewhat easy,Maybe,Maybe,No,No,Maybe,Maybe,No,No,
2650,2024,20,Other / Prefer not to say,United States,No,Yes,No,Never,26-100,No,Yes,Don't know,No,No,No,Don't know,Very easy,No,No,Yes,No,No,No,Don't know,Yes,
2651,2024,35,Male,Canada,No,No,Yes,Sometimes,100-500,Yes,Yes,Don't know,No,Don't know,No,Yes,Somewhat easy,No,No,No,Yes,Maybe,Maybe,No,Yes,
2652,2023,32,Male,United States,No,No,Yes,Sometimes,100-500,No,Yes,Yes,Yes,Yes,Yes,Don't know,Very easy,No,No,No,No,No,No,Yes,No,Open conversations help reduce stigma.
2653,2020,32,Female,United Kingdom,No,No,No,Sometimes,26-100,Yes,No,No,No,Don't know,Don't know,No,Somewhat easy,No,Yes,No,Some of them,No,No,Yes,No,Stigma is still a major issue in my workplace.
2654,2021,24,Female,United States,No,No,No,Often,100-500,Yes,Yes,Yes,Don't know,Don't know,Don't know,No,Don't know,No,Yes,No,No,Maybe,No,Don't know,No,
2655,2023,41,Female,United States,Yes,No,No,Never,More than 1000,No,Yes,Yes,No,Don't know,Don't know,Don't know,Somewhat easy,Maybe,Maybe,Yes,No,No,Yes,Yes,No,More anonymous support options would help.
2656,2022,36,Male,Other,No,Yes,Yes,Often,More than 1000,No,No,Don't know,Yes,No,Yes,Don't know,Don't know,Yes,No,No,Some of them,No,No,Yes,Yes,We have EAP but nobody talks about it.
2657,2024,45,Non-binary,United Kingdom,No,Yes,No,Rarely,6-25,No,No,No,Yes,No,No,No,Don't know,No,No,Yes,No,No,No,No,No,
2658,2020,25,Non-binary,Other,Yes,No,No,Rarely,26-100,No,Yes,No,No,No,No,Yes,Somewhat easy,No,Maybe,No,Yes,Yes,No,Yes,Yes,Stigma is still a major issue in my workplace.
2659,2021,35,Female,United States,Yes,No,No,Rarely,6-25,No,Yes,Don't know,Yes,No,Yes,Yes,Don't know,Yes,No,No,Some of them,No,No,Don't know,No,Open conversations help reduce stigma.
2660,2020,31,Female,Ireland,No,No,No,Often,26-100,Yes,Yes,No,Don't know,Yes,Yes,No,Somewhat difficult,Yes,No,Yes,No,No,Yes,Yes,No,Better awareness programs needed.
2661,2020,31,Male,United States,No,No,No,Sometimes,More than 1000,No,Yes,Yes,Yes,Don't know,No,Don't know,Don't know,Maybe,Maybe,Some of them,No,No,Maybe,Don't know,No,Remote work has been a double-edged sword.
2662,2021,32,Female,United Kingdom,No,No,No,Never,26-100,No,Yes,No,Don't know,No,No,Don't know,Somewhat easy,Yes,Maybe,No,Yes,Maybe,Maybe,Don't know,No,
2663,2021,24,Female,United States,No,No,Yes,Rarely,100-500,Yes,Yes,Yes,Yes,No,Yes,Yes,Somewhat difficult,No,No,Yes,Yes,No,Maybe,Yes,No,Leadership support makes all the difference.
2664,2023,28,Male,United States,No,No,Yes,Never,More than 1000,Yes,Yes,Yes,Yes,No,Yes,Yes,Very easy,Maybe,No,Some of them,Yes,Yes,Maybe,No,No,
2665,2021,40,Male,United Kingdom,No,No,No,Never,More than 1000,Yes,No,Yes,Yes,Yes,Don't know,Yes,Don't know,Maybe,No,No,Yes,No,No,Don't know,Yes,
2666,2020,42,Male,United States,Yes,Yes,No,Rarely,6-25,Yes,Yes,Don't know,Don't know,No,Yes,No,Very difficult,Yes,No,No,Some of them,No,Yes,Don't know,No,
2667,2021,18,Male,Germany,No,No,No,Rarely,More than 1000,No,No,Don't know,Don't know,No,No,Yes,Don't know,Yes,No,No,No,No,Maybe,Don't know,Yes,
2668,2022,33,Male,Germany,No,Yes,No,Often,26-100,Yes,Yes,Don't know,Don't know,Don't know,Don't know,No,Very difficult,Maybe,No,Yes,No,Maybe,Maybe,Don't know,No,
2669,2020,20,Female,United States,No,No,No,Rarely,100-500,No,Yes,No,No,No,Yes,Don't know,Somewhat easy,Maybe,No,No,Some of them,Yes,Maybe,Yes,No,Anonymous reporting would increase participation.
2670,2019,39,Female,Sweden,No,No,No,Never,More than 1000,No,Yes,No,Yes,Don't know,Yes,Yes,Somewhat difficult,Maybe,No,Some of them,Some of them,No,Maybe,No,Yes,More anonymous support options would help.
2671,2022,38,Female,Other,No,No,Yes,Sometimes,6-25,No,Yes,Don't know,Don't know,Don't know,No,No,Somewhat difficult,No,Yes,Some of them,Some of them,No,Yes,Yes,Yes,Management needs training on mental health.
2672,2022,19,Female,Canada,No,Yes,Yes,Often,100-500,No,Yes,No,Don't know,No,Don't know,Don't know,Somewhat easy,Maybe,No,Some of them,No,No,No,Yes,No,Remote work has been a double-edged sword.
2673,2020,35,Male,France,No,Yes,Yes,Rarely,500-1000,No,Yes,Yes,Yes,Don't know,No,Yes,Don't know,Maybe,Yes,No,Some of them,Maybe,Maybe,Yes,No,
2674,2022,30,Male,Australia,No,Yes,Yes,Sometimes,500-1000,No,Yes,Don't know,Yes,Yes,No,Don't know,Somewhat difficult,No,Yes,No,Some of them,Maybe,No,Don't know,No,Burnout is rampant in my team.
2675,2022,30,Male,United Kingdom,No,No,No,Rarely,1-5,Yes,Yes,No,Yes,No,Don't know,Yes,Don't know,Yes,No,No,Yes,Maybe,Maybe,Don't know,No,
2676,2019,34,Other / Prefer not to say,United Kingdom,No,No,Yes,Often,More than 1000,No,Yes,No,Don't know,Don't know,Yes,Don't know,Somewhat difficult,Yes,No,No,Some of them,Maybe,No,Don't know,No,Glad to see more companies taking this seriously.
2677,2022,21,Male,France,No,No,No,Never,26-100,No,No,No,Don't know,No,Yes,Don't know,Somewhat easy,Maybe,Maybe,No,Yes,No,Maybe,No,No,
2678,2020,36,Male,Ireland,No,No,No,Never,More than 1000,Yes,Yes,Don't know,Yes,Yes,No,Yes,Very easy,Maybe,Maybe,No,No,Yes,No,Yes,No,More anonymous support options would help.
2679,2019,40,Female,Canada,No,No,Yes,Rarely,500-1000,No,Yes,Yes,Yes,Yes,Yes,Yes,Very easy,Maybe,Maybe,Yes,No,No,Maybe,Yes,No,Remote work has been a double-edged sword.
2680,2023,18,Male,United States,No,Yes,No,Never,6-25,Yes,Yes,Yes,Yes,No,No,Don't know,Don't know,Yes,No,Some of them,Yes,Maybe,Maybe,Yes,No,
2681,2024,27,Female,Canada,No,Yes,Yes,Often,100-500,No,No,No,No,Yes,Yes,Don't know,Somewhat easy,No,No,Yes,Yes,No,No,Don't know,No,
2682,2022,38,Male,Germany,Yes,No,Yes,Often,100-500,No,Yes,Yes,Yes,Don't know,No,Don't know,Somewhat easy,Maybe,No,Yes,No,No,No,Don't know,No,
2683,2024,38,Male,Canada,No,No,Yes,Often,100-500,Yes,No,Yes,Yes,Don't know,Yes,Don't know,Very difficult,Maybe,No,No,No,No,No,Yes,No,
2684,2024,28,Non-binary,Other,Yes,No,Yes,Sometimes,100-500,Yes,Yes,Yes,Yes,Yes,Don't know,Yes,Somewhat easy,No,No,Yes,No,No,No,No,No,We have EAP but nobody talks about it.
2685,2020,33,Male,United States,No,Yes,No,Never,1-5,Yes,Yes,Yes,No,No,Yes,Yes,Very difficult,Maybe,No,Yes,No,No,No,No,No,
2686,2023,26,Male,United Kingdom,No,No,No,Never,500-1000,No,Yes,No,No,Yes,Don't know,Don't know,Don't know,No,No,No,Some of them,Maybe,Maybe,Don't know,No,
2687,2019,43,Male,United Kingdom,No,Yes,No,Rarely,1-5,Yes,Yes,No,Yes,Don't know,Don't know,Don't know,Very easy,Yes,Maybe,Yes,No,Maybe,No,No,No,Burnout is rampant in my team.
2688,2020,26,Male,Other,No,No,No,Never,100-500,Yes,No,Yes,No,No,Yes,Yes,Somewhat easy,Yes,No,Some of them,Yes,No,No,No,No,We have EAP but nobody talks about it.
2689,2023,28,Male,Other,No,No,No,Never,500-1000,Yes,Yes,No,Yes,Don't know,Don't know,Don't know,Somewhat easy,Yes,No,No,No,Maybe,No,No,No,Better awareness programs needed.
2690,2023,27,Male,United States,No,Yes,Yes,Sometimes,500-1000,Yes,Yes,Don't know,Don't know,Don't know,No,Yes,Somewhat difficult,Maybe,No,No,No,Maybe,Yes,Don't know,No,
2691,2024,23,Male,Ireland,Yes,No,No,Never,26-100,Yes,No,Yes,Don't know,No,Don't know,No,Somewhat easy,Yes,No,Yes,Yes,No,No,Yes,No,Burnout is rampant in my team.
2692,2019,21,Male,Brazil,No,No,No,Never,26-100,No,No,Don't know,No,No,No,No,Very easy,No,Maybe,No,No,No,Maybe,Yes,No,Management needs training on mental health.
2693,2019,18,Male,United States,No,No,Yes,Often,26-100,No,Yes,No,No,No,No,No,Don't know,No,No,No,Some of them,No,Yes,No,No,
2694,2020,29,Male,United States,No,Yes,No,Sometimes,100-500,No,Yes,Yes,Don't know,Yes,Don't know,No,Somewhat easy,Maybe,No,No,Some of them,Maybe,Maybe,No,Yes,
2695,2023,26,Female,United States,No,Yes,No,Sometimes,500-1000,Yes,Yes,Don't know,Yes,Yes,Don't know,No,Somewhat difficult,Maybe,Maybe,No,Some of them,No,Maybe,Yes,No,
2696,2019,18,Female,United Kingdom,No,Yes,No,Sometimes,26-100,No,No,Don't know,Don't know,No,No,Don't know,Somewhat difficult,Maybe,Yes,Yes,Yes,No,No,No,No,
2697,2023,26,Male,United States,Yes,No,No,Rarely,26-100,No,Yes,No,No,No,No,Yes,Don't know,Maybe,No,Some of them,Yes,Yes,Yes,Yes,No,Anonymous reporting would increase participation.
2698,2022,39,Female,United Kingdom,No,No,Yes,Often,100-500,Yes,Yes,Yes,Yes,Yes,Yes,No,Somewhat difficult,No,Yes,Some of them,Yes,Maybe,Maybe,No,Yes,We have EAP but nobody talks about it.
2699,2019,31,Female,Other,Yes,Yes,Yes,Sometimes,6-25,No,No,Yes,No,Yes,Yes,Yes,Somewhat easy,Yes,Maybe,No,No,No,Yes,Don't know,No,
2700,2022,18,Non-binary,United Kingdom,Yes,No,Yes,Often,26-100,Yes,Yes,Don't know,Don't know,Don't know,Yes,Don't know,Don't know,No,No,Yes,Yes,No,No,Yes,No,
2701,2024,35,Male,Netherlands,No,Yes,No,Never,100-500,Yes,Yes,No,Yes,Yes,Yes,No,Somewhat easy,Maybe,No,No,Some of them,Maybe,Maybe,Yes,No,Burnout is rampant in my team.
2702,2023,41,Female,Canada,No,No,Yes,Often,26-100,Yes,Yes,No,No,No,No,No,Don't know,Maybe,No,Some of them,No,Maybe,Maybe,No,No,Anonymous reporting would increase participation.
2703,2022,39,Female,Netherlands,No,No,No,Sometimes,6-25,Yes,Yes,No,No,No,Don't know,Don't know,Somewhat easy,No,No,Yes,No,No,Maybe,Don't know,No,HR resources are available but rarely used.
2704,2021,37,Non-binary,France,No,No,No,Rarely,6-25,Yes,Yes,Don't know,No,No,Yes,No,Somewhat easy,No,Yes,No,Some of them,Yes,Maybe,Yes,No,
2705,2023,20,Male,United Kingdom,No,No,No,Never,More than 1000,No,No,No,Don't know,Don't know,Don't know,No,Very easy,Maybe,No,No,Some of them,No,Yes,No,Yes,More anonymous support options would help.
2706,2024,23,Female,Other,No,No,No,Sometimes,1-5,No,No,No,No,Yes,No,Yes,Don't know,Yes,No,Some of them,Yes,Yes,No,Don't know,No,Remote work has been a double-edged sword.
2707,2023,18,Male,Canada,No,No,Yes,Sometimes,100-500,No,No,Don't know,Yes,No,Yes,Yes,Somewhat easy,Maybe,No,No,Yes,No,No,Yes,Yes,
2708,2024,28,Male,Ireland,No,No,No,Rarely,26-100,Yes,Yes,Don't know,No,Yes,Don't know,Yes,Somewhat easy,Maybe,No,Yes,No,Maybe,Yes,Yes,No,
2709,2021,41,Female,United States,No,No,No,Rarely,26-100,Yes,No,No,Don't know,No,Don't know,Don't know,Somewhat difficult,Maybe,No,Yes,No,No,No,No,No,Anonymous reporting would increase participation.
2710,2021,25,Male,United States,No,Yes,Yes,Rarely,6-25,No,No,Don't know,No,Don't know,Don't know,Don't know,Somewhat easy,Maybe,No,No,No,No,Maybe,No,No,
2711,2023,18,Male,United States,No,No,No,Rarely,26-100,Yes,Yes,No,No,No,Yes,Yes,Don't know,Maybe,Yes,No,Some of them,Yes,No,Don't know,No,Stigma is still a major issue in my workplace.
2712,2019,19,Male,Canada,No,Yes,No,Never,1-5,No,Yes,No,Don't know,Yes,No,No,Somewhat easy,No,No,No,No,No,No,Don't know,No,Better awareness programs needed.
2713,2023,30,Female,Canada,No,Yes,Yes,Sometimes,500-1000,No,No,Yes,No,No,Don't know,Don't know,Somewhat difficult,No,No,No,Some of them,Maybe,Maybe,Yes,Yes,Burnout is rampant in my team.
2714,2021,30,Male,United Kingdom,No,No,No,Rarely,6-25,No,Yes,Don't know,Don't know,No,Yes,No,Somewhat easy,No,Maybe,Yes,Yes,No,Maybe,Don't know,No,Management needs training on mental health.
2715,2023,26,Male,United Kingdom,No,No,No,Never,26-100,Yes,Yes,No,No,Don't know,Yes,Don't know,Somewhat difficult,No,No,No,Some of them,No,Maybe,Don't know,No,Remote work has been a double-edged sword.
2716,2024,32,Male,India,No,No,No,Rarely,6-25,Yes,No,Yes,Don't know,Don't know,Don't know,No,Somewhat easy,No,No,Yes,Some of them,Maybe,Maybe,No,No,Stigma is still a major issue in my workplace.
2717,2022,34,Male,Australia,No,Yes,Yes,Sometimes,500-1000,Yes,Yes,Yes,No,No,No,Don't know,Somewhat easy,No,Maybe,No,Some of them,No,Maybe,Don't know,No,
2718,2024,35,Male,France,No,Yes,Yes,Sometimes,6-25,Yes,Yes,Yes,No,Don't know,No,Don't know,Very difficult,Yes,No,Yes,No,Yes,Maybe,Yes,No,Management needs training on mental health.
2719,2020,22,Male,United States,No,No,No,Never,100-500,Yes,Yes,Yes,Yes,Yes,Don't know,Don't know,Somewhat easy,Maybe,Maybe,Some of them,No,No,No,No,Yes,Anonymous reporting would increase participation.
2720,2024,46,Male,Australia,No,No,No,Rarely,100-500,Yes,Yes,Don't know,Yes,No,Yes,Yes,Somewhat difficult,No,No,Yes,Some of them,Maybe,No,Don't know,No,More anonymous support options would help.
2721,2020,31,Male,Germany,Yes,Yes,No,Never,100-500,Yes,Yes,Yes,Yes,Yes,Yes,Don't know,Very difficult,Maybe,No,Yes,No,Maybe,No,Yes,No,We have EAP but nobody talks about it.
2722,2024,22,Female,United States,No,No,No,Often,More than 1000,Yes,Yes,Yes,No,No,Yes,No,Don't know,No,No,Yes,Some of them,Maybe,Maybe,Yes,No,Anonymous reporting would increase participation.
2723,2023,38,Female,United States,No,No,Yes,Rarely,1-5,Yes,Yes,Don't know,Don't know,No,Yes,No,Don't know,Maybe,No,Yes,No,No,Yes,No,No,Glad to see more companies taking this seriously.
2724,2019,32,Male,India,No,No,No,Rarely,100-500,No,No,Don't know,Don't know,Don't know,Yes,Yes,Don't know,No,No,Yes,No,No,No,Don't know,No,Leadership support makes all the difference.
2725,2022,18,Male,United States,No,Yes,Yes,Rarely,26-100,No,Yes,No,No,Yes,No,No,Somewhat easy,No,Maybe,Yes,No,No,No,Don't know,No,Remote work has been a double-edged sword.
2726,2023,32,Male,Australia,No,No,Yes,Often,26-100,No,No,Yes,No,No,Yes,Don't know,Don't know,No,No,Yes,Some of them,Maybe,No,Don't know,Yes,
2727,2024,34,Male,Canada,No,Yes,Yes,Often,500-1000,No,No,Yes,Yes,No,No,Yes,Don't know,Maybe,No,No,Yes,Yes,Yes,Don't know,Yes,We have EAP but nobody talks about it.
2728,2024,44,Male,Australia,No,No,Yes,Never,100-500,Yes,No,Yes,Don't know,Yes,Yes,Yes,Somewhat difficult,No,No,No,No,Maybe,No,Yes,Yes,We have EAP but nobody talks about it.
2729,2022,31,Male,United States,No,Yes,No,Never,500-1000,Yes,Yes,Don't know,Don't know,No,Don't know,Don't know,Somewhat easy,Maybe,No,Yes,Some of them,No,Maybe,Don't know,No,We have EAP but nobody talks about it.
2730,2021,28,Female,United States,No,No,No,Rarely,1-5,Yes,No,Yes,Yes,No,Yes,No,Don't know,Yes,No,Some of them,No,No,Maybe,Yes,No,We have EAP but nobody talks about it.
2731,2023,19,Female,United States,No,No,Yes,Sometimes,500-1000,Yes,No,Yes,Don't know,Yes,Don't know,No,Somewhat easy,Maybe,Maybe,Some of them,No,No,Maybe,Yes,No,
2732,2024,24,Male,United States,Yes,Yes,No,Never,100-500,No,No,Yes,Yes,No,Yes,Don't know,Somewhat easy,No,Yes,No,No,No,No,Don't know,No,Leadership support makes all the difference.
2733,2019,24,Male,United Kingdom,No,No,Yes,Sometimes,100-500,Yes,No,Don't know,Don't know,No,Yes,Don't know,Somewhat difficult,Maybe,Yes,Some of them,Some of them,No,Maybe,Don't know,No,Remote work has been a double-edged sword.
2734,2022,23,Female,India,No,No,No,Often,More than 1000,Yes,Yes,Yes,Yes,Yes,Don't know,Yes,Somewhat easy,No,No,No,Some of them,No,Maybe,Don't know,No,Management needs training on mental health.
2735,2022,18,Female,United States,No,No,No,Rarely,More than 1000,Yes,No,Yes,Don't know,Yes,Yes,Yes,Somewhat easy,Yes,No,Yes,Some of them,Maybe,No,No,Yes,
2736,2021,19,Female,Canada,No,Yes,No,Never,26-100,No,Yes,No,No,Don't know,Don't know,Don't know,Somewhat easy,Maybe,No,Some of them,Some of them,No,No,No,No,
2737,2019,26,Female,Germany,No,No,Yes,Sometimes,1-5,Yes,No,Don't know,No,No,Don't know,Don't know,Very easy,Maybe,No,No,Yes,No,Maybe,No,No,Better awareness programs needed.
2738,2022,18,Male,United Kingdom,No,No,Yes,Never,26-100,Yes,Yes,Yes,No,Don't know,No,Don't know,Somewhat easy,Maybe,No,No,No,No,No,Yes,No,We have EAP but nobody talks about it.
2739,2020,32,Non-binary,Australia,No,No,No,Never,26-100,Yes,No,No,Don't know,Yes,Don't know,No,Somewhat difficult,No,No,Some of them,Yes,No,Yes,No,No,
2740,2019,20,Male,United States,Yes,No,No,Never,More than 1000,No,Yes,No,Yes,No,No,Yes,Somewhat easy,Maybe,No,Some of them,No,No,No,Don't know,No,HR resources are available but rarely used.
2741,2023,25,Female,United States,No,Yes,No,Rarely,More than 1000,Yes,Yes,Don't know,Don't know,Yes,Yes,Yes,Don't know,Maybe,Maybe,Some of them,Yes,No,Maybe,Don't know,No,Management needs training on mental health.
2742,2022,31,Male,United States,No,Yes,Yes,Sometimes,26-100,Yes,Yes,No,No,No,Don't know,No,Don't know,No,No,Yes,No,No,No,Yes,No,Glad to see more companies taking this seriously.
2743,2020,24,Female,Other,No,Yes,Yes,Rarely,500-1000,Yes,No,No,Yes,Yes,No,Don't know,Somewhat difficult,No,No,Some of them,No,No,Yes,Don't know,No,We have EAP but nobody talks about it.
2744,2023,24,Male,United States,No,Yes,No,Rarely,6-25,No,Yes,Yes,No,No,No,No,Very easy,No,Yes,Yes,No,No,Maybe,Yes,No,
2745,2022,37,Female,United States,Yes,No,No,Rarely,500-1000,No,Yes,Don't know,Don't know,No,Don't know,Yes,Very easy,No,Maybe,No,Yes,No,Yes,No,No,
2746,2020,23,Male,United States,No,No,No,Sometimes,100-500,Yes,Yes,Yes,Yes,No,Don't know,Don't know,Very easy,Yes,No,No,No,No,Maybe,Don't know,No,
2747,2022,38,Male,Canada,No,No,Yes,Rarely,100-500,No,Yes,Yes,Yes,No,Yes,Yes,Very easy,No,No,Some of them,Yes,No,No,Yes,No,
2748,2019,31,Female,United Kingdom,No,No,No,Sometimes,6-25,Yes,Yes,Yes,No,No,Don't know,No,Very easy,No,Maybe,No,Some of them,No,No,Yes,Yes,Management needs training on mental health.
2749,2023,28,Male,Ireland,No,No,Yes,Sometimes,100-500,No,Yes,No,Don't know,No,No,Yes,Somewhat easy,No,No,Some of them,No,No,No,No,Yes,Burnout is rampant in my team.
2750,2019,19,Male,Canada,No,No,Yes,Rarely,100-500,Yes,Yes,Yes,No,No,Don't know,Yes,Very easy,Maybe,No,Some of them,Yes,No,Yes,No,Yes,
2751,2024,23,Female,Canada,No,No,Yes,Never,1-5,Yes,Yes,Yes,Don't know,No,No,No,Don't know,Yes,Yes,Yes,No,No,Maybe,No,No,Stigma is still a major issue in my workplace.
2752,2022,32,Male,Other,No,No,Yes,Sometimes,26-100,Yes,Yes,Don't know,No,No,No,No,Somewhat difficult,No,No,No,Some of them,No,No,Don't know,No,Management needs training on mental health.
2753,2021,37,Male,Other,Yes,No,No,Rarely,500-1000,Yes,Yes,Yes,Yes,Yes,No,Don't know,Somewhat easy,No,No,Some of them,Some of them,No,Maybe,Don't know,No,Leadership support makes all the difference.
2754,2019,37,Male,United Kingdom,No,Yes,No,Rarely,100-500,No,Yes,Yes,Yes,Yes,Yes,Don't know,Somewhat easy,Maybe,No,No,Some of them,No,Yes,Don't know,No,Burnout is rampant in my team.
2755,2022,32,Male,United States,No,Yes,Yes,Rarely,More than 1000,Yes,Yes,Yes,Don't know,Yes,No,Yes,Don't know,Yes,No,Yes,Yes,Maybe,Yes,No,No,
2756,2023,38,Female,Germany,No,No,No,Sometimes,More than 1000,No,Yes,No,Don't know,No,No,No,Somewhat easy,No,No,No,No,No,No,Don't know,Yes,More anonymous support options would help.
2757,2022,27,Male,United States,No,No,No,Rarely,More than 1000,No,Yes,Yes,Yes,Yes,Don't know,Yes,Very difficult,Yes,No,Yes,Yes,No,No,Don't know,Yes,We have EAP but nobody talks about it.
2758,2024,34,Male,United States,No,Yes,No,Rarely,More than 1000,Yes,Yes,No,Yes,No,Yes,Yes,Don't know,Maybe,No,No,No,No,Maybe,No,Yes,
2759,2019,33,Female,Ireland,No,No,No,Never,100-500,No,Yes,No,Yes,Don't know,No,Don't know,Somewhat difficult,No,No,Some of them,Some of them,No,No,Yes,No,
2760,2024,32,Male,United Kingdom,No,No,No,Never,100-500,Yes,Yes,Yes,Don't know,Don't know,Yes,No,Don't know,Maybe,No,Some of them,No,No,No,Don't know,Yes,HR resources are available but rarely used.
2761,2021,23,Female,United States,No,Yes,Yes,Often,6-25,Yes,Yes,Yes,No,Don't know,No,No,Somewhat easy,Maybe,No,Some of them,Some of them,No,Maybe,Yes,No,Remote work has been a double-edged sword.
2762,2024,35,Male,United States,No,No,Yes,Sometimes,1-5,No,No,No,No,No,No,Don't know,Don't know,Maybe,No,Yes,No,No,No,Don't know,No,Remote work has been a double-edged sword.
2763,2022,30,Female,United States,No,No,Yes,Never,6-25,Yes,No,Yes,Don't know,Yes,No,No,Somewhat easy,No,No,Some of them,Some of them,No,Yes,Don't know,No,Glad to see more companies taking this seriously.
2764,2024,24,Male,United States,Yes,No,No,Never,100-500,Yes,Yes,Yes,Don't know,Yes,Yes,No,Somewhat easy,No,Maybe,No,Some of them,Yes,Yes,Don't know,Yes,Anonymous reporting would increase participation.
2765,2020,43,Male,Netherlands,No,No,No,Sometimes,More than 1000,Yes,Yes,Yes,No,Yes,No,Yes,Don't know,Yes,No,No,Yes,No,No,Yes,No,Glad to see more companies taking this seriously.
2766,2021,21,Other / Prefer not to say,France,No,No,No,Rarely,1-5,Yes,Yes,Yes,Don't know,No,No,No,Somewhat difficult,No,No,Yes,No,No,No,No,No,
2767,2022,25,Male,United Kingdom,No,No,No,Never,More than 1000,Yes,Yes,Don't know,Yes,No,No,Yes,Don't know,No,No,Yes,Yes,Maybe,No,No,No,Anonymous reporting would increase participation.
2768,2023,30,Male,Other,No,No,No,Never,26-100,No,No,Don't know,No,Don't know,Yes,No,Somewhat easy,No,No,No,Some of them,Maybe,No,Don't know,No,More anonymous support options would help.
2769,2024,18,Male,United States,No,No,Yes,Never,26-100,Yes,No,No,Yes,No,Don't know,No,Very easy,No,Maybe,Yes,Yes,No,No,No,No,Leadership support makes all the difference.
2770,2024,35,Male,Canada,Yes,Yes,Yes,Sometimes,1-5,No,No,Yes,Don't know,No,Yes,No,Somewhat easy,Maybe,No,Some of them,No,Yes,Maybe,Yes,No,
2771,2021,38,Male,Ireland,No,Yes,Yes,Sometimes,26-100,No,No,No,Don't know,No,No,Don't know,Very difficult,No,Yes,No,Yes,No,No,Don't know,No,
2772,2021,27,Male,Other,No,No,No,Never,500-1000,Yes,No,Yes,Yes,Don't know,No,Don't know,Very easy,No,No,No,Some of them,No,Maybe,Don't know,No,Glad to see more companies taking this seriously.
2773,2023,39,Male,Canada,No,No,No,Rarely,100-500,Yes,Yes,No,Yes,Don't know,Don't know,Don't know,Somewhat difficult,Yes,No,No,Some of them,No,No,Yes,No,Burnout is rampant in my team.
2774,2024,21,Male,Australia,No,No,Yes,Often,6-25,Yes,Yes,No,Yes,No,Yes,No,Very difficult,No,No,No,No,Maybe,No,Don't know,Yes,Burnout is rampant in my team.
2775,2021,18,Male,United States,No,No,No,Rarely,26-100,Yes,Yes,Don't know,Don't know,No,No,No,Somewhat easy,Maybe,Yes,No,Yes,Maybe,Yes,Don't know,No,More anonymous support options would help.
2776,2021,18,Other / Prefer not to say,Other,No,Yes,No,Sometimes,100-500,Yes,Yes,Yes,Don't know,No,Yes,No,Very easy,No,No,No,No,No,Maybe,Don't know,No,Anonymous reporting would increase participation.
2777,2022,23,Female,Other,No,No,No,Rarely,More than 1000,No,No,No,No,Don't know,Yes,Yes,Somewhat difficult,Yes,No,Some of them,No,No,No,Yes,No,Open conversations help reduce stigma.
2778,2022,33,Male,Canada,No,Yes,Yes,Often,26-100,No,Yes,Yes,No,No,Don't know,No,Very easy,Yes,No,Yes,Yes,Maybe,Maybe,Don't know,No,
2779,2024,27,Female,United States,No,No,Yes,Sometimes,1-5,No,Yes,Yes,Yes,Don't know,Don't know,No,Somewhat easy,Yes,No,No,Some of them,Yes,No,Don't know,No,
2780,2020,30,Male,United States,No,No,No,Never,More than 1000,No,Yes,No,Yes,Yes,Don't know,Yes,Somewhat easy,Maybe,No,Some of them,No,No,Maybe,No,Yes,Remote work has been a double-edged sword.
2781,2021,23,Male,United States,Yes,No,Yes,Rarely,1-5,Yes,Yes,Yes,Yes,Yes,Yes,No,Don't know,No,No,Yes,Some of them,No,Maybe,Don't know,Yes,We have EAP but nobody talks about it.
2782,2021,25,Female,United Kingdom,No,No,No,Rarely,100-500,Yes,No,No,Yes,Yes,Yes,Yes,Somewhat easy,No,No,Some of them,No,No,Yes,Yes,No,
2783,2023,25,Male,United States,No,Yes,Yes,Sometimes,More than 1000,Yes,No,Yes,Don't know,Don't know,Yes,Don't know,Don't know,Maybe,No,Some of them,No,No,Maybe,No,No,Burnout is rampant in my team.
2784,2021,37,Male,United States,No,Yes,Yes,Sometimes,More than 1000,No,Yes,Yes,Yes,Don't know,Yes,Don't know,Very easy,Yes,No,Yes,Yes,No,No,No,No,
2785,2024,42,Male,Canada,No,No,No,Never,100-500,No,Yes,Yes,Yes,No,No,Yes,Don't know,No,No,Yes,No,Yes,No,No,Yes,Remote work has been a double-edged sword.
2786,2019,19,Non-binary,United Kingdom,No,No,Yes,Sometimes,500-1000,Yes,No,No,Don't know,Yes,Yes,No,Somewhat difficult,No,Yes,Some of them,Yes,No,No,No,No,
2787,2024,32,Male,United States,No,Yes,No,Never,6-25,No,Yes,Don't know,Yes,No,Don't know,Yes,Somewhat easy,No,No,Some of them,No,Maybe,Maybe,Don't know,No,HR resources are available but rarely used.
2788,2019,19,Male,United States,Yes,No,Yes,Sometimes,1-5,No,Yes,Don't know,No,No,No,No,Somewhat easy,No,No,No,Yes,Maybe,Maybe,Yes,No,Remote work has been a double-edged sword.
2789,2022,36,Male,United States,No,Yes,Yes,Sometimes,100-500,Yes,Yes,Yes,Yes,Yes,Yes,No,Don't know,No,No,No,No,No,Maybe,Don't know,No,
2790,2019,31,Male,Netherlands,No,Yes,No,Rarely,More than 1000,No,Yes,No,Don't know,Don't know,Yes,Yes,Don't know,Maybe,Maybe,Some of them,No,Maybe,Maybe,Yes,No,
2791,2020,18,Female,Canada,No,Yes,Yes,Rarely,500-1000,Yes,Yes,Don't know,Don't know,No,Don't know,Yes,Somewhat difficult,No,No,Yes,Some of them,No,No,Yes,No,Remote work has been a double-edged sword.
2792,2020,32,Male,United States,No,No,Yes,Sometimes,500-1000,Yes,Yes,Don't know,Yes,Yes,Yes,Yes,Somewhat difficult,No,No,Yes,No,Maybe,No,Don't know,No,Better awareness programs needed.
2793,2019,22,Non-binary,United States,Yes,No,No,Rarely,100-500,Yes,Yes,No,Don't know,Yes,No,No,Don't know,No,No,Yes,No,No,Yes,No,No,Open conversations help reduce stigma.
2794,2019,34,Male,United Kingdom,No,No,No,Rarely,More than 1000,Yes,No,Yes,Yes,No,Yes,No,Somewhat easy,Yes,Maybe,Yes,No,No,No,Yes,No,Management needs training on mental health.
2795,2021,49,Female,Germany,No,Yes,No,Sometimes,More than 1000,No,Yes,Yes,Don't know,No,Don't know,No,Somewhat difficult,No,No,No,Some of them,Maybe,No,No,No,We have EAP but nobody talks about it.
2796,2019,31,Non-binary,United States,Yes,No,Yes,Sometimes,26-100,Yes,Yes,No,No,No,No,No,Somewhat easy,Yes,No,Some of them,Yes,Maybe,No,Yes,Yes,
2797,2023,27,Female,United States,No,No,Yes,Often,26-100,No,Yes,No,Yes,No,No,No,Somewhat difficult,Maybe,Maybe,Yes,No,Maybe,Yes,Don't know,No,Burnout is rampant in my team.
2798,2020,34,Female,Germany,No,Yes,Yes,Often,100-500,Yes,Yes,Don't know,Yes,Yes,Yes,No,Don't know,Maybe,Yes,Yes,Some of them,No,No,Yes,No,
2799,2021,40,Male,United States,No,No,No,Sometimes,26-100,No,Yes,No,No,Yes,Don't know,No,Very difficult,Yes,No,No,Yes,No,Maybe,Yes,No,
2800,2020,35,Male,United States,No,Yes,Yes,Sometimes,500-1000,No,No,No,No,No,Don't know,Yes,Very easy,Yes,Yes,No,No,No,Maybe,No,No,Better awareness programs needed.
2801,2020,34,Female,Australia,No,No,Yes,Often,500-1000,No,Yes,No,Don't know,Yes,Yes,Don't know,Somewhat difficult,No,Maybe,Yes,Some of them,Maybe,No,Don't know,No,Glad to see more companies taking this seriously.
2802,2020,24,Female,Other,No,No,Yes,Never,100-500,Yes,Yes,Yes,Yes,Yes,Yes,No,Don't know,Maybe,No,No,Yes,No,Maybe,No,No,
2803,2021,18,Male,Canada,No,No,No,Never,100-500,No,Yes,Don't know,No,Yes,Yes,Don't know,Very difficult,Yes,Maybe,Some of them,No,Maybe,No,Yes,Yes,Remote work has been a double-edged sword.
2804,2020,24,Non-binary,United States,No,No,No,Sometimes,26-100,No,Yes,No,No,No,Don't know,No,Somewhat easy,No,No,No,No,No,Maybe,No,No,
2805,2024,31,Non-binary,United States,No,No,No,Rarely,26-100,Yes,Yes,Don't know,No,No,Don't know,Yes,Very difficult,No,Maybe,No,No,No,Maybe,Yes,No,Stigma is still a major issue in my workplace.
2806,2022,18,Male,United States,No,Yes,Yes,Never,More than 1000,Yes,No,No,No,Don't know,No,Yes,Don't know,Maybe,No,No,No,No,Maybe,No,No,Better awareness programs needed.
2807,2019,19,Female,Other,Yes,No,No,Often,26-100,No,Yes,No,No,Don't know,Don't know,No,Somewhat difficult,Maybe,Maybe,Some of them,Some of them,No,No,Don't know,No,
2808,2023,22,Male,Other,No,No,No,Rarely,100-500,Yes,Yes,No,Yes,Don't know,Yes,Don't know,Don't know,No,No,Some of them,No,Maybe,No,Don't know,No,Stigma is still a major issue in my workplace.
2809,2022,18,Female,United States,No,Yes,Yes,Often,100-500,Yes,Yes,No,No,Don't know,Yes,Yes,Somewhat easy,No,No,No,Yes,Maybe,Maybe,Yes,Yes,
2810,2021,29,Female,Ireland,No,No,No,Sometimes,26-100,Yes,Yes,Don't know,Don't know,Yes,No,Don't know,Somewhat easy,Maybe,No,Yes,Some of them,No,No,Don't know,Yes,Better awareness programs needed.
2811,2023,51,Male,United States,Yes,Yes,No,Rarely,100-500,No,No,No,Yes,No,Yes,Yes,Don't know,Yes,Yes,Yes,Yes,No,No,Yes,No,Leadership support makes all the difference.
2812,2020,34,Male,United States,No,Yes,No,Sometimes,26-100,Yes,Yes,No,Yes,Yes,No,No,Somewhat easy,No,Yes,Some of them,Yes,No,Maybe,Yes,Yes,Anonymous reporting would increase participation.
2813,2021,28,Male,United States,No,No,Yes,Sometimes,100-500,No,Yes,Yes,Don't know,No,Yes,Yes,Very difficult,Yes,Maybe,No,No,No,No,No,No,We have EAP but nobody talks about it.
2814,2023,38,Male,Germany,No,Yes,No,Rarely,500-1000,No,Yes,Don't know,Don't know,No,Yes,Yes,Don't know,Maybe,No,No,Some of them,Yes,Maybe,Yes,No,Better awareness programs needed.
2815,2019,35,Non-binary,India,No,No,Yes,Often,100-500,Yes,Yes,No,Yes,Yes,No,Don't know,Somewhat easy,No,Maybe,No,Some of them,Maybe,No,Yes,No,Management needs training on mental health.
2816,2021,34,Female,United States,No,Yes,Yes,Sometimes,More than 1000,No,Yes,No,Yes,Don't know,Yes,Yes,Somewhat easy,Yes,Maybe,No,No,No,No,No,No,
2817,2024,25,Female,United States,No,Yes,No,Rarely,More than 1000,Yes,Yes,Don't know,Yes,Yes,Yes,Yes,Somewhat easy,No,No,No,Some of them,No,No,No,No,HR resources are available but rarely used.
2818,2024,34,Male,United States,Yes,No,Yes,Often,More than 1000,Yes,Yes,No,Yes,Yes,Yes,Yes,Somewhat easy,No,No,Some of them,No,No,Maybe,Don't know,No,
2819,2020,22,Male,United States,Yes,No,No,Never,26-100,Yes,Yes,Don't know,No,No,Yes,No,Somewhat easy,No,No,Yes,Yes,No,Yes,Yes,No,Remote work has been a double-edged sword.
2820,2019,36,Male,United States,No,No,Yes,Often,More than 1000,No,Yes,Yes,Yes,Don't know,No,Don't know,Somewhat difficult,Maybe,No,Yes,Yes,No,No,Yes,No,Leadership support makes all the difference.
2821,2020,42,Male,Netherlands,Yes,No,No,Rarely,6-25,Yes,Yes,Don't know,Yes,Don't know,Don't know,No,Don't know,No,Maybe,Yes,No,Yes,Maybe,Don't know,No,
2822,2023,36,Male,United States,No,No,No,Rarely,500-1000,Yes,Yes,No,No,Don't know,Yes,Don't know,Don't know,Yes,No,Some of them,No,No,Maybe,Don't know,No,
2823,2024,31,Male,United States,No,No,No,Rarely,100-500,Yes,Yes,Yes,Yes,Yes,No,Yes,Somewhat difficult,Yes,No,Some of them,No,No,Maybe,Don't know,Yes,Remote work has been a double-edged sword.
2824,2022,40,Male,Brazil,No,No,No,Rarely,500-1000,Yes,Yes,Yes,Don't know,Yes,Yes,Yes,Don't know,Yes,Yes,Some of them,Some of them,No,No,No,Yes,
2825,2024,31,Female,Canada,Yes,No,Yes,Rarely,100-500,No,No,Don't know,No,Don't know,Don't know,Yes,Don't know,No,No,No,Yes,Maybe,Maybe,Yes,No,
2826,2023,36,Female,Canada,No,Yes,Yes,Sometimes,6-25,No,No,No,Yes,Don't know,No,Don't know,Don't know,No,No,Some of them,Yes,No,Yes,Don't know,No,
2827,2023,44,Male,United States,No,No,No,Rarely,More than 1000,No,Yes,No,Yes,Yes,Yes,Yes,Somewhat difficult,No,No,No,Yes,No,Maybe,Don't know,No,Management needs training on mental health.
2828,2019,18,Female,Canada,No,No,No,Sometimes,100-500,Yes,Yes,Don't know,Yes,Yes,Don't know,Don't know,Somewhat easy,No,No,Some of them,No,No,No,No,No,
2829,2021,49,Male,Brazil,No,Yes,No,Sometimes,6-25,Yes,Yes,No,Yes,Don't know,No,Don't know,Don't know,Yes,No,Yes,Some of them,No,Maybe,Yes,No,
2830,2019,22,Female,Other,No,No,No,Sometimes,More than 1000,No,Yes,Don't know,Yes,Yes,Yes,Don't know,Somewhat easy,No,Maybe,No,Yes,No,Yes,No,Yes,Anonymous reporting would increase participation.
2831,2020,36,Female,United States,Yes,No,No,Rarely,500-1000,No,Yes,Don't know,Don't know,Yes,Don't know,Don't know,Somewhat easy,No,No,Some of them,Some of them,No,No,Yes,No,
2832,2023,25,Male,United States,No,Yes,Yes,Often,100-500,No,No,No,Yes,Yes,No,Yes,Somewhat easy,No,No,No,No,No,Yes,Yes,Yes,
2833,2024,19,Male,United Kingdom,No,No,No,Never,100-500,No,Yes,Yes,Yes,Yes,Yes,Yes,Somewhat easy,Maybe,Yes,Some of them,Some of them,No,Maybe,Don't know,No,
2834,2021,27,Male,United States,Yes,No,Yes,Sometimes,6-25,No,Yes,Don't know,No,Don't know,Yes,Don't know,Don't know,No,Maybe,No,Yes,Maybe,No,Yes,No,
2835,2021,41,Male,Canada,No,No,No,Never,26-100,No,Yes,Don't know,No,Yes,No,Don't know,Somewhat difficult,No,Yes,No,Yes,No,Maybe,No,No,We have EAP but nobody talks about it.
2836,2019,39,Female,Germany,No,Yes,Yes,Sometimes,500-1000,No,No,Yes,Don't know,No,Yes,Don't know,Don't know,No,No,Yes,Some of them,No,Yes,Don't know,No,HR resources are available but rarely used.
2837,2020,29,Male,United States,No,No,No,Sometimes,100-500,No,Yes,Yes,Yes,Yes,Don't know,Don't know,Somewhat difficult,No,No,No,No,Maybe,Maybe,Don't know,No,Open conversations help reduce stigma.
2838,2019,33,Female,Ireland,No,No,Yes,Sometimes,100-500,No,Yes,Don't know,No,Yes,Yes,Don't know,Somewhat difficult,Yes,No,Yes,No,No,No,Yes,Yes,Leadership support makes all the difference.
2839,2023,25,Male,Sweden,Yes,Yes,Yes,Rarely,6-25,No,Yes,Don't know,No,Yes,No,Don't know,Don't know,No,No,Yes,Some of them,No,Maybe,Yes,No,
2840,2022,24,Female,Brazil,Yes,No,No,Never,100-500,Yes,No,Yes,Don't know,No,Yes,Yes,Somewhat easy,Maybe,No,No,Some of them,No,No,Yes,No,
2841,2021,27,Female,Canada,No,No,No,Never,500-1000,No,No,Yes,No,Yes,No,Don't know,Don't know,Yes,No,Some of them,No,No,Maybe,Don't know,No,Better awareness programs needed.
2842,2024,26,Male,United States,No,No,Yes,Sometimes,100-500,No,Yes,Yes,Yes,No,Yes,Don't know,Somewhat easy,No,No,No,Yes,Maybe,No,No,Yes,
2843,2024,33,Male,United States,No,No,Yes,Often,500-1000,Yes,Yes,Yes,Yes,Yes,No,Yes,Somewhat easy,No,Maybe,Yes,Some of them,Yes,Yes,Don't know,No,
2844,2022,29,Male,Other,Yes,Yes,No,Often,26-100,Yes,No,No,Don't know,No,Yes,Yes,Somewhat difficult,No,No,Some of them,Some of them,No,Maybe,No,Yes,
2845,2023,26,Male,United States,No,No,No,Never,100-500,No,Yes,No,Yes,No,No,Don't know,Don't know,No,No,Yes,Yes,No,Maybe,Don't know,Yes,We have EAP but nobody talks about it.
2846,2022,36,Male,United States,No,Yes,Yes,Rarely,More than 1000,No,Yes,Yes,Don't know,No,No,No,Very easy,No,Maybe,No,No,No,No,No,No,
2847,2020,18,Male,Other,No,Yes,Yes,Never,100-500,No,Yes,Don't know,Don't know,Yes,Yes,Yes,Don't know,Yes,No,Yes,Yes,Maybe,Maybe,Yes,Yes,Better awareness programs needed.
2848,2021,29,Male,Australia,Yes,No,Yes,Often,26-100,No,No,Yes,Yes,No,Don't know,Don't know,Very difficult,Yes,No,Some of them,Some of them,No,No,No,No,
2849,2023,22,Female,United States,No,Yes,Yes,Sometimes,26-100,No,No,Don't know,No,No,No,No,Somewhat easy,Yes,Yes,No,Some of them,No,Maybe,No,No,We have EAP but nobody talks about it.
2850,2020,35,Female,United States,No,No,No,Rarely,6-25,No,Yes,No,Don't know,Yes,Don't know,Yes,Don't know,No,No,Yes,Yes,Maybe,No,No,Yes,Glad to see more companies taking this seriously.
2851,2024,38,Male,India,No,No,No,Never,26-100,No,No,No,No,Don't know,Don't know,Don't know,Don't know,Maybe,No,No,Some of them,No,Yes,Don't know,No,More anonymous support options would help.
2852,2024,43,Female,United States,No,No,Yes,Sometimes,500-1000,Yes,Yes,Yes,Don't know,Don't know,Yes,Don't know,Somewhat difficult,No,Maybe,Some of them,Yes,Yes,No,No,No,Leadership support makes all the difference.
2853,2019,34,Other / Prefer not to say,United States,No,No,Yes,Often,26-100,Yes,Yes,No,Yes,No,Yes,Yes,Very easy,No,Maybe,Yes,No,No,No,Don't know,No,Open conversations help reduce stigma.
2854,2020,32,Male,United States,Yes,Yes,No,Rarely,26-100,Yes,Yes,Yes,Don't know,No,No,Don't know,Don't know,No,No,No,No,Maybe,No,Don't know,No,Stigma is still a major issue in my workplace.
2855,2019,34,Female,United States,No,No,Yes,Sometimes,100-500,No,No,No,Don't know,No,No,No,Very difficult,Maybe,No,Some of them,Some of them,No,No,Don't know,Yes,
2856,2020,27,Female,United States,No,Yes,No,Rarely,6-25,Yes,Yes,No,No,Don't know,No,No,Somewhat easy,Maybe,Maybe,Some of them,No,Maybe,Yes,Yes,No,
2857,2022,18,Male,United States,No,No,No,Sometimes,6-25,Yes,Yes,Don't know,No,No,Yes,No,Very difficult,Maybe,No,No,No,No,Maybe,No,No,Management needs training on mental health.
2858,2022,42,Male,United States,No,No,No,Often,1-5,Yes,Yes,No,Don't know,No,No,No,Very difficult,Maybe,Maybe,No,Yes,No,Maybe,No,Yes,
2859,2021,42,Male,Other,No,Yes,No,Sometimes,26-100,Yes,Yes,No,Yes,No,No,Don't know,Somewhat easy,Maybe,No,No,No,No,Maybe,Don't know,No,
2860,2022,31,Male,Other,No,Yes,Yes,Often,6-25,Yes,Yes,Don't know,Don't know,Don't know,Don't know,No,Don't know,No,No,No,Yes,No,No,Yes,No,Management needs training on mental health.
2861,2023,24,Male,United States,No,Yes,No,Rarely,6-25,Yes,Yes,No,No,Yes,No,Don't know,Somewhat easy,Yes,Yes,No,Yes,No,Maybe,Yes,No,
2862,2022,40,Male,Other,No,No,No,Rarely,26-100,Yes,No,Don't know,Don't know,No,No,No,Very difficult,No,Maybe,Some of them,Yes,Maybe,Yes,No,No,
2863,2021,47,Male,United States,No,Yes,No,Rarely,More than 1000,Yes,Yes,No,No,Yes,Yes,Yes,Don't know,No,No,Some of them,No,No,Maybe,No,Yes,
2864,2022,30,Male,Other,No,Yes,No,Sometimes,More than 1000,No,Yes,No,Yes,Don't know,Don't know,Yes,Don't know,No,Maybe,Yes,No,No,No,Don't know,No,We have EAP but nobody talks about it.
2865,2024,29,Male,United States,Yes,No,Yes,Sometimes,100-500,Yes,Yes,Yes,Yes,Yes,Yes,Don't know,Somewhat easy,Yes,No,Some of them,Yes,No,Yes,Yes,No,Leadership support makes all the difference.
2866,2023,29,Female,United States,Yes,No,No,Often,500-1000,Yes,Yes,Yes,Yes,Yes,Don't know,Yes,Very easy,Yes,No,No,Some of them,Maybe,Maybe,Yes,No,
2867,2021,36,Male,United States,No,Yes,Yes,Sometimes,500-1000,Yes,Yes,Yes,Yes,Don't know,No,No,Somewhat easy,Yes,Maybe,Yes,No,No,Maybe,Yes,No,
2868,2019,31,Male,Netherlands,No,Yes,No,Never,More than 1000,No,Yes,No,No,No,Yes,Don't know,Very difficult,No,No,No,No,No,No,Yes,No,
2869,2022,26,Male,United States,No,No,No,Rarely,6-25,Yes,Yes,No,Don't know,No,No,Don't know,Somewhat easy,No,Yes,No,No,No,No,Yes,Yes,Better awareness programs needed.
2870,2020,40,Male,United States,No,No,Yes,Rarely,100-500,No,Yes,Don't know,Yes,Don't know,No,Don't know,Somewhat easy,Maybe,Maybe,Some of them,Some of them,No,No,Don't know,No,Better awareness programs needed.
2871,2020,37,Male,United States,No,No,No,Often,More than 1000,Yes,Yes,Yes,No,Yes,Yes,Don't know,Don't know,No,Yes,No,No,No,Maybe,Yes,Yes,Open conversations help reduce stigma.
2872,2022,46,Female,Ireland,No,Yes,No,Sometimes,More than 1000,Yes,No,Yes,Don't know,Yes,Yes,Yes,Very difficult,No,No,Yes,Yes,No,Yes,No,Yes,
2873,2023,27,Female,Canada,No,Yes,Yes,Often,More than 1000,No,Yes,Yes,Don't know,Yes,Yes,No,Somewhat easy,No,No,Yes,Some of them,No,No,Don't know,Yes,Management needs training on mental health.
2874,2022,28,Female,Canada,No,Yes,Yes,Sometimes,6-25,No,Yes,No,Don't know,Don't know,No,No,Somewhat easy,No,No,Some of them,Some of them,No,Maybe,Yes,No,HR resources are available but rarely used.
2875,2024,28,Male,Germany,No,Yes,Yes,Often,More than 1000,Yes,Yes,No,Don't know,Yes,Don't know,No,Somewhat easy,Maybe,No,Some of them,No,Maybe,Yes,No,No,
2876,2019,18,Male,United States,No,No,No,Rarely,More than 1000,No,Yes,Yes,No,Don't know,Don't know,Yes,Somewhat easy,Yes,Yes,No,No,No,No,No,No,Stigma is still a major issue in my workplace.
2877,2023,30,Other / Prefer not to say,Brazil,No,No,No,Rarely,100-500,No,Yes,Yes,Don't know,No,Don't know,Yes,Don't know,No,No,Yes,No,No,No,No,Yes,Anonymous reporting would increase participation.
2878,2022,49,Female,Australia,No,No,No,Sometimes,500-1000,Yes,Yes,Yes,No,Yes,Yes,Yes,Somewhat difficult,Yes,No,Yes,Some of them,No,Maybe,Don't know,No,Anonymous reporting would increase participation.
2879,2021,55,Female,Other,No,No,Yes,Often,1-5,Yes,Yes,No,Don't know,Yes,No,No,Somewhat easy,No,Maybe,No,Yes,No,Maybe,Yes,Yes,
2880,2020,39,Female,Other,Yes,No,Yes,Often,6-25,Yes,Yes,Yes,Yes,No,No,Yes,Somewhat easy,Maybe,No,No,Yes,Maybe,No,No,No,Management needs training on mental health.
2881,2024,30,Male,United States,No,Yes,Yes,Rarely,100-500,Yes,Yes,No,Yes,Yes,Yes,Yes,Somewhat difficult,Maybe,No,No,No,No,No,Yes,Yes,HR resources are available but rarely used.
2882,2024,29,Female,United States,No,No,No,Rarely,500-1000,No,Yes,Don't know,Yes,No,No,No,Don't know,No,No,No,Yes,Maybe,No,No,No,HR resources are available but rarely used.
2883,2019,25,Male,Canada,No,No,No,Rarely,26-100,Yes,Yes,No,Yes,Yes,No,No,Somewhat easy,Yes,No,No,No,Maybe,No,Yes,No,
2884,2023,31,Female,United States,No,No,Yes,Often,100-500,Yes,No,Yes,Don't know,No,Yes,Yes,Very difficult,No,No,Some of them,Some of them,No,No,Don't know,No,
2885,2021,42,Other / Prefer not to say,United States,No,No,No,Sometimes,500-1000,Yes,Yes,Don't know,No,No,Don't know,Don't know,Somewhat difficult,Maybe,Yes,Yes,Yes,No,Yes,Yes,Yes,
2886,2024,33,Male,United States,Yes,No,Yes,Often,6-25,Yes,Yes,No,Yes,Yes,Don't know,Don't know,Somewhat difficult,Maybe,No,Some of them,No,Maybe,No,No,No,Burnout is rampant in my team.
2887,2021,28,Female,United States,No,No,Yes,Sometimes,6-25,Yes,Yes,No,Don't know,Don't know,No,Don't know,Very easy,Yes,No,No,No,No,Yes,Don't know,No,HR resources are available but rarely used.
2888,2022,20,Male,Other,No,No,No,Rarely,500-1000,No,Yes,Don't know,Yes,Yes,Yes,Don't know,Don't know,No,Yes,No,Yes,Maybe,Maybe,No,No,
2889,2023,32,Female,United States,No,Yes,Yes,Sometimes,26-100,No,Yes,No,Yes,No,Don't know,No,Don't know,No,No,No,Yes,No,Maybe,Don't know,No,Better awareness programs needed.
2890,2019,25,Female,United States,Yes,No,Yes,Sometimes,More than 1000,Yes,Yes,Yes,Yes,Yes,Yes,Yes,Very easy,No,Maybe,No,Yes,Maybe,Yes,No,Yes,Anonymous reporting would increase participation.
2891,2024,18,Female,United States,No,No,Yes,Often,100-500,No,Yes,No,No,Yes,Yes,Yes,Somewhat easy,No,Yes,Yes,Yes,No,Yes,No,Yes,Burnout is rampant in my team.
2892,2022,35,Female,India,No,No,Yes,Often,100-500,Yes,Yes,Yes,Yes,No,Yes,Yes,Don't know,No,Maybe,No,No,Maybe,Maybe,No,Yes,Open conversations help reduce stigma.
2893,2024,18,Male,United Kingdom,No,No,No,Sometimes,1-5,No,Yes,No,No,Yes,Don't know,No,Somewhat easy,Yes,No,Some of them,Some of them,No,No,Don't know,No,
2894,2023,21,Female,Netherlands,No,Yes,No,Never,6-25,Yes,Yes,Don't know,No,No,No,No,Don't know,No,No,Yes,No,Maybe,No,No,Yes,More anonymous support options would help.
2895,2019,23,Male,United States,No,No,No,Often,100-500,No,Yes,No,No,Yes,Yes,Yes,Don't know,Yes,No,No,Yes,Yes,Maybe,No,No,
2896,2024,43,Male,India,No,No,No,Rarely,500-1000,Yes,No,Yes,Don't know,No,No,Don't know,Somewhat easy,No,Yes,Yes,Yes,No,Maybe,Yes,No,Anonymous reporting would increase participation.
2897,2023,25,Male,United States,No,No,No,Never,26-100,Yes,Yes,Yes,No,No,No,Don't know,Somewhat easy,No,No,Yes,Some of them,No,Yes,Yes,No,Open conversations help reduce stigma.
2898,2021,24,Female,India,No,No,Yes,Sometimes,6-25,Yes,Yes,No,Don't know,No,Yes,Yes,Somewhat easy,Yes,No,Yes,Some of them,No,No,No,Yes,Open conversations help reduce stigma.
2899,2021,28,Non-binary,United States,No,No,Yes,Sometimes,6-25,Yes,Yes,No,Yes,No,No,Don't know,Somewhat easy,No,Yes,Yes,No,Maybe,Yes,No,Yes,Burnout is rampant in my team.
2900,2024,30,Male,Netherlands,No,No,No,Never,More than 1000,Yes,Yes,Yes,Yes,Yes,Yes,Yes,Don't know,Yes,No,No,Yes,No,Maybe,Don't know,No,
2901,2019,43,Female,United Kingdom,No,No,No,Often,26-100,Yes,Yes,Don't know,Yes,Don't know,Don't know,No,Somewhat difficult,No,No,Some of them,Yes,Maybe,Yes,No,No,
2902,2020,33,Female,United States,No,No,No,Never,More than 1000,Yes,Yes,Yes,Yes,Don't know,Don't know,Don't know,Somewhat easy,Maybe,No,Some of them,No,Maybe,Maybe,No,No,Leadership support makes all the difference.
2903,2023,19,Male,Canada,No,No,No,Sometimes,100-500,No,Yes,No,Don't know,No,Yes,Yes,Somewhat easy,Yes,No,No,Yes,No,Maybe,Don't know,No,
2904,2023,21,Female,United States,Yes,No,No,Rarely,6-25,Yes,No,No,Yes,Don't know,Don't know,No,Don't know,No,Maybe,No,Yes,No,No,Don't know,Yes,Management needs training on mental health.
2905,2024,41,Male,United States,No,No,No,Never,26-100,Yes,Yes,Yes,No,Don't know,No,No,Somewhat difficult,Maybe,No,No,Some of them,No,No,Yes,No,Burnout is rampant in my team.
2906,2019,30,Male,United States,Yes,Yes,Yes,Sometimes,More than 1000,No,Yes,Yes,No,No,No,Don't know,Somewhat difficult,No,Yes,Some of them,No,Maybe,Maybe,No,No,
2907,2022,28,Female,Other,No,No,Yes,Often,500-1000,No,Yes,No,Yes,No,Yes,Don't know,Don't know,Yes,No,No,Some of them,No,No,Don't know,Yes,Remote work has been a double-edged sword.
2908,2023,39,Male,Other,No,No,No,Rarely,6-25,No,Yes,Don't know,Don't know,Don't know,Yes,Don't know,Very difficult,No,No,Some of them,No,No,No,Don't know,No,
2909,2022,26,Male,United States,No,No,No,Sometimes,26-100,Yes,Yes,No,No,No,No,Don't know,Very difficult,Yes,No,No,No,Maybe,No,Don't know,Yes,Leadership support makes all the difference.
2910,2023,41,Female,United States,No,No,Yes,Sometimes,500-1000,No,No,Yes,Yes,No,Yes,Don't know,Don't know,Yes,No,No,Yes,Yes,Yes,Yes,Yes,Glad to see more companies taking this seriously.
2911,2023,34,Male,Australia,Yes,Yes,Yes,Sometimes,500-1000,Yes,Yes,Yes,Yes,Yes,No,Don't know,Very difficult,No,No,Some of them,Yes,Maybe,No,Yes,Yes,More anonymous support options would help.
2912,2020,32,Female,Other,No,Yes,Yes,Rarely,26-100,No,No,No,Yes,Yes,Don't know,Don't know,Very difficult,Yes,Maybe,No,No,No,Maybe,Don't know,No,Better awareness programs needed.
2913,2024,22,Female,United States,No,Yes,No,Never,100-500,No,Yes,Don't know,Don't know,No,No,Don't know,Somewhat difficult,Yes,No,No,No,Yes,No,Yes,No,
2914,2024,32,Other / Prefer not to say,Canada,No,Yes,No,Never,100-500,Yes,Yes,Don't know,Yes,Yes,No,Yes,Somewhat easy,Maybe,No,No,Yes,No,No,No,Yes,
2915,2022,26,Non-binary,United States,No,No,No,Sometimes,1-5,No,Yes,Don't know,Don't know,Don't know,No,Yes,Very easy,Yes,No,No,Some of them,No,Maybe,Yes,No,
2916,2024,30,Female,United States,Yes,No,Yes,Sometimes,6-25,No,No,Don't know,Don't know,Don't know,No,No,Somewhat easy,Maybe,No,Some of them,No,No,Maybe,Don't know,No,Remote work has been a double-edged sword.
2917,2021,22,Male,United States,No,No,No,Rarely,6-25,Yes,No,Don't know,Don't know,Don't know,Yes,Don't know,Somewhat difficult,Yes,Maybe,No,Yes,No,Yes,Don't know,No,Glad to see more companies taking this seriously.
2918,2021,29,Female,United Kingdom,No,No,Yes,Often,26-100,Yes,No,Don't know,Yes,Don't know,Don't know,Yes,Very easy,No,Yes,Yes,Yes,No,No,No,No,Better awareness programs needed.
2919,2022,18,Non-binary,Netherlands,No,No,No,Never,100-500,Yes,Yes,Don't know,Don't know,Yes,Don't know,Don't know,Somewhat easy,Maybe,No,No,Yes,No,Maybe,Don't know,No,HR resources are available but rarely used.
2920,2020,30,Male,United States,No,Yes,Yes,Often,1-5,No,Yes,Don't know,Don't know,No,Yes,No,Very easy,No,No,Yes,Yes,No,Maybe,Yes,No,
2921,2023,43,Female,Canada,No,No,No,Sometimes,6-25,No,Yes,No,Yes,Don't know,Don't know,No,Very easy,Yes,No,Some of them,Some of them,Maybe,No,Don't know,Yes,
2922,2024,31,Female,United States,No,No,No,Rarely,100-500,Yes,Yes,Don't know,Yes,Don't know,No,Don't know,Somewhat easy,Maybe,Yes,Yes,No,No,Maybe,Yes,Yes,
2923,2020,40,Male,United States,No,No,No,Sometimes,100-500,Yes,Yes,Don't know,Don't know,Yes,Don't know,No,Somewhat easy,No,No,No,Some of them,Yes,Yes,Don't know,Yes,Management needs training on mental health.
2924,2022,32,Non-binary,United States,No,No,No,Often,1-5,No,Yes,No,Don't know,Yes,No,No,Somewhat difficult,Yes,No,Yes,Yes,No,No,Don't know,No,
2925,2024,23,Male,Australia,Yes,Yes,Yes,Sometimes,500-1000,Yes,Yes,Yes,Don't know,Don't know,Don't know,No,Don't know,No,No,Some of them,Yes,No,No,Don't know,No,
2926,2020,22,Male,India,No,No,No,Sometimes,100-500,Yes,No,Yes,Don't know,Don't know,Yes,Don't know,Somewhat easy,Maybe,Yes,Yes,Yes,No,No,No,No,More anonymous support options would help.
2927,2022,34,Male,United States,No,Yes,Yes,Sometimes,100-500,Yes,No,Yes,Don't know,Don't know,Yes,Don't know,Somewhat easy,Yes,No,No,No,Maybe,Maybe,No,No,
2928,2022,34,Male,United States,No,Yes,Yes,Sometimes,More than 1000,Yes,No,Yes,Don't know,No,Don't know,Don't know,Don't know,Yes,No,Some of them,Yes,Yes,Yes,Yes,No,
2929,2024,32,Female,United States,No,Yes,Yes,Never,100-500,Yes,No,Don't know,Yes,Yes,Don't know,Don't know,Don't know,Maybe,No,No,No,No,No,No,No,Remote work has been a double-edged sword.
2930,2021,32,Male,Other,No,No,Yes,Sometimes,500-1000,Yes,Yes,No,No,Yes,Don't know,Yes,Somewhat difficult,Maybe,No,Some of them,Some of them,No,No,Don't know,Yes,HR resources are available but rarely used.
2931,2019,25,Female,United States,No,Yes,Yes,Never,500-1000,No,Yes,Yes,Yes,Yes,No,No,Somewhat difficult,Yes,Maybe,Some of them,No,Yes,Maybe,Yes,Yes,
2932,2023,34,Female,United Kingdom,No,No,No,Rarely,100-500,Yes,Yes,Don't know,Don't know,No,Yes,Don't know,Somewhat difficult,No,No,Yes,No,Maybe,Yes,Yes,No,More anonymous support options would help.
2933,2022,21,Female,Sweden,No,Yes,No,Rarely,100-500,Yes,Yes,No,No,No,No,Don't know,Somewhat difficult,Yes,No,No,Yes,No,No,Don't know,No,More anonymous support options would help.
2934,2019,23,Male,United States,No,No,No,Sometimes,More than 1000,Yes,Yes,No,No,Yes,Yes,No,Very easy,Maybe,No,Some of them,No,Maybe,No,Yes,No,Burnout is rampant in my team.
2935,2024,41,Female,United States,No,No,Yes,Sometimes,500-1000,Yes,Yes,Yes,Don't know,Yes,Yes,Yes,Very difficult,Maybe,No,Some of them,No,Maybe,Yes,No,No,
2936,2022,19,Male,Australia,No,No,Yes,Rarely,500-1000,Yes,No,Yes,Yes,No,Don't know,Don't know,Don't know,Yes,Maybe,Yes,No,Yes,Maybe,No,No,More anonymous support options would help.
2937,2024,18,Female,United States,No,No,Yes,Sometimes,500-1000,No,Yes,Yes,Yes,Don't know,Yes,Don't know,Somewhat difficult,No,Yes,No,No,No,Yes,No,No,Better awareness programs needed.
2938,2019,31,Male,United States,No,No,No,Sometimes,100-500,No,Yes,Don't know,Yes,Don't know,No,Don't know,Don't know,Maybe,Yes,Yes,Yes,No,No,Don't know,Yes,More anonymous support options would help.
2939,2023,38,Female,United States,No,No,No,Rarely,26-100,Yes,Yes,Don't know,Don't know,No,Don't know,No,Don't know,Maybe,No,No,Yes,No,Yes,No,No,
2940,2021,37,Male,United States,No,No,Yes,Sometimes,500-1000,No,Yes,Don't know,Yes,Yes,No,Yes,Don't know,No,No,Yes,Yes,No,No,Don't know,No,More anonymous support options would help.
2941,2024,23,Female,Germany,No,No,No,Rarely,6-25,Yes,Yes,No,Yes,Don't know,No,Yes,Somewhat difficult,Maybe,Maybe,Some of them,No,No,Yes,Yes,Yes,
2942,2021,39,Male,United States,No,No,No,Never,6-25,Yes,Yes,Don't know,Yes,Yes,No,Yes,Very difficult,No,No,Yes,No,No,Maybe,No,No,Stigma is still a major issue in my workplace.
2943,2023,24,Female,United States,No,No,No,Rarely,6-25,No,Yes,Don't know,Don't know,No,No,Yes,Somewhat easy,No,No,No,No,No,No,Don't know,Yes,Management needs training on mental health.
2944,2019,25,Female,United Kingdom,No,No,Yes,Often,26-100,Yes,No,Don't know,No,No,Don't know,Don't know,Somewhat difficult,Maybe,No,Yes,No,Yes,No,Yes,No,We have EAP but nobody talks about it.
2945,2022,33,Male,Germany,No,No,No,Sometimes,100-500,No,No,No,Yes,Yes,Yes,Don't know,Somewhat easy,No,No,Some of them,Yes,No,Maybe,Don't know,Yes,Leadership support makes all the difference.
2946,2023,27,Male,United Kingdom,No,Yes,Yes,Never,26-100,Yes,Yes,Don't know,Don't know,No,Don't know,Don't know,Very difficult,Maybe,No,Yes,No,No,Maybe,No,No,Leadership support makes all the difference.
2947,2022,26,Female,Other,No,Yes,No,Never,6-25,No,Yes,Don't know,No,Yes,Don't know,Yes,Don't know,Maybe,No,Some of them,No,No,No,No,No,More anonymous support options would help.
2948,2024,32,Other / Prefer not to say,Other,No,Yes,Yes,Sometimes,100-500,No,Yes,No,Yes,Yes,Yes,Yes,Somewhat easy,Maybe,No,No,Yes,No,No,No,No,
2949,2023,18,Female,Sweden,No,No,Yes,Sometimes,More than 1000,No,Yes,Don't know,Yes,Don't know,Yes,No,Somewhat difficult,No,No,No,Yes,Maybe,Maybe,Don't know,No,Glad to see more companies taking this seriously.
2950,2021,28,Male,Ireland,No,No,Yes,Rarely,100-500,Yes,Yes,Yes,Yes,Yes,No,Yes,Very easy,No,No,No,Some of them,No,Maybe,Yes,No,
2951,2019,18,Female,Netherlands,No,Yes,Yes,Often,More than 1000,No,No,Don't know,No,No,Don't know,Don't know,Very difficult,Maybe,No,No,No,Maybe,No,Yes,No,Leadership support makes all the difference.
2952,2021,25,Female,Other,No,No,No,Never,1-5,No,Yes,No,No,Yes,Don't know,Don't know,Don't know,Maybe,No,No,No,Maybe,Yes,Don't know,No,Leadership support makes all the difference.
2953,2022,28,Female,Sweden,Yes,No,No,Often,1-5,Yes,Yes,No,Don't know,Don't know,No,Don't know,Somewhat easy,No,Yes,No,No,No,Yes,Yes,No,Anonymous reporting would increase participation.
2954,2020,19,Non-binary,Other,No,No,Yes,Never,6-25,No,No,Don't know,Yes,Don't know,No,No,Somewhat difficult,Yes,No,Some of them,Some of them,No,Maybe,Don't know,No,Open conversations help reduce stigma.
2955,2020,30,Male,United States,No,No,No,Never,6-25,Yes,Yes,No,Yes,Yes,Yes,Don't know,Somewhat difficult,Maybe,Maybe,Some of them,Yes,Maybe,No,Yes,No,
2956,2023,28,Male,United States,No,Yes,No,Never,26-100,Yes,No,Don't know,No,Don't know,Yes,No,Somewhat easy,Maybe,Maybe,No,Some of them,Maybe,Yes,No,No,
2957,2024,18,Male,United Kingdom,No,No,No,Never,100-500,Yes,Yes,No,Don't know,No,Yes,Yes,Somewhat difficult,No,No,Yes,Yes,No,Maybe,Don't know,Yes,
2958,2023,21,Male,Other,No,No,No,Never,6-25,No,Yes,No,Don't know,Don't know,No,Don't know,Somewhat difficult,No,No,No,Some of them,No,No,No,No,Leadership support makes all the difference.
2959,2022,29,Male,United States,No,No,Yes,Never,More than 1000,No,Yes,Yes,Yes,Yes,Yes,Don't know,Very easy,No,Yes,No,No,Maybe,No,Don't know,No,HR resources are available but rarely used.
2960,2024,20,Female,United States,No,No,No,Rarely,6-25,No,Yes,Don't know,Yes,No,No,Don't know,Don't know,Yes,No,Yes,Yes,Maybe,Maybe,No,Yes,
2961,2019,28,Male,United States,No,No,No,Rarely,100-500,No,Yes,Don't know,Yes,Yes,Don't know,Yes,Somewhat difficult,Maybe,No,Yes,Yes,Maybe,Maybe,Don't know,Yes,
2962,2022,31,Male,United States,No,No,No,Often,More than 1000,No,No,Yes,Yes,No,Yes,No,Don't know,Yes,No,Yes,Yes,No,Yes,Yes,No,
2963,2019,28,Male,United States,No,No,No,Never,26-100,No,Yes,Don't know,No,No,Don't know,No,Very difficult,Maybe,No,No,Yes,Maybe,No,No,Yes,
2964,2019,33,Male,United States,No,Yes,No,Rarely,26-100,Yes,Yes,No,Don't know,No,No,Don't know,Somewhat difficult,No,Maybe,No,Yes,No,Yes,Don't know,Yes,Stigma is still a major issue in my workplace.
2965,2021,30,Male,Germany,No,No,Yes,Often,More than 1000,No,Yes,Yes,No,Don't know,Yes,Yes,Somewhat easy,Maybe,No,Some of them,No,No,Maybe,No,No,
2966,2022,28,Male,United States,No,Yes,No,Sometimes,26-100,No,Yes,No,Yes,Don't know,Don't know,Don't know,Somewhat easy,No,Yes,No,No,Maybe,Maybe,No,No,Leadership support makes all the difference.
2967,2022,34,Male,United States,No,No,No,Rarely,500-1000,No,Yes,Don't know,Yes,Yes,Don't know,Don't know,Somewhat difficult,Yes,No,No,Yes,Maybe,No,Don't know,Yes,
2968,2021,38,Male,United States,No,Yes,No,Never,100-500,Yes,Yes,Yes,Yes,Don't know,Yes,Yes,Don't know,No,Maybe,No,Some of them,No,No,Don't know,No,
2969,2024,26,Male,Germany,No,Yes,Yes,Sometimes,More than 1000,No,No,Yes,Yes,No,Don't know,Yes,Somewhat difficult,No,No,Yes,No,No,Maybe,Don't know,No,
2970,2024,32,Female,United States,No,No,No,Never,100-500,Yes,No,Yes,Yes,Yes,Don't know,Yes,Somewhat easy,No,No,Yes,No,Yes,Maybe,Don't know,Yes,Glad to see more companies taking this seriously.
2971,2022,28,Male,United States,No,No,No,Never,500-1000,No,Yes,Yes,No,Yes,No,Yes,Very difficult,No,No,No,Yes,No,Yes,No,No,
2972,2021,23,Male,Australia,No,No,No,Sometimes,More than 1000,Yes,Yes,Don't know,Yes,No,Yes,Yes,Somewhat difficult,Yes,No,No,Yes,Maybe,No,Don't know,No,Better awareness programs needed.
2973,2024,29,Female,Netherlands,No,No,Yes,Sometimes,100-500,No,No,Yes,No,Yes,Yes,No,Don't know,Maybe,No,No,Yes,No,No,Yes,No,Leadership support makes all the difference.
2974,2023,23,Male,United States,No,No,No,Sometimes,More than 1000,No,Yes,Yes,Yes,Don't know,Don't know,Don't know,Somewhat easy,No,Yes,Yes,Yes,No,Maybe,No,Yes,Open conversations help reduce stigma.
2975,2023,26,Male,Other,Yes,Yes,Yes,Often,100-500,Yes,Yes,Yes,Don't know,Yes,Yes,No,Somewhat difficult,No,No,No,Yes,Maybe,No,No,No,Better awareness programs needed.
2976,2024,25,Male,Netherlands,No,Yes,No,Rarely,26-100,No,Yes,Don't know,Don't know,No,Don't know,No,Somewhat difficult,Yes,No,Some of them,Yes,No,Maybe,Don't know,No,
2977,2024,32,Female,United Kingdom,No,No,No,Rarely,More than 1000,Yes,No,Yes,No,Yes,Yes,Don't know,Somewhat easy,No,No,Some of them,Some of them,No,No,Yes,Yes,Leadership support makes all the difference.
2978,2022,52,Male,Netherlands,No,No,No,Sometimes,1-5,No,Yes,Yes,Yes,No,No,Yes,Very difficult,Maybe,No,No,Some of them,Maybe,Yes,Don't know,Yes,
2979,2020,24,Male,United States,No,No,Yes,Never,More than 1000,No,No,Don't know,No,No,No,No,Somewhat easy,No,Maybe,Some of them,No,No,Maybe,Don't know,No,Glad to see more companies taking this seriously.
2980,2022,33,Female,United States,Yes,Yes,No,Never,100-500,Yes,Yes,No,No,No,No,Yes,Don't know,Yes,No,No,No,Maybe,Maybe,Yes,No,
2981,2021,21,Male,United States,No,No,No,Rarely,More than 1000,Yes,Yes,No,Don't know,Don't know,Yes,Don't know,Very easy,Yes,No,Yes,No,No,Maybe,Don't know,No,
2982,2024,34,Non-binary,Ireland,No,No,No,Rarely,100-500,Yes,Yes,Yes,No,Don't know,Yes,Yes,Don't know,Yes,No,No,Some of them,Maybe,Yes,Don't know,No,Better awareness programs needed.
2983,2024,36,Female,Canada,No,No,No,Rarely,500-1000,Yes,Yes,Yes,Yes,Don't know,No,Don't know,Don't know,Maybe,No,Yes,Some of them,Yes,Maybe,Yes,Yes,
2984,2023,29,Female,Australia,No,No,No,Rarely,More than 1000,Yes,Yes,Yes,No,Yes,Yes,Yes,Don't know,No,Maybe,No,Yes,No,Yes,Yes,No,
2985,2023,29,Male,United Kingdom,No,No,No,Sometimes,26-100,No,No,Yes,No,Don't know,No,No,Don't know,Maybe,Yes,No,Some of them,No,Maybe,No,No,
2986,2022,26,Male,Other,No,No,Yes,Often,500-1000,Yes,Yes,Yes,Yes,No,Yes,No,Somewhat difficult,No,No,Yes,Yes,Maybe,Yes,Yes,No,HR resources are available but rarely used.
2987,2024,24,Female,United Kingdom,No,No,Yes,Sometimes,100-500,Yes,No,Don't know,No,Yes,Yes,Yes,Somewhat easy,No,No,Yes,Some of them,No,No,Yes,No,Burnout is rampant in my team.
2988,2024,22,Female,Brazil,No,No,Yes,Sometimes,500-1000,No,Yes,Don't know,Yes,Don't know,Don't know,Yes,Somewhat easy,No,No,Yes,Some of them,No,No,Yes,No,More anonymous support options would help.
2989,2022,21,Male,Australia,No,No,Yes,Sometimes,More than 1000,Yes,Yes,Yes,Yes,No,No,Yes,Don't know,Yes,No,Yes,Yes,No,No,Yes,Yes,Leadership support makes all the difference.
2990,2019,26,Male,Germany,No,No,No,Never,26-100,No,Yes,Don't know,Yes,No,No,Don't know,Somewhat difficult,No,No,No,No,No,Maybe,Don't know,No,Stigma is still a major issue in my workplace.
2991,2021,18,Male,Ireland,Yes,No,Yes,Rarely,More than 1000,Yes,Yes,No,Yes,No,No,Yes,Somewhat easy,Maybe,No,Some of them,Yes,No,Maybe,No,No,
2992,2023,24,Male,United States,No,No,No,Never,26-100,No,Yes,No,Don't know,Yes,No,Don't know,Don't know,Yes,No,No,Yes,Maybe,No,Don't know,No,Management needs training on mental health.
2993,2022,37,Male,Other,No,No,Yes,Often,1-5,No,No,No,No,Yes,Don't know,No,Somewhat easy,Yes,Maybe,Some of them,No,Maybe,Maybe,Don't know,No,
2994,2020,33,Male,Netherlands,No,Yes,Yes,Often,100-500,No,Yes,Don't know,No,No,Don't know,Yes,Somewhat easy,No,No,Yes,No,Maybe,No,No,No,
2995,2021,46,Female,Other,No,No,No,Never,1-5,No,Yes,Yes,Yes,No,No,No,Don't know,Yes,No,Yes,No,No,Yes,No,No,Open conversations help reduce stigma.
2996,2023,27,Male,United States,Yes,No,Yes,Rarely,100-500,No,No,Don't know,No,Yes,No,Yes,Somewhat difficult,Maybe,No,Some of them,Yes,No,No,Don't know,No,
2997,2022,20,Male,United States,No,No,Yes,Rarely,6-25,Yes,No,No,No,No,Don't know,Don't know,Very easy,Yes,No,No,Yes,Maybe,No,Don't know,No,
2998,2021,23,Female,United States,No,No,Yes,Rarely,26-100,No,Yes,Yes,No,Don't know,Yes,Don't know,Somewhat difficult,No,No,Some of them,Yes,No,Maybe,Yes,No,
2999,2024,27,Female,United States,No,Yes,Yes,Sometimes,6-25,No,Yes,Yes,Don't know,Don't know,Don't know,Don't know,Somewhat difficult,Maybe,Maybe,Yes,No,Maybe,Yes,Don't know,No,
3000,2019,45,Male,United States,No,Yes,Yes,Sometimes,26-100,No,No,No,Don't know,Don't know,Don't know,Yes,Don't know,Maybe,No,No,Yes,No,Maybe,Don't know,Yes,More anonymous support options would help.
3001,2020,19,Male,United Kingdom,No,No,Yes,Sometimes,More than 1000,Yes,Yes,Don't know,Don't know,No,Yes,Yes,Don't know,Maybe,Maybe,No,Yes,No,No,Yes,No,
3002,2024,18,Other / Prefer not to say,United States,No,No,Yes,Rarely,6-25,Yes,Yes,No,Don't know,No,Don't know,No,Somewhat difficult,No,No,Yes,Yes,No,No,Don't know,No,Stigma is still a major issue in my workplace.
3003,2023,18,Other / Prefer not to say,United States,Yes,No,Yes,Sometimes,1-5,Yes,Yes,No,No,No,No,Yes,Don't know,No,No,No,Yes,Maybe,Yes,No,Yes,HR resources are available but rarely used.
3004,2024,43,Male,United States,No,No,No,Rarely,6-25,Yes,No,No,No,Yes,No,Yes,Somewhat difficult,No,Yes,Some of them,No,No,No,No,Yes,HR resources are available but rarely used.
3005,2019,29,Female,United States,Yes,No,No,Rarely,More than 1000,Yes,Yes,Yes,Yes,Don't know,No,Yes,Don't know,Maybe,No,No,Yes,No,No,Yes,No,Management needs training on mental health.
3006,2023,33,Male,Germany,No,Yes,Yes,Sometimes,100-500,Yes,No,Yes,Don't know,Yes,Yes,Don't know,Don't know,Maybe,No,No,No,Maybe,No,Don't know,No,
3007,2020,23,Male,United States,No,No,No,Often,100-500,Yes,Yes,Don't know,Yes,Yes,Yes,No,Somewhat easy,Maybe,No,No,No,No,No,Yes,No,
3008,2024,28,Male,Ireland,No,No,No,Rarely,1-5,No,Yes,No,No,No,Don't know,Yes,Somewhat easy,No,No,Yes,No,No,Maybe,No,No,Better awareness programs needed.
3009,2024,36,Female,United States,No,No,No,Sometimes,100-500,No,Yes,Yes,Don't know,Yes,Yes,Don't know,Somewhat easy,Yes,No,Some of them,Some of them,No,Yes,Don't know,No,
3010,2023,34,Female,United States,No,No,No,Never,26-100,No,Yes,Yes,Don't know,Yes,No,Don't know,Somewhat easy,Yes,No,No,No,Maybe,No,Don't know,No,
3011,2024,18,Female,France,Yes,Yes,Yes,Often,More than 1000,Yes,Yes,Yes,Don't know,Yes,Yes,Yes,Somewhat easy,No,No,No,No,Maybe,Yes,Don't know,No,More anonymous support options would help.
3012,2023,34,Male,Netherlands,No,Yes,Yes,Often,1-5,Yes,Yes,Yes,Don't know,Don't know,No,No,Don't know,No,No,Some of them,Some of them,Maybe,No,Yes,No,Leadership support makes all the difference.
3013,2022,40,Male,Canada,No,No,No,Often,26-100,Yes,No,No,No,Yes,No,Yes,Somewhat easy,Yes,Maybe,Yes,Some of them,Maybe,No,Yes,No,Stigma is still a major issue in my workplace.
3014,2023,41,Male,United States,No,No,No,Rarely,26-100,Yes,Yes,Don't know,No,Don't know,Yes,No,Don't know,Maybe,No,No,No,No,No,No,No,Open conversations help reduce stigma.
3015,2022,40,Female,United States,No,No,No,Never,More than 1000,Yes,Yes,Don't know,No,No,Don't know,No,Don't know,Maybe,No,Some of them,Yes,No,Maybe,No,No,
3016,2021,28,Female,United States,No,Yes,No,Rarely,26-100,No,Yes,No,No,No,No,Yes,Don't know,No,No,Yes,Yes,Maybe,No,Yes,No,Better awareness programs needed.
3017,2019,21,Male,United States,No,No,Yes,Sometimes,1-5,Yes,Yes,Yes,Don't know,No,Don't know,Yes,Somewhat easy,No,No,No,No,No,No,Don't know,Yes,
3018,2022,32,Male,United States,No,Yes,Yes,Often,6-25,Yes,Yes,No,Don't know,No,Yes,Don't know,Very easy,Yes,Yes,Yes,Some of them,Maybe,No,Don't know,No,HR resources are available but rarely used.
3019,2023,23,Male,United States,No,Yes,Yes,Sometimes,26-100,No,Yes,Yes,Don't know,Yes,No,Yes,Don't know,No,No,Yes,Yes,No,No,Yes,No,Open conversations help reduce stigma.
3020,2023,41,Non-binary,United States,Yes,No,Yes,Sometimes,6-25,No,No,Yes,No,Don't know,Yes,Don't know,Don't know,Maybe,Maybe,Some of them,Yes,Maybe,Yes,Yes,No,Stigma is still a major issue in my workplace.
3021,2023,39,Male,United States,No,Yes,Yes,Never,100-500,Yes,Yes,No,Don't know,Don't know,Yes,Don't know,Don't know,Yes,No,No,No,No,No,Yes,No,
3022,2024,18,Male,France,No,No,No,Never,100-500,No,Yes,No,Don't know,Yes,No,No,Somewhat easy,Yes,No,No,Some of them,Maybe,No,Don't know,No,
3023,2020,38,Male,Brazil,No,No,No,Never,100-500,No,No,No,Yes,Yes,No,No,Somewhat easy,Maybe,No,No,Yes,Yes,No,No,Yes,More anonymous support options would help.
3024,2023,30,Male,United States,No,Yes,No,Rarely,26-100,Yes,Yes,Yes,Don't know,No,Yes,Don't know,Somewhat difficult,Maybe,No,No,Some of them,Maybe,No,Don't know,No,Open conversations help reduce stigma.
3025,2020,21,Non-binary,United States,No,No,Yes,Sometimes,500-1000,Yes,Yes,Yes,Don't know,No,No,Don't know,Somewhat difficult,Maybe,No,Some of them,Yes,No,Maybe,Yes,No,HR resources are available but rarely used.
3026,2023,27,Female,United Kingdom,Yes,No,Yes,Often,500-1000,Yes,Yes,Yes,Yes,Don't know,No,Yes,Don't know,Yes,No,No,No,No,No,Don't know,No,Burnout is rampant in my team.
3027,2023,38,Female,United Kingdom,No,Yes,Yes,Sometimes,6-25,Yes,Yes,No,Yes,No,No,No,Don't know,Maybe,No,Yes,Some of them,No,No,No,No,More anonymous support options would help.
3028,2020,35,Female,United States,No,No,Yes,Sometimes,100-500,No,Yes,Yes,Yes,Don't know,Yes,No,Don't know,Yes,Maybe,Yes,No,Maybe,Maybe,Don't know,Yes,HR resources are available but rarely used.
3029,2023,28,Female,United States,No,No,No,Rarely,100-500,Yes,Yes,Yes,Yes,Yes,Don't know,No,Somewhat difficult,Maybe,No,Yes,No,Maybe,Maybe,Don't know,Yes,Burnout is rampant in my team.
3030,2023,36,Male,United Kingdom,No,No,No,Never,100-500,Yes,No,Yes,Don't know,Yes,Yes,Don't know,Don't know,No,Maybe,No,No,Maybe,Yes,Don't know,No,
3031,2023,32,Female,United States,No,No,No,Sometimes,6-25,Yes,Yes,Yes,No,No,Don't know,No,Somewhat easy,Yes,Yes,Yes,No,No,Maybe,No,Yes,Burnout is rampant in my team.
3032,2024,32,Male,United States,No,No,No,Rarely,More than 1000,Yes,Yes,No,No,No,Yes,Don't know,Very difficult,Yes,No,No,Some of them,Yes,Yes,Yes,No,Glad to see more companies taking this seriously.
3033,2020,37,Male,Netherlands,No,No,No,Never,1-5,No,Yes,Don't know,No,Yes,No,Don't know,Somewhat easy,Maybe,No,No,Some of them,Yes,No,No,No,
3034,2023,32,Male,United States,No,No,Yes,Sometimes,1-5,No,Yes,No,Don't know,No,No,No,Very easy,No,No,Yes,No,Maybe,Yes,Don't know,No,
3035,2019,24,Male,United States,No,No,No,Sometimes,1-5,Yes,Yes,No,No,No,No,No,Somewhat easy,Maybe,No,Some of them,Yes,No,Yes,No,Yes,
3036,2021,29,Male,United States,No,No,Yes,Never,More than 1000,No,Yes,Yes,No,Don't know,Yes,Yes,Very easy,Yes,Yes,No,No,Yes,No,Yes,No,More anonymous support options would help.
3037,2021,39,Female,Germany,No,No,No,Rarely,100-500,No,Yes,Yes,Yes,No,Don't know,Don't know,Very easy,Yes,No,Some of them,Yes,Maybe,No,Don't know,No,Leadership support makes all the difference.
3038,2022,24,Male,Canada,No,No,No,Sometimes,More than 1000,No,Yes,Don't know,Yes,No,Don't know,No,Somewhat easy,Maybe,No,Yes,No,No,Yes,No,No,
3039,2023,27,Female,Other,No,Yes,Yes,Sometimes,100-500,No,No,No,No,Yes,Yes,Yes,Very easy,Maybe,No,Some of them,Yes,No,Maybe,Yes,No,Management needs training on mental health.
3040,2021,39,Male,United States,No,Yes,Yes,Sometimes,26-100,Yes,Yes,No,No,Yes,Don't know,No,Don't know,Yes,Maybe,Some of them,No,No,Maybe,Yes,No,We have EAP but nobody talks about it.
3041,2023,26,Male,Other,No,No,No,Often,6-25,Yes,No,Yes,Don't know,No,Don't know,Don't know,Don't know,Yes,No,Yes,Yes,No,Maybe,Don't know,No,Management needs training on mental health.
3042,2021,33,Non-binary,India,No,No,No,Never,6-25,Yes,Yes,Yes,No,Yes,No,Don't know,Don't know,Maybe,No,Yes,No,Maybe,Yes,Yes,No,HR resources are available but rarely used.
3043,2023,40,Female,United States,No,No,No,Rarely,6-25,Yes,Yes,No,No,Don't know,No,Don't know,Somewhat easy,No,Yes,Yes,Yes,Maybe,No,No,No,
3044,2024,27,Female,United Kingdom,Yes,Yes,No,Often,100-500,Yes,No,No,Yes,Yes,Don't know,Don't know,Don't know,No,No,Some of them,Some of them,Yes,Maybe,No,No,Burnout is rampant in my team.
3045,2019,31,Male,United States,No,Yes,No,Rarely,More than 1000,No,Yes,No,No,Don't know,Yes,Yes,Somewhat difficult,Yes,Maybe,Some of them,No,No,Yes,Yes,No,
3046,2022,27,Male,Sweden,No,No,No,Rarely,26-100,Yes,No,Yes,Don't know,Yes,No,Don't know,Don't know,No,Maybe,No,Yes,Maybe,Yes,No,No,Remote work has been a double-edged sword.
3047,2024,31,Male,Other,No,Yes,Yes,Often,100-500,Yes,No,No,Yes,No,Don't know,Yes,Somewhat easy,No,No,No,Yes,No,Maybe,No,No,
3048,2024,21,Male,Netherlands,Yes,No,Yes,Rarely,100-500,No,No,Yes,Don't know,Yes,Yes,Yes,Don't know,Maybe,No,No,Yes,No,Yes,No,No,Burnout is rampant in my team.
3049,2022,45,Female,United States,Yes,Yes,No,Rarely,500-1000,No,Yes,Yes,Don't know,Don't know,No,Don't know,Very difficult,No,Maybe,Yes,Yes,Maybe,No,No,Yes,Anonymous reporting would increase participation.
3050,2024,39,Male,United States,No,No,Yes,Sometimes,500-1000,Yes,Yes,Don't know,Don't know,Yes,Yes,Don't know,Somewhat difficult,No,No,No,Some of them,Maybe,Yes,Yes,Yes,We have EAP but nobody talks about it.
3051,2021,26,Non-binary,Other,Yes,No,No,Never,26-100,No,Yes,Don't know,Yes,Don't know,Yes,No,Somewhat difficult,No,No,Some of them,Yes,No,Maybe,Yes,No,Burnout is rampant in my team.
3052,2022,31,Female,Other,No,No,No,Sometimes,1-5,No,No,Don't know,Don't know,No,No,No,Somewhat difficult,Maybe,No,No,No,No,No,No,No,Burnout is rampant in my team.
3053,2023,18,Male,United States,No,No,No,Sometimes,500-1000,Yes,Yes,No,Don't know,Yes,Yes,Yes,Somewhat difficult,No,No,Yes,Some of them,No,No,Don't know,No,Leadership support makes all the difference.
3054,2024,32,Male,United States,No,No,Yes,Sometimes,More than 1000,No,Yes,Yes,Yes,No,Don't know,Don't know,Don't know,No,Maybe,Some of them,Some of them,Maybe,Maybe,Yes,Yes,HR resources are available but rarely used.
3055,2021,21,Female,United States,No,No,No,Rarely,More than 1000,Yes,Yes,Yes,Yes,Yes,Yes,Don't know,Very difficult,No,No,Some of them,Yes,No,No,Don't know,No,
3056,2023,20,Female,United States,No,No,Yes,Sometimes,More than 1000,Yes,Yes,Yes,Yes,Yes,Don't know,Yes,Don't know,No,No,No,Yes,No,Yes,Yes,Yes,
3057,2019,36,Male,Germany,No,Yes,Yes,Rarely,More than 1000,No,Yes,Yes,Don't know,Yes,Yes,No,Somewhat easy,No,No,No,Some of them,No,No,No,No,
3058,2023,19,Male,United States,No,No,Yes,Sometimes,More than 1000,Yes,No,No,Yes,No,Don't know,No,Somewhat easy,No,No,Yes,No,No,No,Don't know,No,
3059,2021,33,Female,United States,No,No,No,Sometimes,26-100,No,Yes,Yes,No,No,Don't know,No,Don't know,No,No,Some of them,Yes,No,Maybe,No,Yes,
3060,2022,39,Male,United States,Yes,No,No,Never,More than 1000,No,Yes,Yes,Yes,Yes,No,Don't know,Somewhat easy,Yes,No,Some of them,Some of them,Yes,Maybe,No,Yes,Stigma is still a major issue in my workplace.
3061,2020,25,Non-binary,United States,No,No,No,Often,6-25,No,Yes,No,No,Don't know,No,Don't know,Very difficult,Yes,No,Yes,Some of them,No,Yes,No,No,Stigma is still a major issue in my workplace.
3062,2022,37,Female,Germany,No,Yes,No,Never,100-500,No,Yes,Yes,Don't know,No,No,Yes,Don't know,Maybe,No,Some of them,Yes,No,No,No,No,
3063,2021,23,Female,United States,No,No,No,Often,100-500,Yes,No,Yes,Don't know,Yes,No,Don't know,Somewhat easy,Maybe,Maybe,Yes,Yes,No,No,Yes,No,Remote work has been a double-edged sword.
3064,2020,32,Male,France,No,No,No,Never,More than 1000,Yes,Yes,No,Yes,No,No,Don't know,Somewhat easy,Yes,No,Yes,No,No,Yes,Don't know,No,HR resources are available but rarely used.
3065,2023,39,Non-binary,United States,No,No,No,Never,6-25,No,No,No,No,Don't know,Don't know,Yes,Somewhat difficult,Yes,No,No,Yes,No,Maybe,Yes,No,Better awareness programs needed.
3066,2024,33,Male,United States,No,No,No,Sometimes,1-5,No,Yes,No,No,No,Yes,Don't know,Somewhat easy,No,No,Some of them,No,Maybe,Maybe,Yes,No,Burnout is rampant in my team.
3067,2022,22,Female,United States,No,Yes,No,Rarely,500-1000,No,No,Yes,No,Don't know,Don't know,Don't know,Very difficult,Maybe,No,Some of them,Some of them,No,No,Yes,No,Stigma is still a major issue in my workplace.
3068,2019,20,Male,Australia,No,No,No,Sometimes,More than 1000,No,No,Yes,Yes,No,Yes,No,Don't know,Maybe,No,Yes,Yes,No,No,No,No,
3069,2021,39,Other / Prefer not to say,India,No,No,No,Never,500-1000,No,Yes,Yes,No,Yes,Don't know,Yes,Very difficult,Yes,No,No,Some of them,No,No,Don't know,No,
3070,2023,22,Male,United States,No,No,No,Rarely,100-500,Yes,No,No,Don't know,Don't know,No,Yes,Somewhat difficult,Maybe,No,No,Some of them,No,Maybe,No,No,
3071,2022,24,Female,United States,No,Yes,Yes,Sometimes,100-500,No,Yes,Yes,Yes,No,Don't know,Don't know,Somewhat easy,No,No,No,Yes,No,Maybe,Yes,Yes,HR resources are available but rarely used.
3072,2021,23,Female,United States,No,Yes,Yes,Often,6-25,Yes,No,Don't know,No,No,No,No,Somewhat difficult,No,No,Yes,Some of them,No,Maybe,No,No,Leadership support makes all the difference.
3073,2020,30,Female,Australia,No,Yes,No,Rarely,26-100,Yes,No,No,No,No,Yes,Don't know,Don't know,Maybe,Maybe,Some of them,No,No,No,Don't know,No,Anonymous reporting would increase participation.
3074,2023,39,Other / Prefer not to say,United States,No,Yes,No,Never,100-500,No,No,Yes,No,No,Yes,Don't know,Very difficult,No,No,Yes,Yes,No,No,No,No,
3075,2022,44,Male,France,No,No,No,Often,500-1000,No,Yes,Yes,Don't know,Don't know,Don't know,Yes,Don't know,Maybe,No,No,No,No,No,No,No,More anonymous support options would help.
3076,2024,33,Female,United States,No,Yes,No,Sometimes,100-500,Yes,Yes,Yes,Yes,No,Don't know,Don't know,Don't know,No,No,No,Yes,Maybe,No,No,No,Burnout is rampant in my team.
3077,2020,38,Female,United Kingdom,No,No,No,Rarely,26-100,Yes,Yes,No,Don't know,Yes,Don't know,No,Somewhat difficult,No,Yes,Some of them,Yes,No,No,Don't know,No,Glad to see more companies taking this seriously.
3078,2021,21,Male,United Kingdom,No,No,Yes,Sometimes,100-500,No,Yes,Yes,No,Yes,Don't know,Yes,Don't know,Maybe,Yes,Yes,No,Maybe,Maybe,Don't know,No,Remote work has been a double-edged sword.
3079,2021,25,Male,Other,Yes,Yes,Yes,Rarely,26-100,Yes,Yes,Yes,Yes,No,Yes,No,Very easy,No,Maybe,No,Yes,No,Maybe,Yes,No,Open conversations help reduce stigma.
3080,2021,38,Male,Ireland,No,Yes,No,Rarely,1-5,No,Yes,Yes,No,No,Don't know,No,Somewhat easy,No,No,No,Some of them,Yes,No,Don't know,No,
3081,2022,22,Male,Germany,No,No,No,Never,1-5,No,Yes,Don't know,No,Don't know,No,Don't know,Somewhat easy,Yes,No,Some of them,No,No,No,No,Yes,
3082,2020,26,Male,United States,No,No,Yes,Often,6-25,No,No,No,No,No,No,Don't know,Don't know,No,Maybe,Some of them,Yes,Maybe,No,No,No,
3083,2024,37,Male,Other,No,No,No,Rarely,26-100,No,Yes,Don't know,No,No,No,No,Very easy,No,No,Some of them,No,Maybe,No,Yes,Yes,
3084,2024,26,Male,United States,No,Yes,No,Sometimes,6-25,No,Yes,Yes,Don't know,No,No,Don't know,Very difficult,Yes,No,Some of them,Yes,No,No,No,No,
3085,2023,18,Male,Sweden,No,Yes,Yes,Sometimes,1-5,Yes,Yes,No,Don't know,Don't know,No,Don't know,Somewhat easy,Maybe,Maybe,No,Yes,No,No,No,No,
3086,2021,35,Male,United States,No,Yes,No,Sometimes,100-500,Yes,No,Yes,Yes,Yes,Yes,Don't know,Very easy,Yes,Yes,Some of them,No,Maybe,No,Don't know,No,We have EAP but nobody talks about it.
3087,2019,43,Female,United States,No,No,Yes,Sometimes,100-500,No,Yes,Don't know,Don't know,Yes,Yes,No,Somewhat easy,Yes,No,Some of them,Yes,Maybe,Yes,No,No,
3088,2021,35,Female,United States,Yes,No,Yes,Often,26-100,No,Yes,No,No,Yes,Yes,Don't know,Somewhat easy,No,Maybe,Yes,Yes,Maybe,No,No,No,
3089,2019,25,Male,Other,No,No,Yes,Sometimes,500-1000,No,No,Yes,Yes,Yes,Don't know,Yes,Don't know,No,No,Some of them,Yes,No,Yes,No,No,Management needs training on mental health.
3090,2019,26,Male,United States,No,Yes,Yes,Often,500-1000,No,Yes,Yes,Yes,Yes,Yes,Don't know,Somewhat difficult,Maybe,Maybe,No,Some of them,Maybe,No,Don't know,Yes,
3091,2024,31,Male,Brazil,No,No,No,Rarely,500-1000,Yes,Yes,No,Don't know,Yes,Yes,Don't know,Don't know,No,No,Yes,Yes,Maybe,Yes,Yes,No,
3092,2024,29,Non-binary,Canada,Yes,No,No,Never,100-500,No,Yes,Yes,Yes,Don't know,Yes,Yes,Somewhat difficult,Maybe,Maybe,Yes,Yes,No,No,Yes,No,Stigma is still a major issue in my workplace.
3093,2020,33,Female,Netherlands,Yes,No,No,Often,100-500,No,Yes,Yes,Yes,Don't know,Yes,No,Don't know,Yes,Maybe,Some of them,Yes,No,No,Don't know,Yes,Glad to see more companies taking this seriously.
3094,2021,27,Male,Other,No,No,No,Never,100-500,No,Yes,Yes,Don't know,Yes,Don't know,Don't know,Somewhat difficult,No,No,No,Some of them,Yes,No,Don't know,No,
3095,2021,27,Female,United States,No,Yes,Yes,Often,26-100,Yes,Yes,Don't know,No,Yes,Don't know,No,Somewhat easy,No,No,Yes,Yes,No,Yes,Don't know,No,Better awareness programs needed.
3096,2024,34,Male,Netherlands,No,Yes,No,Rarely,1-5,No,Yes,Don't know,No,No,No,Don't know,Don't know,Yes,No,No,Yes,No,No,Yes,Yes,We have EAP but nobody talks about it.
3097,2021,36,Male,Netherlands,No,Yes,Yes,Sometimes,More than 1000,No,No,Don't know,No,No,Yes,Don't know,Somewhat difficult,Maybe,No,No,Yes,No,Maybe,Don't know,No,More anonymous support options would help.
3098,2019,39,Male,United States,No,Yes,No,Often,100-500,Yes,Yes,No,No,No,Yes,Yes,Somewhat difficult,No,No,No,Yes,No,Yes,Don't know,Yes,We have EAP but nobody talks about it.
3099,2021,21,Female,United States,No,No,Yes,Never,More than 1000,No,No,Yes,Don't know,Don't know,Yes,Yes,Somewhat easy,No,No,No,No,Maybe,No,Don't know,Yes,We have EAP but nobody talks about it.
3100,2020,43,Male,United States,No,Yes,Yes,Sometimes,More than 1000,Yes,Yes,Don't know,Yes,Yes,Yes,Yes,Very easy,Yes,No,Yes,Yes,No,No,Don't know,No,
3101,2022,33,Male,United States,No,No,Yes,Rarely,500-1000,Yes,No,No,Don't know,No,No,No,Don't know,No,No,Yes,No,Yes,Maybe,Yes,No,
3102,2019,23,Female,United States,No,No,Yes,Sometimes,26-100,No,Yes,No,No,Don't know,Don't know,Don't know,Very easy,Yes,Maybe,Yes,Yes,Maybe,No,No,No,
3103,2019,28,Female,United States,No,Yes,Yes,Often,More than 1000,No,No,Don't know,Don't know,Yes,Don't know,Don't know,Somewhat difficult,Yes,Yes,No,Some of them,No,Maybe,Yes,Yes,Management needs training on mental health.
3104,2019,21,Female,Australia,Yes,Yes,No,Rarely,More than 1000,Yes,Yes,Don't know,Yes,Don't know,Yes,No,Somewhat easy,No,No,No,Yes,No,No,Yes,No,
3105,2020,22,Male,United States,No,No,No,Often,6-25,Yes,No,Yes,No,No,Yes,Don't know,Don't know,Yes,No,Yes,No,No,Maybe,Don't know,No,
3106,2024,26,Male,United States,No,No,Yes,Never,More than 1000,Yes,Yes,Yes,Yes,Yes,Yes,Don't know,Somewhat easy,No,No,Some of them,Some of them,Yes,No,No,No,
3107,2019,18,Female,India,No,No,No,Sometimes,26-100,No,Yes,No,Don't know,Yes,Don't know,Don't know,Very difficult,Yes,Maybe,Yes,No,No,Yes,Don't know,No,
3108,2023,35,Male,United Kingdom,No,No,Yes,Sometimes,26-100,Yes,Yes,No,No,Don't know,No,No,Don't know,Yes,Maybe,Some of them,No,No,No,Yes,No,
3109,2023,29,Male,United States,No,No,No,Sometimes,100-500,No,Yes,Yes,Yes,Don't know,Don't know,Yes,Somewhat easy,Maybe,Maybe,Some of them,No,Maybe,No,Yes,Yes,
3110,2021,35,Female,Other,No,No,Yes,Never,100-500,No,Yes,Yes,Don't know,Yes,Don't know,Yes,Somewhat difficult,No,No,No,No,No,No,Don't know,No,Better awareness programs needed.
3111,2019,31,Female,Canada,No,No,No,Sometimes,More than 1000,Yes,No,Yes,No,Don't know,Yes,No,Somewhat easy,No,No,Yes,No,No,No,No,No,
3112,2024,25,Female,United States,No,No,No,Never,6-25,No,Yes,Don't know,No,Yes,No,Yes,Somewhat difficult,Yes,No,Yes,No,Maybe,No,Yes,Yes,
3113,2022,18,Female,United States,No,No,No,Sometimes,26-100,No,Yes,Don't know,No,Don't know,No,Don't know,Very easy,No,Yes,No,No,No,Maybe,Yes,No,Management needs training on mental health.
3114,2023,38,Male,United States,No,Yes,Yes,Rarely,100-500,No,Yes,Yes,Don't know,Don't know,Yes,Yes,Somewhat easy,No,No,Some of them,Some of them,Maybe,No,Yes,No,
3115,2022,29,Female,United Kingdom,Yes,No,No,Never,26-100,No,Yes,No,No,No,Yes,Don't know,Somewhat difficult,Yes,No,No,No,No,Maybe,Yes,No,
3116,2022,38,Male,United States,No,Yes,Yes,Sometimes,6-25,Yes,Yes,No,No,Don't know,No,No,Somewhat easy,No,No,Yes,Yes,No,No,No,No,
3117,2024,18,Other / Prefer not to say,United States,No,No,No,Often,100-500,Yes,Yes,Yes,Yes,Yes,Don't know,Yes,Very difficult,No,No,Yes,No,No,No,Yes,No,Better awareness programs needed.
3118,2024,28,Male,India,No,Yes,Yes,Often,More than 1000,No,No,No,Yes,Yes,Don't know,Yes,Somewhat easy,Yes,No,Yes,No,No,No,Yes,No,
3119,2022,23,Male,France,No,No,Yes,Often,100-500,No,Yes,Yes,Don't know,Yes,Yes,Yes,Somewhat easy,No,No,Some of them,No,No,No,No,No,Anonymous reporting would increase participation.
3120,2019,22,Non-binary,Germany,No,No,No,Rarely,26-100,No,No,Yes,Don't know,Don't know,Don't know,Yes,Very difficult,Yes,No,No,Some of them,Maybe,Maybe,Don't know,No,HR resources are available but rarely used.
3121,2022,26,Male,Ireland,No,No,Yes,Often,More than 1000,No,Yes,Yes,No,Yes,Yes,No,Somewhat easy,Yes,No,Yes,No,No,Maybe,No,No,Stigma is still a major issue in my workplace.
3122,2023,29,Male,United States,No,Yes,No,Often,26-100,Yes,Yes,No,Don't know,Yes,No,No,Somewhat easy,Yes,Yes,No,Some of them,Maybe,No,No,Yes,Stigma is still a major issue in my workplace.
3123,2023,33,Male,United Kingdom,No,No,No,Rarely,More than 1000,Yes,Yes,Don't know,Yes,No,Yes,Yes,Don't know,Maybe,Maybe,No,No,Yes,No,Don't know,No,Glad to see more companies taking this seriously.
3124,2023,25,Female,Netherlands,No,Yes,Yes,Sometimes,100-500,Yes,Yes,Yes,Yes,Don't know,Yes,Don't know,Somewhat difficult,Maybe,Yes,Yes,Yes,Maybe,Maybe,Yes,No,Stigma is still a major issue in my workplace.
3125,2021,29,Male,Sweden,Yes,No,No,Often,26-100,Yes,Yes,No,No,Don't know,No,Don't know,Don't know,Maybe,No,No,Yes,No,No,Yes,No,
3126,2024,33,Male,United States,No,No,Yes,Sometimes,100-500,Yes,Yes,Yes,Don't know,Yes,No,Yes,Don't know,Maybe,No,Yes,Yes,Maybe,No,Don't know,Yes,
3127,2020,30,Male,United Kingdom,Yes,No,No,Rarely,500-1000,Yes,Yes,Yes,Don't know,No,Yes,Yes,Somewhat easy,Yes,No,No,No,Maybe,No,No,No,Glad to see more companies taking this seriously.
3128,2023,24,Female,United States,No,Yes,No,Never,100-500,No,Yes,Don't know,Yes,Yes,Yes,Yes,Somewhat difficult,No,No,No,Yes,No,No,Yes,No,Stigma is still a major issue in my workplace.
3129,2022,20,Female,United States,No,Yes,No,Sometimes,26-100,Yes,Yes,No,No,No,No,No,Somewhat difficult,No,No,Some of them,Yes,No,No,No,Yes,We have EAP but nobody talks about it.
3130,2020,27,Male,United States,No,Yes,No,Rarely,100-500,Yes,No,No,Yes,Yes,Yes,Don't know,Don't know,Maybe,Maybe,Some of them,No,No,No,Don't know,No,Management needs training on mental health.
3131,2022,25,Male,United States,No,Yes,Yes,Never,26-100,No,No,Don't know,No,Don't know,Don't know,Don't know,Don't know,No,No,Yes,No,Yes,No,Yes,Yes,Management needs training on mental health.
3132,2019,35,Female,France,No,No,Yes,Sometimes,26-100,Yes,Yes,No,No,No,No,Yes,Somewhat easy,No,No,Some of them,Some of them,No,No,Don't know,No,
3133,2024,31,Male,United States,No,No,Yes,Sometimes,100-500,Yes,Yes,No,Don't know,Yes,Yes,Don't know,Somewhat easy,Maybe,No,Some of them,No,No,No,Don't know,No,Burnout is rampant in my team.
3134,2021,25,Male,United States,No,No,No,Sometimes,6-25,No,Yes,Yes,Yes,No,Yes,No,Don't know,Maybe,No,Yes,No,No,Maybe,No,No,
3135,2020,36,Male,Canada,No,No,Yes,Never,100-500,Yes,Yes,No,Yes,No,Don't know,Yes,Somewhat easy,Maybe,Yes,Yes,No,No,Maybe,No,No,HR resources are available but rarely used.
3136,2024,38,Female,United States,No,Yes,No,Never,100-500,Yes,Yes,Don't know,Yes,Yes,No,Yes,Somewhat easy,Maybe,No,No,Some of them,No,Maybe,Yes,Yes,We have EAP but nobody talks about it.
3137,2020,37,Female,United Kingdom,No,No,Yes,Often,100-500,No,Yes,Yes,No,No,Yes,No,Don't know,No,No,No,Some of them,No,No,Yes,No,Remote work has been a double-edged sword.
3138,2022,19,Male,United States,Yes,Yes,No,Never,100-500,Yes,Yes,No,Don't know,Yes,Yes,Yes,Somewhat difficult,Yes,No,Yes,Some of them,No,Maybe,Yes,Yes,Stigma is still a major issue in my workplace.
3139,2023,25,Male,Germany,No,No,Yes,Sometimes,6-25,Yes,No,No,Yes,No,Yes,Don't know,Very easy,Yes,No,Some of them,Some of them,No,No,No,No,HR resources are available but rarely used.
3140,2019,27,Male,United Kingdom,No,Yes,Yes,Sometimes,More than 1000,Yes,Yes,Yes,No,Yes,Yes,Don't know,Very difficult,Maybe,No,No,No,Maybe,No,No,Yes,
3141,2022,37,Male,Germany,No,No,Yes,Rarely,26-100,No,Yes,No,Don't know,Yes,Yes,Yes,Very difficult,Maybe,No,Yes,No,Maybe,Maybe,No,No,
3142,2024,41,Male,United States,No,No,No,Sometimes,100-500,Yes,Yes,Don't know,Don't know,No,Yes,Don't know,Don't know,Maybe,No,Some of them,Some of them,Maybe,Maybe,No,No,Open conversations help reduce stigma.
3143,2022,30,Female,Other,No,No,No,Rarely,100-500,No,No,No,Yes,Yes,Yes,Yes,Somewhat easy,No,Maybe,Some of them,No,No,No,No,No,Burnout is rampant in my team.
3144,2021,39,Male,United States,No,No,No,Rarely,6-25,No,Yes,Yes,Don't know,Don't know,Yes,No,Don't know,Yes,No,No,No,No,No,Don't know,No,Leadership support makes all the difference.
3145,2023,18,Female,Other,No,No,No,Rarely,More than 1000,No,Yes,Yes,Yes,Yes,Don't know,No,Somewhat difficult,Yes,Maybe,Yes,Yes,No,Yes,Yes,No,Anonymous reporting would increase participation.
3146,2022,34,Female,Ireland,No,No,No,Rarely,6-25,Yes,No,Yes,No,Don't know,No,No,Very easy,No,No,No,Yes,No,Maybe,No,No,Open conversations help reduce stigma.
3147,2023,19,Male,United States,Yes,Yes,Yes,Sometimes,100-500,No,Yes,Yes,Yes,No,Yes,Yes,Somewhat difficult,Maybe,Maybe,No,Yes,Maybe,No,Don't know,No,
3148,2020,22,Female,Canada,No,Yes,Yes,Sometimes,100-500,No,Yes,Don't know,Yes,Yes,Don't know,Don't know,Don't know,No,No,Yes,Yes,No,No,No,Yes,Anonymous reporting would increase participation.
3149,2022,26,Male,United States,No,No,Yes,Sometimes,100-500,No,Yes,Yes,Yes,Don't know,Yes,Don't know,Very difficult,No,No,Some of them,Some of them,Maybe,Yes,Yes,No,More anonymous support options would help.
3150,2020,18,Male,United States,No,No,Yes,Sometimes,100-500,No,Yes,No,Yes,Yes,No,No,Don't know,No,No,No,No,Yes,Maybe,No,No,
3151,2020,42,Male,Australia,No,No,Yes,Often,6-25,No,No,No,No,No,Yes,No,Somewhat difficult,Maybe,No,Yes,No,Yes,No,Don't know,No,Open conversations help reduce stigma.
3152,2020,26,Male,United Kingdom,No,No,No,Never,26-100,Yes,Yes,Don't know,No,No,Yes,Don't know,Somewhat easy,Yes,No,Yes,Some of them,No,Maybe,Don't know,No,Anonymous reporting would increase participation.
3153,2020,40,Female,France,No,Yes,No,Never,26-100,No,Yes,Yes,Don't know,Yes,Don't know,Yes,Don't know,No,Maybe,No,No,Maybe,Maybe,Yes,Yes,
3154,2023,32,Female,United States,No,Yes,Yes,Often,500-1000,No,Yes,Yes,Yes,No,Don't know,Don't know,Don't know,Yes,No,Some of them,No,No,Yes,Yes,No,
3155,2024,36,Male,India,No,No,No,Never,500-1000,Yes,Yes,Yes,Don't know,No,Yes,Don't know,Very easy,Yes,No,No,Yes,No,No,Don't know,No,
3156,2024,29,Male,United States,No,No,No,Rarely,100-500,Yes,Yes,No,Yes,No,Yes,Yes,Somewhat difficult,Maybe,No,No,Yes,Maybe,No,Yes,No,Glad to see more companies taking this seriously.
3157,2024,34,Female,United States,No,No,Yes,Sometimes,26-100,Yes,No,Don't know,Yes,Don't know,Don't know,No,Somewhat easy,Yes,No,Some of them,No,No,Maybe,Don't know,Yes,Open conversations help reduce stigma.
3158,2022,37,Male,United States,No,No,No,Sometimes,100-500,Yes,Yes,Yes,Don't know,No,Don't know,No,Very difficult,No,Maybe,No,Some of them,Maybe,No,Don't know,No,
3159,2024,32,Male,United States,Yes,No,No,Sometimes,100-500,No,Yes,No,Yes,Yes,Don't know,Yes,Somewhat easy,Maybe,No,Yes,No,No,Maybe,Don't know,Yes,HR resources are available but rarely used.
3160,2022,35,Non-binary,United States,No,No,Yes,Sometimes,26-100,Yes,Yes,No,No,Don't know,Don't know,No,Somewhat easy,Yes,No,No,No,Maybe,Maybe,No,No,
3161,2021,25,Male,Australia,No,No,No,Never,1-5,No,Yes,Don't know,No,Yes,Yes,No,Don't know,Maybe,No,Some of them,Some of them,Maybe,No,No,No,Management needs training on mental health.
3162,2022,25,Male,United Kingdom,No,Yes,No,Often,More than 1000,Yes,Yes,Yes,Don't know,No,Yes,Yes,Very easy,Yes,No,No,No,No,No,Yes,Yes,Remote work has been a double-edged sword.
3163,2022,29,Female,United States,No,No,Yes,Often,26-100,No,No,No,Yes,No,Don't know,No,Somewhat easy,No,Yes,Some of them,No,No,No,No,Yes,Management needs training on mental health.
3164,2021,26,Male,Germany,Yes,No,No,Never,26-100,No,Yes,Don't know,No,Yes,No,No,Very difficult,No,No,Some of them,Yes,Maybe,No,No,Yes,More anonymous support options would help.
3165,2022,18,Male,France,No,No,No,Never,26-100,Yes,No,Yes,Yes,No,No,Yes,Very easy,Yes,No,No,Yes,Maybe,Yes,Yes,No,HR resources are available but rarely used.
3166,2024,19,Male,United States,No,Yes,Yes,Often,26-100,Yes,No,Don't know,Yes,Don't know,Yes,Don't know,Don't know,Yes,Maybe,No,No,No,Maybe,Yes,No,
3167,2024,30,Male,United Kingdom,No,Yes,Yes,Often,100-500,No,Yes,Yes,Yes,No,Yes,Yes,Don't know,No,No,No,No,No,Maybe,Don't know,No,Remote work has been a double-edged sword.
3168,2019,28,Male,Brazil,No,No,No,Often,More than 1000,No,Yes,Yes,Don't know,Yes,Yes,Yes,Don't know,No,Maybe,No,No,Maybe,No,Yes,No,Glad to see more companies taking this seriously.
3169,2024,26,Female,Canada,No,No,Yes,Rarely,26-100,Yes,Yes,No,Don't know,No,Yes,No,Don't know,No,Yes,No,No,Maybe,Maybe,No,No,Leadership support makes all the difference.
3170,2022,31,Male,Germany,No,No,No,Never,1-5,No,No,Yes,Yes,No,Yes,Yes,Don't know,No,Yes,Some of them,No,No,Maybe,Yes,No,
3171,2022,33,Male,United States,No,No,No,Rarely,More than 1000,Yes,No,No,Don't know,Yes,Yes,Yes,Somewhat difficult,Yes,Maybe,Yes,Some of them,No,No,Don't know,No,Glad to see more companies taking this seriously.
3172,2024,23,Male,Other,Yes,Yes,No,Often,100-500,No,Yes,Don't know,Don't know,Don't know,No,Don't know,Don't know,Maybe,No,No,No,Maybe,No,No,No,HR resources are available but rarely used.
3173,2021,32,Male,France,No,Yes,No,Never,More than 1000,No,Yes,Yes,Yes,Yes,Don't know,Don't know,Very difficult,No,Yes,No,No,Maybe,No,No,No,
3174,2019,35,Male,United Kingdom,Yes,No,No,Often,More than 1000,No,Yes,Don't know,Yes,Yes,No,Don't know,Very difficult,Maybe,No,Some of them,Yes,Maybe,No,Don't know,No,
3175,2023,28,Female,France,No,Yes,No,Sometimes,More than 1000,Yes,Yes,No,Don't know,Yes,Don't know,Yes,Don't know,No,No,No,No,Maybe,Yes,No,No,
3176,2024,31,Female,Brazil,No,No,No,Rarely,100-500,No,Yes,Yes,Yes,No,No,No,Somewhat difficult,No,Yes,Some of them,Some of them,No,Maybe,No,No,Leadership support makes all the difference.
3177,2020,25,Male,United States,No,No,Yes,Rarely,6-25,Yes,Yes,Yes,No,No,Yes,Don't know,Somewhat easy,No,No,No,No,No,No,Yes,No,
3178,2023,34,Male,United Kingdom,No,No,No,Never,100-500,No,Yes,Yes,Yes,Yes,Don't know,Yes,Somewhat difficult,Maybe,Maybe,Some of them,Some of them,Maybe,Yes,No,No,Burnout is rampant in my team.
3179,2019,34,Male,United Kingdom,No,No,Yes,Sometimes,100-500,No,Yes,Yes,Don't know,Don't know,Yes,Yes,Somewhat difficult,No,No,Some of them,No,No,Maybe,Don't know,No,
3180,2023,18,Male,United States,No,No,No,Rarely,100-500,Yes,Yes,Yes,Don't know,Yes,Yes,Yes,Somewhat difficult,Maybe,Maybe,Some of them,Yes,No,Maybe,Don't know,No,
3181,2020,37,Male,United Kingdom,No,Yes,No,Never,100-500,No,Yes,Yes,Don't know,Yes,No,Yes,Somewhat difficult,Yes,No,Yes,Some of them,No,Yes,Don't know,No,Leadership support makes all the difference.
3182,2024,30,Male,United Kingdom,No,No,No,Rarely,100-500,Yes,No,No,Yes,Don't know,Yes,Yes,Somewhat easy,Maybe,Maybe,Some of them,Yes,No,No,Don't know,No,HR resources are available but rarely used.
3183,2022,43,Male,United Kingdom,No,No,No,Rarely,100-500,No,Yes,Yes,Don't know,Don't know,Yes,Yes,Don't know,No,No,Yes,No,No,No,Don't know,No,
3184,2023,31,Male,Ireland,No,No,No,Never,6-25,Yes,Yes,Don't know,No,Yes,No,No,Don't know,Yes,Yes,No,Yes,Maybe,No,Yes,No,
3185,2022,26,Female,United States,No,Yes,No,Never,100-500,Yes,Yes,Don't know,Yes,Yes,Yes,Yes,Somewhat easy,Yes,Maybe,Yes,No,No,Yes,Don't know,Yes,
3186,2023,24,Male,United States,No,No,Yes,Sometimes,6-25,Yes,Yes,Don't know,No,Don't know,No,No,Somewhat easy,Maybe,Yes,No,No,No,No,Don't know,No,Glad to see more companies taking this seriously.
3187,2020,29,Male,United Kingdom,No,No,No,Often,More than 1000,Yes,No,Yes,Don't know,Don't know,Yes,No,Somewhat difficult,No,No,No,Yes,No,Maybe,Yes,No,More anonymous support options would help.
3188,2024,18,Male,United States,No,No,Yes,Sometimes,500-1000,Yes,Yes,Don't know,Don't know,No,Yes,No,Very easy,Yes,No,No,Yes,Yes,No,Yes,Yes,Remote work has been a double-edged sword.
3189,2021,28,Male,United Kingdom,No,No,No,Rarely,More than 1000,Yes,Yes,Yes,No,Yes,Yes,Yes,Don't know,No,No,Some of them,Yes,No,No,Yes,Yes,
3190,2024,23,Male,Other,No,No,Yes,Often,100-500,Yes,Yes,No,Yes,Yes,No,No,Very difficult,No,No,Some of them,No,No,No,Yes,No,Management needs training on mental health.
3191,2024,33,Male,United States,No,No,No,Rarely,26-100,Yes,Yes,No,No,Yes,No,Yes,Very difficult,Yes,No,Yes,Yes,Maybe,No,Yes,Yes,
3192,2021,22,Male,United States,No,No,No,Sometimes,26-100,Yes,Yes,No,Don't know,Don't know,Yes,No,Somewhat difficult,Maybe,No,No,Some of them,No,Maybe,Yes,No,Glad to see more companies taking this seriously.
3193,2024,24,Male,Canada,No,No,No,Sometimes,500-1000,Yes,No,Yes,Yes,Yes,Yes,Yes,Somewhat easy,Yes,Maybe,Yes,No,Maybe,No,No,No,
3194,2020,28,Male,United States,No,Yes,No,Rarely,1-5,Yes,Yes,No,Don't know,Yes,Yes,Yes,Don't know,Maybe,Yes,Some of them,No,No,No,No,No,
3195,2024,18,Female,Other,No,No,Yes,Often,500-1000,Yes,Yes,Yes,Don't know,Yes,Yes,Don't know,Don't know,No,No,Yes,No,No,No,No,No,
3196,2022,33,Male,Other,No,No,Yes,Sometimes,More than 1000,Yes,Yes,Yes,Don't know,Yes,Don't know,No,Very difficult,Yes,No,No,No,No,No,Yes,No,Leadership support makes all the difference.
3197,2021,31,Male,Germany,No,No,No,Never,6-25,Yes,Yes,Yes,No,No,No,Don't know,Somewhat easy,Maybe,No,Yes,Some of them,Maybe,No,No,No,Leadership support makes all the difference.
3198,2024,43,Female,United Kingdom,No,Yes,Yes,Never,26-100,No,Yes,Yes,No,Don't know,No,No,Somewhat easy,Yes,No,No,Some of them,No,No,Don't know,Yes,Stigma is still a major issue in my workplace.
3199,2020,51,Male,United States,No,Yes,Yes,Rarely,More than 1000,Yes,Yes,No,Yes,Yes,Don't know,Yes,Don't know,Yes,No,No,No,No,Maybe,Yes,Yes,Remote work has been a double-edged sword.
3200,2023,40,Female,United States,No,No,No,Often,6-25,No,Yes,No,Yes,Don't know,Don't know,No,Somewhat easy,Yes,No,No,Yes,No,Maybe,Yes,No,
3201,2021,24,Non-binary,United States,No,No,No,Sometimes,500-1000,No,Yes,Don't know,Don't know,Yes,Yes,Don't know,Very difficult,Yes,No,No,No,No,No,Don't know,No,
3202,2024,35,Male,Netherlands,No,No,Yes,Often,6-25,No,Yes,Yes,Don't know,No,Yes,Don't know,Very difficult,Maybe,No,Yes,No,No,Maybe,Don't know,No,
3203,2024,27,Female,United States,No,No,Yes,Rarely,500-1000,Yes,No,Yes,Don't know,Yes,Yes,Don't know,Very difficult,Maybe,Maybe,Some of them,Some of them,No,Maybe,No,Yes,Burnout is rampant in my team.
3204,2022,36,Female,Brazil,No,No,Yes,Often,6-25,Yes,Yes,No,No,No,No,Don't know,Very easy,Yes,Maybe,Some of them,Yes,No,Yes,Don't know,Yes,
3205,2023,18,Female,United Kingdom,No,No,No,Sometimes,500-1000,Yes,Yes,Don't know,Don't know,No,Yes,Yes,Somewhat difficult,Yes,No,Yes,Some of them,No,Yes,Don't know,No,Stigma is still a major issue in my workplace.
3206,2023,31,Female,United States,No,Yes,Yes,Rarely,500-1000,Yes,Yes,No,Yes,No,Yes,Don't know,Somewhat difficult,No,No,Some of them,No,No,No,No,No,Burnout is rampant in my team.
3207,2022,20,Male,United States,No,Yes,Yes,Sometimes,500-1000,No,Yes,Yes,Don't know,Yes,Don't know,Don't know,Somewhat difficult,No,Maybe,Some of them,No,No,Yes,Yes,No,Burnout is rampant in my team.
3208,2022,33,Male,Canada,No,No,No,Never,500-1000,Yes,Yes,Yes,No,No,No,Yes,Don't know,No,No,Yes,Yes,No,Maybe,Don't know,Yes,
3209,2021,24,Male,United Kingdom,No,No,Yes,Often,More than 1000,No,No,Don't know,Don't know,Yes,Yes,Yes,Somewhat easy,Yes,No,No,Some of them,No,No,No,No,Anonymous reporting would increase participation.
3210,2024,34,Male,Other,No,Yes,Yes,Never,6-25,Yes,No,Don't know,No,Don't know,Don't know,Don't know,Somewhat difficult,Maybe,No,Yes,No,No,Maybe,Don't know,Yes,Open conversations help reduce stigma.
3211,2022,21,Male,United Kingdom,No,Yes,Yes,Never,26-100,No,Yes,No,Don't know,Don't know,No,Yes,Don't know,No,No,No,Yes,No,No,No,No,
3212,2023,28,Male,United States,No,No,No,Never,6-25,No,No,Yes,Yes,No,Don't know,No,Very easy,No,No,No,Yes,No,Yes,Don't know,No,Burnout is rampant in my team.
3213,2023,21,Male,Netherlands,No,No,No,Sometimes,500-1000,No,No,Yes,Don't know,Yes,Yes,Yes,Very easy,Yes,No,No,Yes,No,No,Yes,No,HR resources are available but rarely used.
3214,2019,22,Female,United States,No,No,Yes,Sometimes,100-500,No,Yes,Yes,Don't know,Yes,Don't know,Yes,Don't know,No,No,No,No,No,Maybe,Yes,Yes,
3215,2020,33,Male,United States,No,No,No,Rarely,26-100,Yes,Yes,Don't know,No,Don't know,No,No,Very easy,Maybe,Maybe,Yes,Some of them,No,No,Don't know,No,
3216,2019,24,Female,United States,No,No,No,Rarely,100-500,Yes,No,No,Yes,Yes,Don't know,Yes,Don't know,No,Maybe,Some of them,Yes,No,Maybe,Don't know,No,HR resources are available but rarely used.
3217,2022,19,Male,United States,No,Yes,No,Never,More than 1000,Yes,Yes,Yes,Don't know,No,Don't know,Yes,Don't know,Maybe,No,Yes,Yes,No,Maybe,Yes,Yes,We have EAP but nobody talks about it.
3218,2024,31,Male,United States,No,No,No,Sometimes,More than 1000,Yes,Yes,Yes,Yes,No,Yes,Don't know,Somewhat easy,No,No,Yes,No,No,No,Don't know,No,Open conversations help reduce stigma.
3219,2019,34,Female,Canada,No,No,Yes,Rarely,26-100,No,No,Yes,Don't know,No,No,Don't know,Very difficult,Maybe,No,No,No,No,No,Don't know,No,We have EAP but nobody talks about it.
3220,2021,29,Male,France,No,No,No,Rarely,100-500,No,Yes,Yes,Yes,Yes,Don't know,Don't know,Very easy,No,No,No,Yes,Maybe,Maybe,Yes,Yes,Leadership support makes all the difference.
3221,2023,32,Male,United States,Yes,No,Yes,Sometimes,More than 1000,No,Yes,No,Yes,Yes,Don't know,Yes,Very easy,Maybe,Yes,No,Yes,Maybe,Maybe,Don't know,No,Remote work has been a double-edged sword.
3222,2019,37,Male,United States,No,No,Yes,Often,26-100,Yes,Yes,Yes,No,No,No,Don't know,Very easy,Maybe,No,No,No,Maybe,No,Don't know,No,Burnout is rampant in my team.
3223,2020,24,Female,Other,Yes,Yes,Yes,Often,26-100,Yes,Yes,Don't know,Don't know,No,Don't know,Don't know,Don't know,Maybe,No,No,No,No,Yes,Yes,No,Remote work has been a double-edged sword.
3224,2019,31,Female,United States,No,Yes,No,Never,26-100,No,Yes,No,Don't know,No,Don't know,No,Very easy,Yes,No,Yes,No,No,Maybe,Yes,No,Glad to see more companies taking this seriously.
3225,2023,37,Female,United States,No,No,No,Sometimes,100-500,Yes,No,Yes,Don't know,Yes,No,Yes,Somewhat easy,No,No,Some of them,No,Yes,No,Don't know,No,We have EAP but nobody talks about it.
3226,2024,18,Male,United Kingdom,No,No,No,Rarely,More than 1000,No,Yes,Yes,Yes,No,Don't know,No,Somewhat easy,Yes,Yes,Some of them,Some of them,Maybe,No,Don't know,Yes,
3227,2020,28,Female,Canada,No,No,No,Never,26-100,Yes,No,Don't know,No,No,Don't know,Don't know,Somewhat difficult,No,No,Yes,No,No,Maybe,No,No,
3228,2024,27,Female,Netherlands,No,Yes,Yes,Often,1-5,Yes,No,Don't know,No,Don't know,Don't know,Yes,Very difficult,No,No,No,Some of them,Maybe,No,Yes,No,
3229,2021,32,Male,United States,No,No,Yes,Often,6-25,Yes,Yes,No,No,No,No,No,Somewhat easy,Maybe,No,Yes,No,No,Yes,Yes,No,HR resources are available but rarely used.
3230,2020,46,Male,United States,No,No,No,Never,26-100,Yes,Yes,Don't know,No,No,No,Don't know,Don't know,No,No,No,Some of them,No,No,Yes,Yes,More anonymous support options would help.
3231,2023,29,Male,United States,No,No,No,Never,More than 1000,Yes,No,Yes,No,No,Don't know,Don't know,Very difficult,No,No,No,No,No,Maybe,Yes,No,
3232,2019,22,Female,Netherlands,No,No,Yes,Often,6-25,No,Yes,Don't know,No,Don't know,Yes,No,Somewhat easy,Maybe,No,Some of them,No,No,No,No,Yes,
3233,2023,26,Female,United States,No,No,No,Sometimes,More than 1000,Yes,Yes,No,Yes,No,Yes,No,Don't know,Yes,No,Yes,No,No,Maybe,Don't know,No,Glad to see more companies taking this seriously.
3234,2023,30,Male,United States,No,No,Yes,Rarely,500-1000,No,Yes,No,No,Yes,Yes,Don't know,Very easy,Yes,No,No,Some of them,No,No,No,No,
3235,2024,18,Female,Germany,No,No,Yes,Sometimes,More than 1000,Yes,Yes,No,No,Yes,No,No,Somewhat difficult,No,No,No,Yes,No,Maybe,Yes,No,
3236,2023,37,Male,Other,Yes,Yes,Yes,Rarely,500-1000,No,No,Yes,Don't know,Yes,Don't know,Yes,Very difficult,Maybe,No,Some of them,Yes,No,No,No,No,
3237,2024,36,Female,United Kingdom,No,No,No,Sometimes,More than 1000,No,No,Yes,Yes,Don't know,Don't know,Yes,Very difficult,Maybe,Yes,Some of them,Some of them,No,No,Don't know,Yes,We have EAP but nobody talks about it.
3238,2023,32,Male,India,No,Yes,No,Sometimes,6-25,Yes,No,Yes,No,Don't know,No,Don't know,Don't know,Yes,Maybe,Yes,No,No,Maybe,Yes,No,
3239,2022,20,Male,United Kingdom,No,No,No,Sometimes,More than 1000,No,Yes,Don't know,Yes,Yes,Yes,No,Don't know,Maybe,No,Some of them,No,No,No,Yes,No,
3240,2023,29,Male,Canada,No,No,No,Never,26-100,No,Yes,Yes,No,No,No,No,Don't know,No,No,No,Some of them,No,No,Don't know,No,Better awareness programs needed.
3241,2020,27,Male,Netherlands,No,No,No,Never,6-25,Yes,No,Don't know,Don't know,Yes,Don't know,Yes,Somewhat easy,No,No,Some of them,No,Maybe,Maybe,Yes,No,HR resources are available but rarely used.
3242,2024,39,Non-binary,France,No,No,Yes,Never,More than 1000,Yes,Yes,Yes,No,Yes,Don't know,Yes,Don't know,No,Yes,No,No,No,Yes,Yes,No,Anonymous reporting would increase participation.
3243,2020,18,Male,France,No,Yes,Yes,Often,26-100,No,No,Yes,No,Don't know,Don't know,Yes,Somewhat difficult,Yes,No,Yes,Some of them,Maybe,No,No,No,More anonymous support options would help.
3244,2023,20,Male,United States,No,No,Yes,Often,6-25,No,Yes,Don't know,No,Yes,Don't know,Don't know,Don't know,No,No,No,No,Maybe,Maybe,No,No,
3245,2024,23,Male,United States,Yes,No,No,Rarely,500-1000,No,Yes,Yes,Yes,Don't know,Yes,Don't know,Very easy,Maybe,Maybe,Some of them,Some of them,Maybe,No,No,Yes,
3246,2023,32,Female,Brazil,No,No,No,Sometimes,100-500,Yes,Yes,No,Don't know,Yes,Yes,Don't know,Don't know,No,Maybe,Some of them,Yes,No,Maybe,Don't know,No,
3247,2020,32,Male,Sweden,No,Yes,No,Rarely,6-25,No,Yes,No,No,Don't know,No,No,Somewhat difficult,No,No,Yes,Yes,Maybe,No,Don't know,No,Better awareness programs needed.
3248,2024,29,Male,United States,No,No,No,Sometimes,100-500,Yes,Yes,Yes,Don't know,Don't know,Yes,Yes,Somewhat easy,No,Maybe,Some of them,Yes,Maybe,Maybe,Don't know,Yes,Management needs training on mental health.
3249,2023,28,Female,Ireland,No,No,No,Sometimes,More than 1000,Yes,No,Yes,Yes,Don't know,Yes,Yes,Somewhat easy,Yes,Maybe,Some of them,Yes,No,No,No,No,Leadership support makes all the difference.
3250,2019,31,Female,Brazil,No,Yes,Yes,Often,500-1000,No,Yes,No,No,Don't know,No,Don't know,Somewhat difficult,Yes,Maybe,Yes,No,Yes,Maybe,Don't know,No,Anonymous reporting would increase participation.
3251,2022,26,Male,Sweden,Yes,Yes,Yes,Sometimes,100-500,Yes,Yes,No,Yes,Yes,Yes,Yes,Somewhat easy,Yes,No,Some of them,Yes,Maybe,No,Don't know,Yes,Burnout is rampant in my team.
3252,2024,23,Non-binary,United States,No,No,No,Never,100-500,No,No,Yes,Yes,Yes,Don't know,Yes,Don't know,Maybe,No,No,Some of them,Maybe,Maybe,No,No,
3253,2023,29,Female,United States,No,No,No,Never,6-25,No,Yes,No,No,No,No,Don't know,Don't know,No,No,Yes,No,Maybe,Maybe,Yes,No,Leadership support makes all the difference.
3254,2023,31,Female,United States,No,No,No,Never,6-25,No,Yes,No,Don't know,No,Yes,Don't know,Don't know,Maybe,Yes,Some of them,No,Maybe,Yes,Don't know,No,
3255,2023,36,Male,United Kingdom,No,No,Yes,Often,500-1000,Yes,Yes,Yes,Yes,Don't know,Don't know,Yes,Don't know,Yes,Maybe,Yes,Some of them,No,Yes,Don't know,No,
3256,2023,43,Male,Germany,No,Yes,Yes,Sometimes,More than 1000,No,Yes,No,Yes,Yes,No,Yes,Very easy,Yes,No,No,No,Yes,Maybe,Don't know,No,
3257,2024,27,Female,Germany,No,No,Yes,Rarely,1-5,No,Yes,No,No,Don't know,No,Don't know,Don't know,No,Yes,Yes,Yes,Maybe,Yes,No,No,HR resources are available but rarely used.
3258,2024,51,Male,Germany,No,No,No,Rarely,100-500,Yes,Yes,Yes,Don't know,No,No,Don't know,Somewhat difficult,No,No,Some of them,Some of them,No,No,Yes,No,
3259,2022,28,Male,Other,Yes,No,No,Rarely,6-25,No,Yes,No,Don't know,Don't know,Yes,Don't know,Very easy,No,Maybe,Yes,Yes,No,Maybe,Yes,No,
3260,2020,28,Male,Canada,No,No,Yes,Never,1-5,No,No,No,No,Don't know,Yes,No,Don't know,Yes,No,No,Some of them,No,Maybe,Don't know,No,Leadership support makes all the difference.
3261,2024,37,Male,Netherlands,No,Yes,No,Rarely,26-100,No,No,No,Don't know,No,No,No,Somewhat easy,Yes,Maybe,Some of them,Some of them,No,No,Don't know,No,HR resources are available but rarely used.
3262,2024,24,Male,India,No,No,Yes,Sometimes,500-1000,Yes,Yes,No,No,No,Don't know,Yes,Somewhat easy,Maybe,No,Some of them,Some of them,Maybe,No,Yes,Yes,
3263,2019,23,Male,United Kingdom,No,Yes,Yes,Sometimes,100-500,Yes,Yes,Yes,Yes,Don't know,Yes,Yes,Very easy,Yes,No,No,Some of them,No,Maybe,Don't know,Yes,
3264,2021,24,Male,United States,No,No,No,Sometimes,1-5,No,No,No,Don't know,No,No,No,Don't know,No,No,No,Yes,Maybe,Yes,Yes,No,Management needs training on mental health.
3265,2021,36,Female,Other,No,No,No,Often,26-100,Yes,Yes,No,Don't know,No,No,Don't know,Don't know,Yes,No,Some of them,Yes,Maybe,No,No,No,
3266,2022,29,Male,United States,No,Yes,Yes,Rarely,100-500,No,No,Yes,Yes,Yes,Yes,No,Very easy,Yes,No,No,Yes,No,Maybe,Don't know,No,Anonymous reporting would increase participation.
3267,2021,29,Female,United States,No,No,No,Never,100-500,No,Yes,Yes,Yes,Yes,Don't know,Don't know,Very easy,No,No,No,Some of them,No,No,Don't know,No,Better awareness programs needed.
3268,2023,41,Female,United States,No,Yes,Yes,Often,100-500,Yes,No,Yes,No,No,Yes,Yes,Somewhat easy,Yes,No,Yes,No,No,Maybe,No,No,We have EAP but nobody talks about it.
3269,2019,34,Male,Australia,No,No,No,Rarely,500-1000,Yes,Yes,Yes,Don't know,Yes,Don't know,Yes,Somewhat easy,Maybe,No,Yes,No,Maybe,No,Yes,No,
3270,2023,31,Other / Prefer not to say,United States,No,No,Yes,Sometimes,100-500,Yes,Yes,No,No,No,Yes,Yes,Somewhat easy,No,No,Yes,Some of them,Yes,Maybe,Don't know,No,Remote work has been a double-edged sword.
3271,2023,30,Male,United States,No,Yes,No,Sometimes,26-100,Yes,Yes,No,No,Yes,Yes,Yes,Don't know,No,No,Some of them,Some of them,No,Yes,Yes,No,
3272,2023,24,Male,United Kingdom,No,Yes,No,Never,26-100,Yes,No,Don't know,No,No,Yes,Yes,Don't know,No,No,Yes,No,No,No,Don't know,No,Stigma is still a major issue in my workplace.
3273,2022,36,Female,United States,No,Yes,No,Sometimes,26-100,Yes,Yes,No,Yes,No,No,No,Don't know,Maybe,No,Yes,Yes,Maybe,Yes,Yes,No,Leadership support makes all the difference.
3274,2021,30,Male,Germany,No,No,No,Never,26-100,Yes,Yes,No,Don't know,Yes,Don't know,Yes,Somewhat difficult,No,No,Yes,Some of them,Yes,Maybe,Don't know,No,
3275,2023,44,Male,Australia,No,No,Yes,Often,More than 1000,Yes,Yes,Yes,Yes,Don't know,Don't know,No,Somewhat easy,Maybe,No,Some of them,No,No,No,Don't know,No,Burnout is rampant in my team.
3276,2024,30,Female,United States,No,No,No,Rarely,6-25,Yes,Yes,Don't know,No,Don't know,Yes,Don't know,Somewhat easy,No,Yes,No,No,Yes,No,No,No,We have EAP but nobody talks about it.
3277,2024,34,Male,Other,No,Yes,Yes,Often,6-25,No,Yes,No,Don't know,Don't know,No,No,Don't know,Maybe,No,No,No,Maybe,No,No,No,Better awareness programs needed.
3278,2021,29,Female,India,No,No,No,Sometimes,1-5,No,No,No,Yes,No,No,Don't know,Very easy,No,No,No,No,No,No,Yes,Yes,We have EAP but nobody talks about it.
3279,2023,44,Female,France,Yes,No,Yes,Sometimes,More than 1000,No,Yes,No,Don't know,Yes,No,Don't know,Somewhat easy,Yes,No,No,No,No,Yes,Yes,No,Management needs training on mental health.
3280,2024,26,Male,United States,No,No,No,Never,6-25,Yes,Yes,No,No,No,Don't know,Don't know,Don't know,Maybe,Maybe,No,Yes,No,No,Yes,No,
3281,2019,28,Female,Other,No,No,No,Never,1-5,Yes,No,No,No,Don't know,Don't know,No,Somewhat easy,No,No,Some of them,Yes,No,No,Yes,Yes,Better awareness programs needed.
3282,2023,20,Female,Other,No,No,Yes,Often,26-100,Yes,Yes,No,No,No,No,No,Very easy,No,No,Yes,No,Maybe,Yes,No,Yes,Burnout is rampant in my team.
3283,2024,31,Female,United Kingdom,No,No,No,Never,1-5,No,No,Yes,No,Yes,Don't know,Don't know,Somewhat easy,Maybe,No,Some of them,Yes,No,No,Don't know,Yes,Glad to see more companies taking this seriously.
3284,2019,28,Non-binary,Canada,No,Yes,Yes,Sometimes,100-500,Yes,Yes,Yes,Yes,Yes,Yes,Don't know,Very easy,No,No,No,Yes,Maybe,No,Don't know,Yes,Remote work has been a double-edged sword.
3285,2021,25,Male,United States,No,Yes,Yes,Often,500-1000,Yes,No,No,Don't know,No,Yes,No,Somewhat easy,No,No,Some of them,No,No,No,Don't know,No,
3286,2024,29,Female,United States,Yes,No,No,Rarely,1-5,Yes,No,Don't know,Yes,Don't know,Don't know,Don't know,Very easy,Maybe,Maybe,Some of them,No,No,Yes,Yes,No,
3287,2019,44,Male,United Kingdom,No,Yes,Yes,Often,More than 1000,No,Yes,No,Don't know,Yes,Yes,No,Don't know,Maybe,No,Some of them,Some of them,No,No,Don't know,No,
3288,2022,42,Male,United States,No,Yes,Yes,Sometimes,500-1000,Yes,Yes,Yes,Don't know,Don't know,Don't know,Don't know,Very easy,No,Yes,Some of them,Some of them,No,No,Yes,No,Anonymous reporting would increase participation.
3289,2021,28,Female,United Kingdom,No,No,Yes,Rarely,1-5,Yes,Yes,No,Yes,No,No,No,Very difficult,Maybe,No,Yes,Some of them,No,No,Don't know,Yes,Leadership support makes all the difference.
3290,2019,28,Female,United Kingdom,Yes,Yes,Yes,Often,More than 1000,Yes,Yes,Yes,Don't know,Yes,Yes,Yes,Somewhat easy,Maybe,Yes,No,No,No,No,Don't know,No,
3291,2023,31,Male,Australia,No,No,Yes,Rarely,26-100,No,Yes,No,Don't know,No,Don't know,No,Somewhat difficult,No,No,No,No,No,No,Don't know,No,
3292,2023,30,Male,United States,No,Yes,Yes,Often,More than 1000,No,Yes,Yes,No,Yes,Yes,Yes,Don't know,Maybe,Maybe,Yes,No,No,No,Yes,No,
3293,2022,26,Female,Netherlands,No,No,No,Never,100-500,Yes,Yes,Yes,Yes,Don't know,Yes,No,Very easy,No,No,No,No,Maybe,No,No,Yes,Leadership support makes all the difference.
3294,2021,28,Male,United States,No,Yes,No,Rarely,6-25,No,Yes,No,No,No,No,No,Don't know,Yes,No,Some of them,Some of them,Maybe,No,Don't know,No,
3295,2020,30,Male,United Kingdom,No,No,No,Sometimes,500-1000,Yes,Yes,Yes,Yes,Yes,No,Don't know,Somewhat easy,Maybe,Maybe,Yes,No,Yes,No,No,No,Stigma is still a major issue in my workplace.
3296,2024,42,Female,United States,No,No,Yes,Often,100-500,Yes,Yes,Yes,No,No,Don't know,Yes,Somewhat easy,Maybe,No,No,Yes,Maybe,No,No,No,Stigma is still a major issue in my workplace.
3297,2023,32,Female,Brazil,No,No,Yes,Sometimes,26-100,Yes,No,Don't know,No,No,Don't know,No,Somewhat difficult,Yes,No,Yes,Yes,No,No,Don't know,No,Stigma is still a major issue in my workplace.
3298,2023,25,Male,United States,No,No,No,Never,26-100,No,Yes,No,Yes,Don't know,Don't know,Yes,Somewhat easy,Maybe,Maybe,Yes,Some of them,Yes,No,Yes,No,Better awareness programs needed.
3299,2024,25,Female,United States,No,No,Yes,Often,More than 1000,Yes,Yes,Don't know,Don't know,Don't know,Don't know,Yes,Somewhat easy,Yes,No,Some of them,No,No,Maybe,Don't know,No,Management needs training on mental health.
3300,2023,22,Male,Brazil,No,No,No,Rarely,26-100,No,Yes,No,No,Don't know,No,No,Somewhat easy,Maybe,No,Yes,Yes,Maybe,Maybe,No,No,
3301,2022,29,Female,Other,No,No,No,Often,100-500,No,Yes,No,Yes,No,Don't know,Yes,Don't know,No,Maybe,No,Yes,Yes,Maybe,No,No,Leadership support makes all the difference.
3302,2019,36,Non-binary,United States,No,No,Yes,Often,1-5,Yes,No,Yes,Yes,Don't know,Yes,Yes,Somewhat easy,Maybe,No,No,Some of them,No,Maybe,Yes,No,Remote work has been a double-edged sword.
3303,2023,38,Male,Australia,No,No,Yes,Rarely,1-5,Yes,Yes,No,No,Don't know,Yes,No,Very easy,No,No,Yes,Yes,No,No,No,No,HR resources are available but rarely used.
3304,2022,40,Male,United States,No,No,No,Sometimes,6-25,Yes,Yes,Don't know,No,Yes,No,Yes,Don't know,No,No,Some of them,No,No,No,Yes,No,Management needs training on mental health.
3305,2020,34,Male,United States,No,No,No,Rarely,6-25,Yes,Yes,Yes,Yes,Yes,No,No,Somewhat easy,Yes,No,Yes,Yes,No,Yes,Don't know,No,
3306,2023,18,Male,United States,No,No,Yes,Rarely,6-25,Yes,Yes,Yes,No,No,Don't know,Don't know,Don't know,Maybe,No,No,Yes,Maybe,No,Yes,No,We have EAP but nobody talks about it.
3307,2023,27,Male,United States,No,Yes,Yes,Sometimes,26-100,No,Yes,No,Don't know,Don't know,Yes,No,Don't know,No,No,Some of them,Some of them,No,Yes,Yes,No,
3308,2022,33,Male,Other,No,No,No,Rarely,500-1000,No,Yes,Yes,Yes,Yes,Don't know,Don't know,Don't know,No,No,No,No,No,Yes,Yes,No,More anonymous support options would help.
3309,2023,33,Male,Germany,No,No,Yes,Often,100-500,Yes,Yes,Yes,Don't know,Yes,Yes,Don't know,Somewhat easy,Maybe,No,Yes,Some of them,No,No,No,No,
3310,2024,33,Male,United States,No,Yes,No,Rarely,More than 1000,No,No,Yes,Yes,No,Don't know,Yes,Somewhat difficult,Yes,No,No,Yes,No,No,Yes,No,
3311,2023,24,Male,Germany,No,Yes,No,Often,100-500,No,Yes,No,Yes,Yes,Yes,No,Somewhat difficult,Maybe,No,Some of them,Yes,Maybe,No,Yes,No,Management needs training on mental health.
3312,2023,18,Male,United Kingdom,No,Yes,No,Never,100-500,No,Yes,Yes,Yes,Don't know,No,Yes,Don't know,Maybe,No,No,Some of them,No,No,No,Yes,Better awareness programs needed.
3313,2022,27,Other / Prefer not to say,Ireland,No,No,No,Never,26-100,No,Yes,Don't know,No,Don't know,Yes,No,Somewhat easy,Maybe,No,Yes,Some of them,No,No,Yes,No,Stigma is still a major issue in my workplace.
3314,2024,32,Male,Other,No,Yes,No,Never,100-500,No,Yes,No,Yes,No,No,Don't know,Somewhat difficult,Yes,No,Yes,No,No,Maybe,Yes,No,Leadership support makes all the difference.
3315,2024,24,Male,Germany,No,No,No,Never,6-25,Yes,Yes,No,No,No,Don't know,Don't know,Somewhat easy,No,No,Some of them,No,No,No,Don't know,No,Burnout is rampant in my team.
3316,2022,34,Male,India,No,Yes,No,Often,500-1000,Yes,Yes,Don't know,Yes,Yes,Don't know,Don't know,Somewhat easy,No,No,Yes,Yes,No,No,Yes,No,Management needs training on mental health.
3317,2024,31,Male,United Kingdom,No,Yes,Yes,Rarely,100-500,No,Yes,Yes,Don't know,No,Yes,No,Don't know,No,No,Some of them,No,No,No,Yes,No,We have EAP but nobody talks about it.
3318,2022,35,Male,Australia,No,No,No,Rarely,100-500,Yes,No,No,Don't know,No,Yes,No,Somewhat difficult,No,No,Some of them,Yes,No,No,Yes,Yes,Stigma is still a major issue in my workplace.
3319,2024,18,Male,United States,No,No,Yes,Often,26-100,No,Yes,Yes,Don't know,No,Don't know,No,Somewhat easy,Maybe,Yes,No,Some of them,No,No,Yes,No,Leadership support makes all the difference.
3320,2023,25,Female,United States,Yes,No,Yes,Sometimes,500-1000,Yes,No,Yes,Yes,Don't know,Don't know,Yes,Somewhat difficult,Yes,No,Some of them,Some of them,No,Yes,Yes,Yes,HR resources are available but rarely used.
3321,2022,29,Male,United States,No,No,Yes,Never,100-500,No,Yes,Don't know,Yes,No,Don't know,Yes,Don't know,No,Maybe,No,Some of them,No,No,No,Yes,
3322,2024,37,Male,Germany,No,No,No,Never,100-500,Yes,Yes,Yes,Don't know,Yes,No,Yes,Somewhat easy,No,No,Yes,Yes,No,Maybe,Don't know,Yes,HR resources are available but rarely used.
3323,2022,31,Female,Other,No,Yes,Yes,Rarely,100-500,Yes,Yes,Yes,Yes,No,Yes,Yes,Somewhat easy,Maybe,Yes,Yes,Some of them,No,Maybe,No,Yes,
3324,2023,35,Male,United States,No,No,No,Sometimes,More than 1000,No,Yes,No,Don't know,Yes,Don't know,No,Don't know,No,No,No,Yes,No,Yes,Don't know,Yes,Management needs training on mental health.
3325,2020,27,Male,United States,No,No,No,Never,26-100,Yes,Yes,Yes,Don't know,Yes,Don't know,No,Don't know,Yes,No,Some of them,No,No,No,No,No,HR resources are available but rarely used.
3326,2024,26,Male,Australia,No,No,No,Sometimes,100-500,Yes,Yes,No,Don't know,Yes,Don't know,No,Don't know,Maybe,No,No,Yes,No,No,Yes,No,Anonymous reporting would increase participation.
3327,2021,40,Male,Other,No,Yes,Yes,Never,100-500,No,No,Yes,Yes,Yes,Yes,Don't know,Somewhat easy,Yes,No,Some of them,No,Maybe,Maybe,Don't know,No,Glad to see more companies taking this seriously.
3328,2022,49,Female,United Kingdom,No,Yes,Yes,Sometimes,1-5,Yes,Yes,No,Don't know,Yes,Don't know,Don't know,Very easy,Yes,No,No,No,No,Maybe,Yes,Yes,
3329,2023,26,Female,United Kingdom,No,No,No,Never,6-25,Yes,No,No,No,Yes,Don't know,Don't know,Don't know,Yes,No,Yes,No,No,Yes,Yes,No,
3330,2022,18,Male,Netherlands,No,No,Yes,Rarely,6-25,No,Yes,No,No,Don't know,Don't know,Don't know,Somewhat easy,No,No,Yes,Some of them,Maybe,Yes,Don't know,No,
3331,2019,41,Male,United States,No,Yes,No,Never,500-1000,No,Yes,Yes,Don't know,Don't know,No,No,Somewhat easy,Yes,No,No,No,No,No,Don't know,No,
3332,2021,29,Male,Ireland,No,No,No,Never,6-25,No,Yes,No,Yes,No,Don't know,Don't know,Somewhat easy,Maybe,Maybe,Yes,Some of them,Maybe,Maybe,No,No,We have EAP but nobody talks about it.
3333,2023,33,Other / Prefer not to say,United States,No,Yes,Yes,Often,More than 1000,Yes,Yes,No,Don't know,Don't know,Don't know,Yes,Don't know,Maybe,No,Some of them,Some of them,Maybe,No,Yes,No,Management needs training on mental health.
3334,2021,29,Male,Germany,No,No,No,Never,26-100,Yes,No,Don't know,Yes,Yes,No,Yes,Somewhat easy,Yes,No,Yes,Some of them,No,Maybe,Don't know,Yes,HR resources are available but rarely used.
3335,2024,31,Female,United States,No,No,No,Rarely,6-25,Yes,Yes,No,Yes,Don't know,No,Yes,Don't know,No,Yes,No,Yes,No,No,No,No,
3336,2021,40,Male,Sweden,No,No,Yes,Sometimes,More than 1000,No,Yes,Yes,Yes,Don't know,No,Don't know,Somewhat easy,Maybe,Yes,Some of them,Some of them,No,No,Yes,No,Remote work has been a double-edged sword.
3337,2020,42,Female,United Kingdom,No,No,Yes,Rarely,26-100,Yes,Yes,No,Don't know,No,Yes,Yes,Don't know,No,Maybe,No,No,Maybe,No,Don't know,No,
3338,2023,26,Female,Netherlands,Yes,Yes,No,Sometimes,100-500,Yes,Yes,Don't know,Yes,Don't know,Yes,Yes,Somewhat difficult,No,No,Yes,Yes,No,Yes,No,No,HR resources are available but rarely used.
3339,2023,28,Male,Netherlands,No,Yes,Yes,Rarely,More than 1000,Yes,No,Yes,Don't know,Yes,Don't know,Yes,Somewhat difficult,Yes,Yes,Yes,No,No,Maybe,Don't know,No,Glad to see more companies taking this seriously.
3340,2024,34,Female,Ireland,No,No,No,Sometimes,More than 1000,No,Yes,Don't know,Yes,Yes,No,Yes,Somewhat easy,Maybe,No,No,Some of them,No,No,Yes,No,Management needs training on mental health.
3341,2021,35,Male,United States,No,No,No,Sometimes,100-500,Yes,Yes,Don't know,Yes,No,Yes,Don't know,Don't know,Yes,No,Some of them,Yes,Maybe,No,Yes,No,Better awareness programs needed.
3342,2021,25,Male,United States,No,No,Yes,Sometimes,26-100,Yes,Yes,No,No,No,No,No,Somewhat easy,Maybe,No,Yes,No,Maybe,Yes,Don't know,No,Anonymous reporting would increase participation.
3343,2022,19,Female,Canada,No,Yes,Yes,Often,500-1000,No,Yes,No,Yes,No,Don't know,Yes,Somewhat difficult,Yes,No,No,No,No,No,Don't know,No,HR resources are available but rarely used.
3344,2022,28,Male,United States,No,No,No,Rarely,1-5,Yes,Yes,Yes,No,No,Yes,No,Somewhat easy,Yes,No,Yes,Yes,No,No,Yes,No,
3345,2023,22,Non-binary,Other,No,Yes,No,Rarely,1-5,Yes,Yes,No,Don't know,No,No,Yes,Very easy,Maybe,No,Yes,No,Maybe,No,No,No,Stigma is still a major issue in my workplace.
3346,2021,30,Male,United Kingdom,No,Yes,Yes,Sometimes,1-5,Yes,Yes,Don't know,No,Don't know,No,Yes,Don't know,No,No,No,Yes,Maybe,Maybe,Yes,Yes,Management needs training on mental health.
3347,2023,18,Male,United States,No,No,Yes,Sometimes,100-500,No,Yes,Yes,Yes,Yes,Don't know,Don't know,Somewhat difficult,No,No,No,No,No,No,Don't know,No,Burnout is rampant in my team.
3348,2023,23,Female,United States,No,No,No,Rarely,100-500,Yes,No,No,Yes,Don't know,Yes,Yes,Somewhat difficult,No,Maybe,No,No,No,Maybe,Yes,No,
3349,2024,28,Male,United States,No,Yes,No,Often,More than 1000,No,Yes,Yes,Yes,No,Yes,Yes,Very difficult,No,Maybe,Some of them,Some of them,No,No,Don't know,No,Better awareness programs needed.
3350,2019,40,Male,Netherlands,No,No,Yes,Sometimes,500-1000,Yes,Yes,Yes,Don't know,No,No,No,Somewhat easy,No,No,Yes,No,Maybe,No,No,No,
3351,2020,20,Female,Canada,No,No,Yes,Never,100-500,No,Yes,No,Yes,Yes,No,Yes,Somewhat easy,No,No,No,No,No,Maybe,Don't know,Yes,
3352,2023,26,Other / Prefer not to say,Canada,No,Yes,Yes,Never,6-25,Yes,Yes,Don't know,Don't know,Don't know,Don't know,No,Very difficult,Yes,Maybe,No,Yes,Maybe,No,Yes,No,
3353,2020,33,Female,United States,No,No,No,Rarely,More than 1000,No,Yes,Don't know,Yes,Yes,Yes,Don't know,Somewhat difficult,No,No,Some of them,No,Yes,Maybe,Don't know,No,
3354,2019,29,Female,United States,No,No,No,Rarely,More than 1000,No,Yes,Don't know,Yes,No,No,Yes,Very easy,No,No,No,Yes,No,No,Don't know,No,
3355,2021,18,Male,France,No,No,Yes,Often,More than 1000,Yes,No,Don't know,No,Yes,No,Don't know,Don't know,Maybe,No,Some of them,No,Maybe,Maybe,No,No,
3356,2023,34,Male,Other,No,No,No,Often,1-5,Yes,No,Yes,No,Don't know,No,Don't know,Don't know,No,No,Yes,No,No,No,Don't know,No,
3357,2024,34,Male,United Kingdom,No,Yes,No,Often,More than 1000,Yes,Yes,Yes,Yes,Don't know,Yes,No,Very easy,Maybe,No,No,Yes,No,No,Yes,No,Stigma is still a major issue in my workplace.
3358,2020,21,Male,United States,No,No,Yes,Often,100-500,No,Yes,Don't know,Yes,Yes,No,Yes,Don't know,Yes,No,Some of them,Some of them,No,No,Yes,Yes,We have EAP but nobody talks about it.
3359,2023,34,Male,Other,Yes,Yes,No,Sometimes,500-1000,Yes,Yes,Yes,Don't know,Yes,No,Yes,Very difficult,Maybe,No,Yes,Some of them,Maybe,No,Don't know,No,Glad to see more companies taking this seriously.
3360,2019,34,Male,Netherlands,No,Yes,Yes,Rarely,100-500,No,No,No,Yes,Don't know,Yes,No,Somewhat difficult,Yes,No,No,No,No,No,Yes,No,
3361,2024,25,Male,United States,No,Yes,Yes,Rarely,6-25,Yes,Yes,No,Don't know,No,No,No,Don't know,Maybe,No,Yes,No,No,No,No,No,
3362,2023,23,Male,United States,No,Yes,No,Sometimes,100-500,No,No,Yes,Don't know,Don't know,Don't know,Yes,Don't know,No,No,No,Yes,Maybe,Maybe,No,No,Remote work has been a double-edged sword.
3363,2020,23,Male,Canada,No,No,No,Never,More than 1000,No,Yes,No,Yes,No,Don't know,Yes,Very difficult,No,Maybe,Yes,No,No,Maybe,No,Yes,
3364,2020,38,Male,India,No,No,Yes,Often,6-25,Yes,Yes,No,Don't know,No,Don't know,No,Somewhat easy,No,No,No,No,No,Maybe,Yes,No,Open conversations help reduce stigma.
3365,2024,25,Female,Other,No,No,Yes,Often,26-100,No,Yes,No,No,No,No,Don't know,Somewhat easy,Yes,Yes,Yes,Yes,Yes,No,Yes,Yes,Glad to see more companies taking this seriously.
3366,2022,20,Non-binary,United States,No,No,No,Never,6-25,No,Yes,Don't know,No,Don't know,No,No,Don't know,No,No,No,No,No,No,Don't know,No,
3367,2023,32,Male,United Kingdom,No,Yes,Yes,Sometimes,100-500,No,No,No,No,Don't know,Yes,Yes,Very difficult,No,No,Some of them,No,No,No,No,No,HR resources are available but rarely used.
3368,2023,31,Male,Sweden,No,Yes,Yes,Rarely,26-100,No,Yes,No,No,No,Yes,Don't know,Don't know,No,No,Yes,No,Maybe,Maybe,Don't know,No,HR resources are available but rarely used.
3369,2022,34,Female,United States,Yes,Yes,Yes,Often,26-100,Yes,Yes,Yes,No,No,Don't know,No,Somewhat easy,Maybe,No,Some of them,Yes,Maybe,No,Yes,No,Better awareness programs needed.
3370,2022,23,Male,United States,No,No,Yes,Sometimes,500-1000,Yes,Yes,Don't know,Don't know,No,Yes,Yes,Somewhat easy,Yes,No,Some of them,Some of them,Maybe,No,Don't know,Yes,
3371,2022,32,Male,Brazil,No,No,Yes,Rarely,1-5,No,Yes,Yes,Don't know,Don't know,No,Don't know,Somewhat difficult,Yes,No,Some of them,Some of them,No,No,Don't know,No,
3372,2022,21,Male,United States,No,Yes,No,Rarely,6-25,No,Yes,No,Don't know,No,No,Don't know,Somewhat difficult,Maybe,No,Yes,No,Maybe,Yes,Yes,No,Remote work has been a double-edged sword.
3373,2022,27,Other / Prefer not to say,United States,No,No,No,Sometimes,100-500,Yes,No,No,Don't know,Yes,Don't know,Yes,Very easy,No,No,Yes,Yes,Yes,No,Yes,No,
3374,2021,24,Male,United States,No,No,Yes,Sometimes,500-1000,Yes,Yes,Yes,Yes,Don't know,Don't know,No,Don't know,No,No,Yes,No,Maybe,No,Yes,Yes,Burnout is rampant in my team.
3375,2024,39,Male,United States,Yes,Yes,Yes,Rarely,100-500,No,Yes,Yes,Don't know,Yes,Don't know,Yes,Somewhat easy,No,Maybe,No,Some of them,No,Maybe,Yes,No,Glad to see more companies taking this seriously.
3376,2023,45,Female,Ireland,No,No,No,Sometimes,100-500,Yes,Yes,Don't know,Yes,Yes,Yes,Don't know,Don't know,No,No,Some of them,Yes,No,No,No,No,Leadership support makes all the difference.
3377,2023,39,Female,United States,No,No,No,Never,6-25,No,Yes,No,Don't know,Don't know,No,Don't know,Don't know,No,No,Yes,No,No,No,Don't know,Yes,
3378,2022,25,Male,United Kingdom,No,Yes,No,Never,6-25,Yes,Yes,No,No,No,No,No,Somewhat difficult,No,No,Some of them,No,Maybe,No,Don't know,No,Glad to see more companies taking this seriously.
3379,2020,31,Male,Canada,No,Yes,Yes,Sometimes,100-500,Yes,Yes,No,Yes,No,Yes,Don't know,Don't know,No,No,Yes,Yes,No,Maybe,Don't know,No,
3380,2022,23,Non-binary,United States,No,Yes,Yes,Often,1-5,No,Yes,No,No,Yes,Yes,No,Very easy,Yes,No,Some of them,Some of them,No,No,Don't know,No,
3381,2022,29,Female,United States,No,No,No,Sometimes,6-25,Yes,Yes,Don't know,Yes,Don't know,No,Don't know,Don't know,Yes,Maybe,No,No,No,No,No,No,
3382,2021,24,Male,Sweden,No,No,Yes,Sometimes,More than 1000,Yes,Yes,Yes,Yes,Yes,No,Yes,Very difficult,No,No,Some of them,Yes,No,No,Yes,No,
3383,2024,29,Female,Netherlands,No,No,Yes,Often,100-500,Yes,Yes,Don't know,Yes,Yes,Yes,Yes,Don't know,Yes,No,Yes,No,No,No,Yes,No,More anonymous support options would help.
3384,2022,32,Male,United States,No,No,Yes,Sometimes,More than 1000,No,No,No,Don't know,Yes,Yes,Don't know,Somewhat easy,Yes,Maybe,Yes,No,Yes,Yes,No,No,
3385,2019,37,Female,Brazil,No,Yes,Yes,Often,500-1000,Yes,Yes,Yes,Don't know,Don't know,Yes,Don't know,Somewhat difficult,Maybe,No,No,Yes,Maybe,No,No,No,Stigma is still a major issue in my workplace.
3386,2023,18,Female,United Kingdom,Yes,Yes,Yes,Often,500-1000,No,Yes,Yes,Don't know,No,Yes,Yes,Very difficult,No,No,No,No,Maybe,No,No,No,
3387,2023,31,Male,United States,No,No,No,Never,More than 1000,Yes,Yes,Yes,Yes,Yes,Yes,Yes,Very easy,Yes,No,No,Some of them,No,Yes,No,Yes,
3388,2021,31,Male,Australia,No,No,Yes,Often,1-5,Yes,Yes,No,No,Yes,No,Yes,Somewhat difficult,Yes,Maybe,Yes,No,No,Yes,Don't know,No,Remote work has been a double-edged sword.
3389,2023,30,Male,Netherlands,No,No,No,Never,26-100,Yes,No,No,Don't know,Yes,No,Yes,Somewhat difficult,No,Maybe,Some of them,No,No,No,Yes,No,Anonymous reporting would increase participation.
3390,2024,32,Female,United States,No,No,No,Never,6-25,No,No,No,Don't know,No,Yes,Yes,Somewhat easy,No,Maybe,No,Yes,Yes,Yes,Don't know,No,Management needs training on mental health.
3391,2024,27,Female,Ireland,No,No,No,Rarely,1-5,Yes,No,No,No,No,Don't know,Yes,Very easy,Maybe,No,No,Some of them,No,Yes,Don't know,Yes,Remote work has been a double-edged sword.
3392,2024,26,Female,United Kingdom,No,No,No,Rarely,26-100,Yes,Yes,Yes,Yes,No,No,Don't know,Very easy,Yes,Yes,No,No,No,Yes,No,No,Management needs training on mental health.
3393,2023,37,Male,Germany,No,Yes,Yes,Sometimes,26-100,Yes,No,No,No,No,Don't know,No,Somewhat easy,Yes,Maybe,Yes,No,No,No,Don't know,No,Stigma is still a major issue in my workplace.
3394,2019,30,Male,United States,No,No,No,Rarely,26-100,No,Yes,No,Don't know,Don't know,Don't know,Don't know,Very easy,Yes,No,No,No,Maybe,Maybe,Don't know,No,HR resources are available but rarely used.
3395,2021,21,Male,United States,No,No,Yes,Rarely,More than 1000,Yes,Yes,Yes,Yes,Yes,Don't know,Don't know,Don't know,No,Maybe,Yes,No,Yes,No,No,No,HR resources are available but rarely used.
3396,2024,37,Female,United States,Yes,Yes,Yes,Often,6-25,No,No,Don't know,No,No,Yes,Don't know,Very easy,Yes,Yes,No,Some of them,Maybe,Yes,Don't know,No,More anonymous support options would help.
3397,2022,35,Male,United States,No,No,Yes,Rarely,1-5,No,Yes,No,Don't know,Don't know,No,Yes,Don't know,Maybe,Maybe,Some of them,No,No,Maybe,Don't know,Yes,
3398,2020,36,Non-binary,Australia,No,No,No,Sometimes,500-1000,No,Yes,Yes,Don't know,No,Yes,Yes,Don't know,No,No,Yes,No,No,Maybe,No,No,More anonymous support options would help.
3399,2023,32,Male,United States,No,Yes,Yes,Sometimes,100-500,Yes,Yes,No,Yes,Yes,Yes,Yes,Somewhat easy,Maybe,No,No,No,No,Maybe,Don't know,Yes,Stigma is still a major issue in my workplace.
3400,2023,27,Female,United States,No,Yes,Yes,Rarely,100-500,No,Yes,Yes,Yes,Don't know,Don't know,Don't know,Somewhat easy,No,Maybe,Yes,No,No,Yes,Don't know,No,Burnout is rampant in my team.
3401,2020,19,Male,Canada,No,Yes,Yes,Sometimes,More than 1000,Yes,No,Don't know,No,No,Don't know,No,Don't know,Maybe,No,Yes,Some of them,Yes,Maybe,Don't know,No,
3402,2024,26,Other / Prefer not to say,United States,Yes,Yes,No,Rarely,500-1000,Yes,Yes,No,Yes,Yes,Yes,No,Somewhat easy,No,No,No,Yes,No,Maybe,No,No,Leadership support makes all the difference.
3403,2021,28,Female,Canada,No,No,No,Rarely,26-100,No,Yes,No,No,No,No,Don't know,Don't know,Maybe,Maybe,Some of them,Yes,No,No,Don't know,Yes,
3404,2022,27,Male,United States,No,No,No,Never,More than 1000,Yes,Yes,No,No,Yes,No,No,Don't know,Maybe,No,No,Some of them,No,No,Don't know,No,
3405,2022,20,Male,United States,No,No,No,Never,6-25,Yes,Yes,No,Yes,Don't know,Don't know,No,Don't know,Yes,Maybe,Yes,Yes,Maybe,No,No,No,More anonymous support options would help.
3406,2024,34,Male,Australia,No,No,No,Sometimes,26-100,Yes,Yes,No,No,Yes,No,No,Somewhat difficult,No,No,No,No,No,Yes,Yes,No,
3407,2019,30,Female,Netherlands,Yes,No,No,Rarely,26-100,Yes,Yes,No,Don't know,No,Don't know,No,Very easy,Maybe,No,Some of them,No,Maybe,No,Yes,No,HR resources are available but rarely used.
3408,2021,25,Female,Canada,No,Yes,Yes,Often,100-500,No,Yes,Yes,Yes,Don't know,Don't know,No,Don't know,Maybe,No,No,No,Yes,No,Yes,No,
3409,2021,28,Female,United States,No,No,No,Never,1-5,Yes,Yes,No,No,Yes,Don't know,Yes,Very difficult,No,No,No,Some of them,No,No,Don't know,No,
3410,2022,25,Male,United States,No,No,No,Rarely,More than 1000,Yes,No,Yes,No,Don't know,Yes,Yes,Somewhat easy,Yes,No,Yes,Yes,Maybe,Maybe,Don't know,No,HR resources are available but rarely used.
3411,2024,26,Male,France,No,No,Yes,Sometimes,6-25,Yes,Yes,No,Don't know,Yes,No,Yes,Don't know,No,Maybe,Some of them,Yes,Maybe,No,No,No,Leadership support makes all the difference.
3412,2022,27,Male,Netherlands,No,No,Yes,Never,26-100,Yes,Yes,No,No,Don't know,Yes,Don't know,Very difficult,Yes,No,No,No,No,No,Don't know,No,HR resources are available but rarely used.
3413,2021,30,Male,United States,No,No,No,Never,26-100,Yes,No,No,Don't know,No,No,Don't know,Very easy,Maybe,No,Some of them,Some of them,No,No,Yes,No,
3414,2021,32,Female,United States,No,Yes,Yes,Never,6-25,Yes,Yes,No,Don't know,No,Yes,No,Somewhat easy,Maybe,Maybe,Yes,No,Maybe,No,Don't know,No,More anonymous support options would help.
3415,2020,38,Non-binary,United States,No,No,No,Rarely,6-25,No,Yes,No,Don't know,Yes,Yes,No,Somewhat easy,Yes,Maybe,Yes,Some of them,No,No,No,No,
3416,2023,33,Female,Netherlands,No,No,No,Sometimes,1-5,Yes,Yes,No,No,No,No,No,Don't know,Yes,No,Some of them,No,No,Maybe,Don't know,No,Stigma is still a major issue in my workplace.
3417,2024,26,Female,United States,No,Yes,No,Rarely,100-500,Yes,Yes,Yes,Don't know,No,Don't know,Don't know,Somewhat difficult,No,No,Yes,No,Maybe,Yes,Don't know,No,
3418,2023,18,Male,United Kingdom,No,No,No,Never,26-100,No,No,Yes,Don't know,No,No,Yes,Don't know,Maybe,No,Yes,Some of them,No,No,No,Yes,
3419,2020,38,Female,United Kingdom,No,Yes,No,Rarely,More than 1000,Yes,Yes,No,Yes,Yes,Don't know,Yes,Somewhat easy,Maybe,Maybe,Some of them,No,Yes,Yes,Don't know,No,Burnout is rampant in my team.
3420,2022,27,Female,United States,No,Yes,Yes,Sometimes,100-500,No,No,Yes,Yes,No,Don't know,Yes,Somewhat difficult,Yes,No,No,Yes,No,Maybe,Don't know,No,
3421,2024,18,Other / Prefer not to say,France,No,No,No,Never,26-100,No,No,Yes,Don't know,No,No,Don't know,Don't know,Yes,Yes,Yes,Yes,Maybe,Maybe,Yes,No,Better awareness programs needed.
3422,2020,42,Female,Canada,No,No,Yes,Sometimes,100-500,Yes,No,Don't know,Don't know,Don't know,Yes,Don't know,Very easy,No,No,No,Yes,No,Maybe,Don't know,Yes,
3423,2023,37,Female,United Kingdom,No,Yes,Yes,Often,26-100,No,No,Don't know,No,Yes,No,Yes,Somewhat easy,Yes,No,Some of them,Yes,No,Yes,Don't know,No,
3424,2024,20,Female,United Kingdom,Yes,Yes,Yes,Sometimes,26-100,No,Yes,Yes,Don't know,No,Don't know,Don't know,Somewhat easy,No,No,Some of them,No,No,No,No,No,
3425,2024,20,Male,United States,No,No,No,Rarely,1-5,Yes,Yes,No,No,No,No,Don't know,Don't know,Yes,No,Some of them,No,No,Maybe,Yes,No,Better awareness programs needed.
3426,2023,27,Female,United States,No,No,Yes,Never,More than 1000,No,Yes,No,Yes,No,Don't know,Yes,Very difficult,No,Yes,Yes,Some of them,Maybe,Maybe,No,No,Leadership support makes all the difference.
3427,2024,18,Male,United States,No,No,No,Rarely,26-100,No,Yes,Yes,No,Yes,No,Don't know,Somewhat easy,No,No,No,Yes,No,No,Yes,No,More anonymous support options would help.
3428,2022,39,Male,United Kingdom,No,No,No,Sometimes,6-25,Yes,No,No,Don't know,No,No,Don't know,Somewhat difficult,No,Maybe,Yes,No,No,Maybe,Yes,No,Better awareness programs needed.
3429,2022,37,Male,United States,No,Yes,Yes,Never,1-5,No,Yes,No,No,Yes,No,Don't know,Don't know,Yes,Yes,Yes,No,Maybe,Maybe,No,No,Stigma is still a major issue in my workplace.
3430,2023,26,Male,Australia,No,Yes,No,Rarely,6-25,Yes,No,No,No,Don't know,No,No,Very easy,No,No,Some of them,Some of them,Maybe,No,Don't know,Yes,Anonymous reporting would increase participation.
3431,2022,21,Male,United States,No,No,No,Rarely,100-500,No,Yes,Yes,Yes,No,Yes,Don't know,Somewhat easy,Maybe,No,Yes,No,No,Yes,Don't know,No,
3432,2022,18,Female,United States,Yes,No,Yes,Rarely,More than 1000,Yes,Yes,Yes,Don't know,Yes,Yes,Don't know,Somewhat easy,No,No,Yes,No,Maybe,No,Yes,No,
3433,2023,36,Female,Canada,No,Yes,No,Rarely,6-25,No,Yes,Don't know,No,No,Yes,Don't know,Somewhat easy,No,No,Yes,Some of them,No,Maybe,Yes,No,
3434,2023,18,Male,United States,No,No,Yes,Rarely,More than 1000,Yes,Yes,Yes,Yes,No,Yes,Don't know,Don't know,No,No,Some of them,No,No,Maybe,Don't know,No,Remote work has been a double-edged sword.
3435,2024,24,Male,Other,No,No,No,Sometimes,More than 1000,No,Yes,No,Yes,Yes,No,Yes,Don't know,No,No,Some of them,Yes,Maybe,No,Yes,No,
3436,2024,25,Female,Ireland,No,No,No,Rarely,500-1000,Yes,Yes,Don't know,Yes,Yes,Yes,Don't know,Don't know,Yes,No,No,Some of them,Maybe,Maybe,Don't know,Yes,
3437,2019,29,Male,Netherlands,No,Yes,No,Rarely,6-25,No,Yes,Don't know,No,No,Yes,No,Somewhat difficult,Yes,No,Yes,No,No,Yes,Don't know,No,
3438,2024,44,Female,United States,No,No,No,Rarely,26-100,Yes,No,No,No,Don't know,Yes,No,Somewhat easy,Maybe,No,Some of them,Some of them,No,Maybe,Don't know,No,
3439,2019,25,Female,United States,No,No,No,Sometimes,More than 1000,No,Yes,Yes,Yes,Don't know,Don't know,Don't know,Very easy,No,No,Yes,Some of them,No,No,No,No,
3440,2019,18,Male,United Kingdom,No,Yes,Yes,Never,6-25,No,No,No,Yes,Yes,Don't know,Yes,Somewhat easy,Yes,Maybe,No,Yes,Maybe,Maybe,Don't know,No,Burnout is rampant in my team.
3441,2023,41,Male,United States,No,Yes,Yes,Sometimes,500-1000,Yes,No,Yes,Yes,Yes,Don't know,Yes,Somewhat difficult,Yes,Yes,No,No,No,No,Don't know,No,Leadership support makes all the difference.
3442,2020,24,Female,Canada,No,No,No,Rarely,100-500,Yes,Yes,Yes,Don't know,Don't know,No,Yes,Don't know,Yes,No,Some of them,No,No,Maybe,Don't know,No,Glad to see more companies taking this seriously.
3443,2022,22,Male,United States,No,No,No,Rarely,26-100,Yes,Yes,Yes,Don't know,No,Don't know,No,Somewhat difficult,Maybe,No,No,Yes,Maybe,No,Yes,No,We have EAP but nobody talks about it.
3444,2021,29,Male,United States,Yes,No,Yes,Often,100-500,No,Yes,Yes,Don't know,No,Don't know,Don't know,Somewhat difficult,Maybe,No,Some of them,Some of them,No,No,Yes,No,
3445,2020,35,Non-binary,Australia,No,No,No,Never,More than 1000,No,Yes,Yes,Don't know,Don't know,Don't know,Don't know,Somewhat easy,Yes,Maybe,No,Some of them,No,Yes,Yes,Yes,Remote work has been a double-edged sword.
3446,2023,32,Female,United States,No,Yes,No,Rarely,100-500,No,Yes,Don't know,Yes,Yes,No,Don't know,Somewhat easy,No,Maybe,No,Some of them,Maybe,Maybe,Don't know,Yes,Glad to see more companies taking this seriously.
3447,2022,27,Male,United States,No,Yes,Yes,Never,6-25,Yes,Yes,Yes,No,Don't know,Don't know,Don't know,Somewhat difficult,Yes,No,Some of them,No,Maybe,Yes,No,Yes,
3448,2022,25,Male,Ireland,Yes,No,Yes,Rarely,100-500,Yes,No,Don't know,Yes,No,Yes,Yes,Somewhat easy,No,Maybe,No,No,No,No,Don't know,Yes,Remote work has been a double-edged sword.
3449,2019,18,Female,United States,No,No,No,Never,More than 1000,Yes,Yes,Yes,Yes,Don't know,No,Don't know,Don't know,Yes,No,Yes,Yes,No,Yes,No,No,
3450,2022,34,Female,Netherlands,No,Yes,Yes,Often,More than 1000,No,Yes,Don't know,Don't know,No,Yes,No,Don't know,No,No,No,Some of them,No,No,Don't know,No,
3451,2020,40,Female,India,No,No,Yes,Rarely,500-1000,No,Yes,Yes,Yes,Yes,Don't know,Don't know,Somewhat difficult,No,No,No,No,Yes,Maybe,Don't know,No,More anonymous support options would help.
3452,2024,22,Male,Australia,No,No,Yes,Rarely,500-1000,Yes,No,Yes,Yes,Yes,Yes,Yes,Somewhat difficult,No,No,No,Yes,Maybe,No,Yes,No,
3453,2021,19,Male,Australia,No,No,No,Never,More than 1000,No,No,Yes,Yes,Don't know,Yes,No,Very difficult,Yes,No,Yes,No,No,No,No,Yes,Burnout is rampant in my team.
3454,2021,22,Male,United Kingdom,No,No,No,Sometimes,500-1000,Yes,Yes,Yes,Yes,Don't know,No,Yes,Somewhat difficult,No,No,Yes,Some of them,No,No,Yes,No,
3455,2022,35,Male,United States,No,Yes,Yes,Often,1-5,Yes,Yes,No,No,No,Don't know,Don't know,Somewhat difficult,No,No,Yes,No,No,No,No,No,Better awareness programs needed.
3456,2020,34,Male,United States,No,Yes,Yes,Often,100-500,Yes,Yes,No,No,Yes,Don't know,Don't know,Don't know,No,No,No,No,Maybe,No,Yes,Yes,More anonymous support options would help.
3457,2022,27,Female,Other,No,No,No,Never,More than 1000,Yes,No,No,Don't know,Yes,Don't know,Yes,Somewhat easy,Yes,No,Some of them,Yes,No,Maybe,Don't know,No,HR resources are available but rarely used.
3458,2022,23,Female,United States,No,No,No,Rarely,26-100,Yes,Yes,No,No,No,Don't know,Don't know,Somewhat difficult,Maybe,No,No,Some of them,No,No,Don't know,No,HR resources are available but rarely used.
3459,2020,36,Non-binary,Australia,No,No,No,Never,500-1000,Yes,Yes,No,No,Yes,Don't know,Yes,Don't know,No,No,Yes,No,Maybe,No,No,No,Remote work has been a double-edged sword.
3460,2021,18,Female,Other,No,Yes,Yes,Sometimes,More than 1000,Yes,Yes,Yes,No,No,Don't know,Yes,Don't know,Yes,Yes,No,Yes,Yes,Maybe,Don't know,No,
3461,2021,18,Female,Ireland,No,No,Yes,Rarely,6-25,Yes,Yes,Don't know,No,No,No,No,Somewhat easy,No,Maybe,Some of them,Yes,No,Maybe,Yes,No,Stigma is still a major issue in my workplace.
3462,2023,28,Female,United Kingdom,No,No,Yes,Never,More than 1000,No,Yes,Yes,Yes,Yes,Don't know,Yes,Somewhat difficult,Yes,No,Some of them,Some of them,Maybe,No,Don't know,Yes,
3463,2019,31,Male,United States,No,Yes,No,Rarely,More than 1000,Yes,Yes,No,Yes,Don't know,Yes,No,Very easy,No,No,No,Yes,Maybe,Maybe,Yes,No,More anonymous support options would help.
3464,2023,24,Male,United States,No,No,No,Sometimes,26-100,Yes,No,Yes,No,Don't know,Yes,Yes,Somewhat difficult,No,No,Yes,Yes,No,No,Yes,No,
3465,2022,33,Female,United States,No,No,No,Never,6-25,Yes,Yes,No,Don't know,No,Don't know,Yes,Very easy,Maybe,No,No,No,No,No,Don't know,No,
3466,2023,34,Female,United States,No,Yes,Yes,Rarely,100-500,Yes,Yes,Yes,Yes,No,Yes,No,Somewhat difficult,Yes,No,No,Some of them,No,No,Don't know,No,Better awareness programs needed.
3467,2021,43,Male,Germany,No,No,No,Rarely,1-5,No,No,No,No,Yes,Yes,Yes,Very difficult,Maybe,Maybe,Yes,No,No,Yes,No,Yes,Glad to see more companies taking this seriously.
3468,2023,23,Male,United States,No,No,Yes,Never,26-100,Yes,Yes,No,No,No,No,No,Somewhat easy,No,No,Some of them,Yes,Maybe,No,Don't know,Yes,Management needs training on mental health.
3469,2024,35,Male,Brazil,No,No,Yes,Rarely,500-1000,Yes,Yes,No,Don't know,Yes,No,Yes,Don't know,No,No,Some of them,Some of them,No,No,No,No,Burnout is rampant in my team.
3470,2021,18,Female,United States,No,No,Yes,Sometimes,More than 1000,Yes,No,Yes,Don't know,Yes,No,Don't know,Don't know,No,No,Some of them,Some of them,No,Maybe,Don't know,No,
3471,2021,39,Other / Prefer not to say,United Kingdom,No,Yes,No,Rarely,6-25,Yes,Yes,Don't know,No,No,No,No,Somewhat easy,No,No,No,Yes,Maybe,No,Yes,No,HR resources are available but rarely used.
3472,2023,18,Male,United States,No,No,Yes,Often,6-25,Yes,Yes,Yes,Yes,Don't know,Don't know,No,Somewhat easy,No,No,Yes,Yes,Maybe,Maybe,Yes,No,Leadership support makes all the difference.
3473,2019,26,Male,United States,No,No,No,Rarely,6-25,Yes,Yes,Yes,No,No,Don't know,No,Somewhat easy,No,No,Yes,Yes,No,Maybe,Don't know,No,
3474,2023,28,Female,United States,Yes,No,Yes,Sometimes,500-1000,Yes,No,Don't know,Yes,Don't know,Don't know,No,Don't know,No,No,No,No,No,No,Don't know,No,Glad to see more companies taking this seriously.
3475,2020,34,Female,United States,Yes,Yes,No,Sometimes,500-1000,Yes,No,Yes,Yes,Yes,Don't know,Don't know,Very easy,No,Yes,Some of them,No,No,No,Yes,No,
3476,2021,32,Non-binary,United States,No,No,No,Rarely,100-500,No,Yes,Yes,No,Yes,Yes,Yes,Somewhat easy,No,No,No,Yes,No,Maybe,Yes,Yes,
3477,2020,32,Male,United States,No,No,No,Often,26-100,Yes,Yes,Don't know,Don't know,Don't know,Yes,Don't know,Don't know,No,No,Some of them,Some of them,Maybe,Maybe,No,No,
3478,2023,33,Male,United States,No,Yes,Yes,Often,More than 1000,No,Yes,No,Don't know,Yes,Yes,Don't know,Somewhat easy,Yes,No,No,Yes,No,Maybe,Don't know,No,Anonymous reporting would increase participation.
3479,2022,28,Male,Netherlands,No,Yes,Yes,Often,100-500,Yes,Yes,Yes,Don't know,No,Don't know,Yes,Don't know,No,Maybe,Some of them,Yes,Maybe,Yes,Don't know,No,We have EAP but nobody talks about it.
3480,2020,43,Male,United States,No,Yes,No,Sometimes,26-100,No,Yes,No,No,No,No,Yes,Somewhat difficult,Yes,Maybe,No,No,No,No,No,No,
3481,2021,22,Male,United States,No,No,No,Often,100-500,Yes,Yes,Don't know,Yes,Yes,Yes,Don't know,Don't know,No,No,Some of them,No,No,No,Yes,No,
3482,2022,21,Male,Netherlands,Yes,Yes,Yes,Sometimes,100-500,Yes,Yes,Yes,Yes,No,Yes,No,Very difficult,Maybe,No,No,No,No,Maybe,Yes,No,HR resources are available but rarely used.
3483,2024,36,Female,United States,No,No,No,Never,1-5,Yes,No,Don't know,Don't know,Don't know,Yes,Don't know,Somewhat difficult,No,No,No,No,Maybe,No,Yes,Yes,
3484,2020,19,Male,Germany,No,No,Yes,Never,100-500,No,No,No,Yes,Don't know,Don't know,Don't know,Somewhat difficult,No,No,Some of them,Yes,Maybe,No,No,No,Open conversations help reduce stigma.
3485,2021,31,Female,Canada,No,No,No,Rarely,500-1000,No,No,Yes,Yes,No,Yes,Don't know,Somewhat easy,Yes,No,No,Some of them,No,No,Yes,No,
3486,2022,20,Female,Ireland,Yes,No,No,Sometimes,100-500,Yes,Yes,No,No,No,Don't know,Yes,Don't know,No,No,Some of them,Yes,No,Maybe,No,No,
3487,2019,37,Non-binary,United States,No,No,Yes,Often,100-500,No,Yes,Yes,Yes,Don't know,No,Yes,Somewhat easy,No,No,No,No,Maybe,No,No,Yes,Open conversations help reduce stigma.
3488,2022,18,Female,United States,No,Yes,Yes,Rarely,100-500,No,No,Yes,Yes,Yes,Yes,Don't know,Somewhat easy,Maybe,No,Yes,Some of them,Maybe,Yes,Yes,No,
3489,2023,31,Female,Other,No,No,No,Rarely,100-500,Yes,No,No,Yes,No,No,No,Don't know,Yes,No,Yes,Yes,Maybe,No,Don't know,No,
3490,2024,23,Male,United States,No,No,No,Rarely,100-500,No,Yes,Yes,Don't know,Yes,Yes,No,Somewhat easy,Maybe,Yes,No,Yes,Yes,No,No,No,
3491,2024,26,Non-binary,United States,No,No,No,Never,26-100,Yes,Yes,No,No,Yes,No,No,Don't know,No,Maybe,No,Some of them,Maybe,No,Yes,No,Stigma is still a major issue in my workplace.
3492,2019,33,Male,United States,Yes,No,Yes,Rarely,500-1000,No,Yes,Yes,Yes,Yes,No,No,Somewhat difficult,No,Yes,Yes,Yes,No,Maybe,Yes,No,Remote work has been a double-edged sword.
3493,2020,23,Male,Germany,No,Yes,Yes,Never,26-100,Yes,Yes,No,Yes,Yes,No,No,Don't know,No,Maybe,Some of them,Yes,No,No,Don't know,No,
3494,2023,39,Male,United States,No,No,No,Rarely,More than 1000,Yes,No,Don't know,Yes,Don't know,Yes,No,Somewhat easy,No,No,No,Some of them,No,No,No,No,Glad to see more companies taking this seriously.
3495,2019,28,Female,United States,No,No,No,Never,26-100,No,Yes,No,No,Yes,Don't know,Yes,Don't know,No,No,Some of them,Yes,Maybe,Yes,Don't know,No,
3496,2020,40,Male,Ireland,No,No,Yes,Sometimes,100-500,Yes,Yes,No,No,Yes,No,Yes,Don't know,No,No,Some of them,Some of them,No,No,No,Yes,Glad to see more companies taking this seriously.
3497,2022,18,Female,United States,No,No,Yes,Rarely,100-500,Yes,Yes,Yes,No,Don't know,Don't know,Don't know,Very difficult,No,Yes,Yes,Yes,No,No,Yes,No,Management needs training on mental health.
3498,2024,32,Male,Other,Yes,No,No,Never,100-500,Yes,No,Yes,Don't know,No,Yes,No,Somewhat easy,Maybe,No,Some of them,Yes,No,No,Don't know,Yes,
3499,2022,27,Male,India,No,No,No,Rarely,More than 1000,Yes,No,Yes,Yes,No,Yes,No,Very easy,Maybe,No,No,Yes,No,Yes,No,Yes,Remote work has been a double-edged sword.
3500,2019,26,Female,France,No,No,Yes,Rarely,100-500,Yes,No,No,Yes,Yes,Yes,Don't know,Somewhat easy,No,Maybe,No,Some of them,No,No,Don't know,No,Stigma is still a major issue in my workplace.
3501,2021,32,Male,Other,No,No,Yes,Rarely,100-500,Yes,Yes,No,No,Don't know,Yes,Yes,Very easy,Yes,No,Some of them,No,No,Maybe,Don't know,Yes,Management needs training on mental health.
3502,2024,26,Male,India,No,Yes,No,Never,100-500,Yes,Yes,Yes,Yes,Don't know,Yes,No,Don't know,No,No,Some of them,Some of them,No,No,Don't know,No,
3503,2022,35,Female,Australia,No,No,No,Sometimes,26-100,Yes,Yes,Don't know,No,Don't know,Don't know,Yes,Somewhat difficult,No,Maybe,No,Yes,No,No,No,No,More anonymous support options would help.
3504,2020,32,Male,United Kingdom,No,No,Yes,Often,26-100,Yes,Yes,No,No,No,Don't know,Don't know,Don't know,No,No,Yes,Yes,No,No,Don't know,Yes,
3505,2024,28,Male,United States,Yes,Yes,No,Rarely,6-25,Yes,Yes,No,Don't know,Don't know,Don't know,Yes,Somewhat easy,Maybe,No,No,No,No,No,Yes,No,Remote work has been a double-edged sword.
3506,2024,26,Female,United States,No,Yes,Yes,Often,More than 1000,No,No,No,Yes,Yes,Don't know,Don't know,Very easy,Maybe,No,Yes,No,No,No,No,No,Anonymous reporting would increase participation.
3507,2020,31,Male,United Kingdom,No,No,Yes,Often,6-25,No,Yes,Don't know,No,No,No,No,Don't know,Yes,Maybe,Some of them,Yes,Maybe,Yes,Don't know,Yes,
3508,2023,43,Female,United States,No,Yes,Yes,Sometimes,100-500,Yes,No,Yes,Don't know,Yes,Yes,No,Don't know,Yes,Yes,Yes,No,No,No,No,No,
3509,2021,20,Female,Sweden,Yes,Yes,Yes,Often,6-25,Yes,Yes,No,Yes,Yes,Yes,No,Don't know,No,Yes,No,Yes,Maybe,Yes,Yes,No,
3510,2023,42,Female,France,No,No,No,Rarely,500-1000,Yes,No,Yes,Don't know,No,Don't know,Yes,Somewhat easy,Yes,No,No,Yes,No,No,Don't know,No,Management needs training on mental health.
3511,2019,25,Male,Other,No,No,Yes,Sometimes,6-25,No,Yes,No,Don't know,Don't know,Yes,No,Somewhat easy,No,No,No,No,No,No,Don't know,No,Better awareness programs needed.
3512,2023,18,Male,United States,No,No,No,Rarely,500-1000,Yes,Yes,Don't know,No,No,No,Yes,Somewhat difficult,Yes,No,No,Yes,Yes,Maybe,Yes,No,More anonymous support options would help.
3513,2020,31,Non-binary,United Kingdom,No,No,No,Never,100-500,Yes,Yes,Don't know,Yes,Don't know,Don't know,No,Somewhat difficult,Maybe,No,No,Some of them,No,Maybe,Yes,No,Better awareness programs needed.
3514,2022,24,Male,Germany,No,Yes,Yes,Often,More than 1000,Yes,Yes,Yes,Yes,No,No,Yes,Somewhat difficult,Maybe,No,No,No,No,Maybe,Yes,No,We have EAP but nobody talks about it.
3515,2023,28,Male,United States,No,No,No,Sometimes,26-100,No,Yes,No,Don't know,Yes,Don't know,No,Somewhat easy,No,Maybe,No,Some of them,Yes,No,Don't know,No,Better awareness programs needed.
3516,2022,27,Non-binary,Other,No,No,No,Never,100-500,No,Yes,No,Don't know,Yes,Yes,Don't know,Somewhat easy,No,No,No,No,No,No,Don't know,No,We have EAP but nobody talks about it.
3517,2021,38,Female,United States,No,No,No,Often,100-500,No,Yes,Yes,Yes,Yes,Don't know,Yes,Somewhat easy,Yes,No,Some of them,No,No,Maybe,Yes,No,Management needs training on mental health.
3518,2023,18,Female,Other,No,Yes,Yes,Never,26-100,No,Yes,No,Yes,No,No,Don't know,Don't know,No,No,Yes,Yes,Yes,No,No,No,More anonymous support options would help.
3519,2023,32,Male,United States,Yes,No,No,Never,More than 1000,Yes,No,No,Yes,Yes,No,No,Somewhat difficult,No,No,No,No,Yes,No,Yes,No,Anonymous reporting would increase participation.
3520,2024,40,Male,United Kingdom,No,No,No,Rarely,More than 1000,Yes,No,No,Yes,Don't know,Don't know,Yes,Somewhat easy,Maybe,No,No,Yes,No,No,Yes,No,Anonymous reporting would increase participation.
3521,2019,32,Male,United States,No,No,Yes,Rarely,100-500,Yes,No,Yes,No,Yes,Yes,Don't know,Somewhat easy,No,Maybe,No,Some of them,Yes,Maybe,No,No,
3522,2019,27,Female,United Kingdom,No,No,No,Never,100-500,No,Yes,Yes,Don't know,No,Yes,Yes,Somewhat difficult,Yes,No,No,Yes,No,Maybe,Yes,Yes,
3523,2019,31,Non-binary,Netherlands,Yes,Yes,Yes,Sometimes,More than 1000,No,Yes,No,No,Don't know,No,Don't know,Somewhat difficult,No,Maybe,No,No,No,Maybe,Yes,Yes,
3524,2024,40,Female,United States,No,No,No,Never,500-1000,Yes,Yes,Yes,Don't know,No,Don't know,Yes,Very easy,Maybe,No,Some of them,Yes,No,Maybe,Don't know,No,Glad to see more companies taking this seriously.
3525,2019,23,Female,United States,No,No,Yes,Sometimes,100-500,No,Yes,Don't know,Don't know,No,Yes,Don't know,Somewhat easy,Maybe,Yes,Yes,No,No,No,Yes,No,
3526,2022,32,Female,India,Yes,Yes,Yes,Never,1-5,Yes,Yes,No,Don't know,No,Don't know,Yes,Don't know,Maybe,Maybe,Yes,Yes,No,No,No,No,
3527,2024,24,Male,Other,No,No,No,Sometimes,6-25,No,Yes,Don't know,No,No,No,No,Somewhat easy,No,No,Some of them,No,Maybe,Maybe,Don't know,Yes,
3528,2019,32,Male,United States,No,Yes,Yes,Sometimes,More than 1000,Yes,Yes,Don't know,Don't know,Yes,Yes,Yes,Don't know,Yes,No,No,Yes,No,Maybe,Yes,No,
3529,2024,28,Male,Other,No,No,No,Sometimes,1-5,No,Yes,Don't know,No,No,No,Don't know,Somewhat easy,No,No,No,No,No,No,No,Yes,
3530,2022,24,Female,Germany,Yes,Yes,Yes,Sometimes,26-100,Yes,No,No,No,No,Yes,Yes,Very easy,Maybe,No,No,Some of them,No,No,No,Yes,Stigma is still a major issue in my workplace.
3531,2024,35,Female,Other,No,No,Yes,Often,More than 1000,No,No,Yes,No,Don't know,Yes,Don't know,Very easy,No,Maybe,No,No,No,No,No,No,
3532,2022,31,Male,Sweden,No,No,No,Rarely,6-25,Yes,Yes,No,Don't know,Yes,No,Don't know,Somewhat easy,No,No,Yes,No,Maybe,No,Don't know,No,We have EAP but nobody talks about it.
3533,2023,29,Other / Prefer not to say,India,No,No,Yes,Rarely,100-500,No,Yes,Yes,No,Yes,Yes,Yes,Very easy,Yes,No,No,Yes,Maybe,No,Yes,No,
3534,2023,23,Male,Other,No,No,No,Rarely,More than 1000,No,Yes,Yes,Yes,No,Yes,Yes,Somewhat easy,No,Maybe,No,Some of them,No,No,No,Yes,Management needs training on mental health.
3535,2019,29,Male,United States,No,No,No,Often,1-5,Yes,Yes,No,Don't know,Yes,Don't know,Don't know,Somewhat easy,Maybe,No,Yes,Some of them,No,Maybe,No,Yes,HR resources are available but rarely used.
3536,2021,24,Female,Canada,No,Yes,No,Sometimes,More than 1000,Yes,Yes,No,Don't know,No,Don't know,Yes,Somewhat easy,No,No,Some of them,Yes,No,Yes,Don't know,No,Remote work has been a double-edged sword.
3537,2019,28,Male,United Kingdom,Yes,No,No,Sometimes,6-25,No,No,Don't know,Yes,No,Don't know,No,Don't know,Yes,No,Yes,Some of them,No,No,Don't know,No,HR resources are available but rarely used.
3538,2023,23,Female,Australia,No,No,No,Never,500-1000,No,Yes,Yes,Yes,Yes,Don't know,Don't know,Somewhat easy,No,No,No,No,No,No,Don't know,Yes,HR resources are available but rarely used.
3539,2021,27,Male,France,Yes,Yes,Yes,Rarely,More than 1000,No,Yes,Yes,No,No,Yes,Yes,Don't know,No,Maybe,No,Some of them,No,Yes,No,No,
3540,2023,26,Male,United States,No,No,No,Never,26-100,Yes,Yes,No,Don't know,No,Don't know,Don't know,Don't know,Yes,Maybe,Yes,Yes,No,Yes,No,No,
3541,2021,18,Male,United Kingdom,No,Yes,No,Sometimes,100-500,Yes,Yes,Yes,Don't know,Yes,No,Don't know,Very easy,Maybe,No,Some of them,Yes,No,Maybe,No,No,
3542,2021,31,Female,United Kingdom,No,Yes,Yes,Sometimes,More than 1000,No,Yes,Don't know,Yes,Don't know,Don't know,Yes,Somewhat easy,Yes,No,Some of them,No,No,No,Yes,Yes,
3543,2022,29,Male,Netherlands,No,No,No,Rarely,6-25,Yes,No,No,No,Don't know,No,No,Don't know,Yes,Maybe,No,No,No,Maybe,No,No,
3544,2023,35,Male,United States,No,Yes,No,Rarely,100-500,No,Yes,Yes,Yes,Yes,Don't know,Yes,Don't know,No,No,Yes,Yes,No,Yes,No,Yes,Burnout is rampant in my team.
3545,2022,29,Male,Other,No,No,No,Sometimes,More than 1000,No,Yes,Don't know,Don't know,Yes,Yes,No,Somewhat difficult,Yes,No,Some of them,Some of them,No,No,Don't know,No,
3546,2022,23,Male,Ireland,No,No,No,Sometimes,26-100,Yes,Yes,Don't know,No,No,No,Don't know,Somewhat easy,No,No,Some of them,Yes,Maybe,No,Yes,No,
3547,2021,23,Male,Other,No,Yes,Yes,Often,500-1000,Yes,Yes,Don't know,Don't know,No,Yes,Yes,Somewhat easy,Yes,No,Some of them,Yes,No,No,Don't know,Yes,Anonymous reporting would increase participation.
3548,2021,34,Male,United States,Yes,No,Yes,Rarely,100-500,Yes,Yes,No,Don't know,Don't know,Don't know,No,Somewhat easy,Yes,No,Some of them,No,Maybe,No,Yes,No,
3549,2023,29,Male,France,No,No,No,Never,100-500,Yes,No,Yes,Yes,No,No,Yes,Somewhat easy,No,Yes,No,Yes,No,Maybe,Don't know,No,
3550,2024,24,Female,India,No,No,No,Often,500-1000,No,Yes,Yes,No,Yes,Yes,Yes,Don't know,Maybe,Maybe,Some of them,No,Maybe,Maybe,Yes,No,
3551,2023,49,Male,United States,No,No,No,Never,More than 1000,Yes,Yes,No,Yes,No,Yes,No,Somewhat difficult,Yes,No,Some of them,No,Yes,Maybe,Don't know,No,
3552,2023,37,Male,France,No,No,Yes,Sometimes,26-100,Yes,Yes,Don't know,Don't know,Don't know,Yes,Don't know,Very difficult,No,No,Some of them,Some of them,No,Yes,Don't know,No,Burnout is rampant in my team.
3553,2024,28,Male,United Kingdom,Yes,No,No,Rarely,26-100,Yes,Yes,No,Yes,Yes,Don't know,Yes,Very easy,No,No,No,No,No,Yes,Yes,No,
3554,2024,38,Male,United Kingdom,No,Yes,Yes,Sometimes,100-500,Yes,Yes,Yes,Don't know,Yes,Yes,Don't know,Somewhat easy,No,No,No,Yes,No,Yes,Don't know,No,Glad to see more companies taking this seriously.
3555,2024,31,Male,United States,No,No,No,Rarely,500-1000,Yes,No,No,Yes,Yes,Don't know,No,Very difficult,No,No,No,Yes,No,Maybe,Yes,No,Leadership support makes all the difference.
3556,2020,53,Female,United Kingdom,No,No,Yes,Never,100-500,No,Yes,Yes,Don't know,Don't know,Don't know,Don't know,Somewhat difficult,Maybe,No,No,No,Maybe,No,Yes,No,Anonymous reporting would increase participation.
3557,2024,35,Female,Australia,No,Yes,No,Never,26-100,Yes,Yes,Don't know,No,Don't know,No,Don't know,Don't know,No,No,Yes,No,Yes,Maybe,No,Yes,
3558,2024,39,Male,United States,Yes,No,Yes,Sometimes,1-5,No,Yes,Don't know,No,Yes,No,Yes,Somewhat difficult,No,No,Yes,No,Maybe,Yes,Yes,No,Anonymous reporting would increase participation.
3559,2024,29,Male,United States,Yes,Yes,No,Sometimes,100-500,No,No,Yes,Yes,Yes,No,No,Very difficult,No,No,No,Yes,No,No,Don't know,Yes,Glad to see more companies taking this seriously.
3560,2020,21,Male,United States,No,No,Yes,Sometimes,100-500,Yes,No,No,Yes,Don't know,Yes,Yes,Very easy,No,No,Yes,No,No,No,No,No,Anonymous reporting would increase participation.
3561,2024,33,Male,France,No,No,Yes,Never,1-5,No,Yes,Don't know,No,No,No,Don't know,Somewhat difficult,Maybe,Yes,No,No,No,No,Yes,No,
3562,2024,42,Male,United Kingdom,No,No,Yes,Sometimes,100-500,Yes,Yes,Yes,Don't know,Don't know,Yes,Don't know,Somewhat difficult,Yes,Maybe,Some of them,No,No,Yes,Yes,Yes,
3563,2019,32,Female,Other,No,No,No,Never,1-5,Yes,No,No,No,Yes,No,Don't know,Somewhat easy,No,Maybe,Yes,Some of them,No,No,Yes,No,
3564,2022,25,Male,Netherlands,No,No,Yes,Sometimes,100-500,Yes,Yes,Yes,Yes,Yes,Yes,Yes,Don't know,No,No,Some of them,Some of them,No,No,No,Yes,We have EAP but nobody talks about it.
3565,2024,19,Female,Brazil,No,Yes,No,Never,100-500,Yes,No,Yes,Yes,Don't know,Don't know,Yes,Somewhat difficult,Maybe,No,No,Some of them,Yes,Maybe,Yes,No,
3566,2023,33,Male,United States,No,No,No,Sometimes,6-25,No,Yes,No,Don't know,Don't know,Don't know,No,Somewhat difficult,No,No,Yes,Yes,Yes,No,Yes,No,
3567,2020,30,Male,United States,No,No,No,Rarely,1-5,Yes,No,No,No,Yes,Don't know,Don't know,Very difficult,No,Maybe,No,No,Maybe,Yes,Yes,No,
3568,2019,37,Female,Ireland,No,No,No,Rarely,500-1000,No,Yes,Don't know,Don't know,Yes,Yes,Don't know,Don't know,No,Maybe,Some of them,No,No,Maybe,Yes,No,HR resources are available but rarely used.
3569,2021,34,Male,Other,No,Yes,Yes,Sometimes,100-500,Yes,Yes,No,Yes,No,Yes,No,Somewhat difficult,No,Maybe,Yes,No,No,Maybe,No,No,
3570,2022,48,Other / Prefer not to say,United States,No,No,No,Sometimes,26-100,Yes,Yes,No,No,Don't know,Don't know,No,Very difficult,No,No,No,Yes,Maybe,No,No,No,
3571,2020,35,Male,France,No,No,No,Never,6-25,Yes,Yes,Yes,No,No,No,Yes,Somewhat difficult,No,No,Some of them,Some of them,Maybe,No,Yes,No,Burnout is rampant in my team.
3572,2019,18,Male,Brazil,No,No,No,Sometimes,100-500,No,Yes,Don't know,Don't know,Yes,Don't know,Yes,Somewhat difficult,Maybe,Maybe,Yes,Yes,Maybe,Maybe,Yes,No,Management needs training on mental health.
3573,2023,33,Female,United States,No,No,No,Never,More than 1000,Yes,Yes,Yes,Yes,Yes,Yes,Yes,Somewhat difficult,No,No,Some of them,Some of them,No,No,Don't know,No,Remote work has been a double-edged sword.
3574,2023,38,Female,United States,No,No,No,Sometimes,More than 1000,Yes,Yes,No,No,Don't know,Yes,Don't know,Don't know,Yes,No,Yes,No,No,Yes,Yes,No,
3575,2022,36,Male,United Kingdom,No,No,No,Often,100-500,No,No,Yes,No,Yes,Don't know,Don't know,Somewhat easy,No,No,No,No,Maybe,No,Don't know,No,Stigma is still a major issue in my workplace.
3576,2024,26,Male,United States,No,Yes,Yes,Often,6-25,No,No,Yes,Don't know,No,No,No,Very difficult,Maybe,No,No,Yes,Maybe,Maybe,Yes,No,
3577,2024,24,Female,Other,No,No,No,Rarely,More than 1000,Yes,Yes,Yes,Don't know,Yes,No,Yes,Very easy,No,No,No,No,No,No,Yes,No,Burnout is rampant in my team.
3578,2023,33,Female,Germany,No,Yes,No,Sometimes,100-500,Yes,Yes,Don't know,Don't know,No,Yes,Yes,Somewhat difficult,Yes,No,Some of them,No,No,Maybe,Don't know,No,Management needs training on mental health.
3579,2022,37,Female,United States,No,No,Yes,Rarely,100-500,No,No,No,Don't know,No,Yes,Yes,Somewhat difficult,Maybe,No,No,Yes,No,Yes,Don't know,Yes,HR resources are available but rarely used.
3580,2023,38,Female,Other,No,Yes,Yes,Sometimes,100-500,No,Yes,Don't know,Yes,Yes,Yes,Yes,Somewhat easy,Yes,Yes,No,No,No,Yes,No,No,
3581,2019,18,Female,Germany,No,Yes,No,Never,6-25,No,Yes,No,Don't know,Don't know,No,Don't know,Very easy,Yes,No,No,Some of them,No,Yes,Don't know,No,Anonymous reporting would increase participation.
3582,2022,23,Male,Germany,No,No,No,Never,500-1000,No,Yes,Yes,Yes,Don't know,Yes,Yes,Somewhat easy,Yes,Yes,Yes,No,No,Maybe,Yes,No,Better awareness programs needed.
3583,2023,35,Male,United States,No,No,No,Never,26-100,Yes,Yes,Yes,No,Don't know,No,No,Don't know,Maybe,No,Yes,Yes,No,No,Yes,No,
3584,2023,25,Male,Canada,No,No,No,Rarely,More than 1000,Yes,Yes,Yes,Don't know,Yes,Yes,Don't know,Don't know,No,No,Yes,No,No,No,Yes,No,More anonymous support options would help.
3585,2022,47,Non-binary,United Kingdom,No,No,Yes,Often,26-100,No,Yes,No,No,Don't know,No,Yes,Somewhat easy,No,No,No,No,No,No,No,Yes,Stigma is still a major issue in my workplace.
3586,2024,40,Male,Australia,No,Yes,No,Often,1-5,No,Yes,No,Yes,Don't know,Don't know,Don't know,Somewhat easy,Maybe,No,Some of them,Yes,No,Maybe,No,No,
3587,2022,19,Female,United States,No,Yes,No,Never,100-500,Yes,Yes,Don't know,Don't know,Don't know,Yes,Don't know,Don't know,No,No,Some of them,Yes,Maybe,Maybe,Don't know,No,
3588,2024,19,Female,United Kingdom,No,Yes,No,Rarely,100-500,No,Yes,Yes,Don't know,Don't know,Don't know,Yes,Somewhat easy,No,Maybe,Some of them,No,Maybe,Yes,Don't know,Yes,Open conversations help reduce stigma.
3589,2019,24,Female,United States,No,No,Yes,Sometimes,1-5,Yes,Yes,No,Yes,No,Yes,No,Very easy,No,No,Some of them,Some of them,Maybe,No,Yes,Yes,
3590,2022,29,Male,Germany,No,No,No,Rarely,100-500,Yes,Yes,Don't know,Don't know,Don't know,Yes,Don't know,Somewhat difficult,No,Yes,No,No,No,Yes,No,No,Glad to see more companies taking this seriously.
3591,2022,28,Male,United States,No,No,No,Never,More than 1000,No,Yes,Yes,No,Yes,Yes,Yes,Very difficult,Yes,No,No,Some of them,No,No,No,No,Leadership support makes all the difference.
3592,2024,22,Male,Sweden,No,Yes,No,Rarely,6-25,No,Yes,No,No,Yes,No,Yes,Somewhat easy,Yes,Maybe,Some of them,No,No,No,Don't know,Yes,
3593,2019,29,Female,Other,Yes,Yes,Yes,Sometimes,100-500,No,No,Yes,Don't know,Yes,Yes,Yes,Don't know,Maybe,No,Some of them,Some of them,No,No,No,No,Stigma is still a major issue in my workplace.
3594,2020,32,Male,Australia,No,Yes,No,Never,More than 1000,No,No,No,Yes,Yes,Don't know,Yes,Very difficult,No,No,No,Yes,Maybe,No,Don't know,No,
3595,2023,36,Male,United States,No,No,No,Rarely,100-500,No,No,Yes,Yes,No,No,Yes,Don't know,No,No,Yes,No,Yes,No,Yes,No,HR resources are available but rarely used.
3596,2024,30,Female,United Kingdom,No,Yes,Yes,Often,26-100,No,Yes,No,Don't know,No,No,No,Somewhat easy,No,Yes,No,No,Maybe,No,Don't know,No,Stigma is still a major issue in my workplace.
3597,2022,35,Male,Germany,No,No,Yes,Sometimes,More than 1000,No,Yes,No,Yes,No,Yes,Yes,Very easy,Maybe,No,No,Yes,Maybe,Maybe,No,No,Management needs training on mental health.
3598,2023,25,Male,United Kingdom,No,Yes,No,Sometimes,More than 1000,Yes,Yes,Yes,Yes,Yes,Don't know,Don't know,Very easy,Yes,No,Yes,Yes,No,Maybe,No,No,
3599,2023,36,Male,Other,No,No,No,Never,More than 1000,No,Yes,Yes,Yes,Don't know,Yes,Don't know,Don't know,No,Yes,No,No,No,Maybe,Don't know,No,
3600,2019,31,Male,Sweden,No,Yes,Yes,Often,More than 1000,No,Yes,No,Yes,No,Don't know,Yes,Somewhat easy,No,Maybe,Yes,No,No,Maybe,Yes,No,More anonymous support options would help.
3601,2024,18,Male,United States,No,No,No,Sometimes,500-1000,Yes,Yes,No,Don't know,Yes,Don't know,Yes,Somewhat difficult,Yes,No,No,Some of them,Maybe,No,Don't know,No,
3602,2024,27,Female,United States,No,Yes,No,Rarely,More than 1000,Yes,Yes,Yes,Yes,No,Yes,No,Don't know,No,No,No,No,No,Maybe,Don't know,No,Better awareness programs needed.
3603,2019,22,Male,Sweden,No,No,Yes,Sometimes,6-25,No,No,Don't know,Don't know,Don't know,Yes,Don't know,Don't know,Maybe,Maybe,No,No,No,No,Don't know,No,
3604,2024,18,Male,Canada,No,No,Yes,Sometimes,26-100,No,Yes,No,Don't know,Don't know,No,Don't know,Somewhat difficult,No,No,Some of them,No,No,Yes,Yes,No,HR resources are available but rarely used.
3605,2024,31,Female,United States,No,No,Yes,Often,26-100,No,Yes,No,Don't know,No,Don't know,Yes,Don't know,Yes,No,Yes,No,No,Maybe,Yes,No,
3606,2023,27,Male,Netherlands,No,No,No,Rarely,100-500,Yes,Yes,No,Don't know,Yes,Don't know,Don't know,Somewhat easy,No,No,No,No,No,No,Yes,Yes,Glad to see more companies taking this seriously.
3607,2022,18,Male,Sweden,No,No,Yes,Sometimes,100-500,No,Yes,Yes,Yes,No,Yes,Yes,Somewhat easy,No,Yes,No,Some of them,No,No,Don't know,No,
3608,2020,53,Male,United States,No,No,Yes,Sometimes,6-25,No,No,Yes,Yes,Don't know,No,No,Don't know,No,No,Some of them,Some of them,No,Yes,Don't know,No,Better awareness programs needed.
3609,2024,24,Female,United States,No,No,No,Sometimes,100-500,No,Yes,Don't know,Yes,Don't know,Yes,Don't know,Don't know,No,No,Yes,Some of them,No,No,No,No,
3610,2023,45,Female,Netherlands,No,No,Yes,Often,26-100,No,Yes,No,Don't know,Don't know,Don't know,Don't know,Somewhat difficult,Maybe,No,Some of them,No,Maybe,Maybe,Yes,No,Better awareness programs needed.
3611,2019,34,Male,United States,No,Yes,Yes,Often,26-100,No,Yes,No,No,Yes,Yes,Yes,Don't know,Yes,No,Some of them,No,No,Maybe,Yes,No,Glad to see more companies taking this seriously.
3612,2023,33,Male,United States,No,No,No,Never,6-25,Yes,No,Yes,Don't know,No,No,Don't know,Somewhat difficult,Yes,No,Some of them,No,No,Maybe,Don't know,No,Remote work has been a double-edged sword.
3613,2024,18,Female,United States,No,No,No,Sometimes,More than 1000,No,Yes,Yes,Don't know,Yes,Yes,Yes,Very difficult,Maybe,Yes,No,Yes,Maybe,No,Yes,No,Management needs training on mental health.
3614,2024,40,Female,Canada,No,No,No,Rarely,26-100,Yes,Yes,No,Yes,No,Don't know,Don't know,Somewhat difficult,No,Maybe,No,No,No,Maybe,Don't know,No,We have EAP but nobody talks about it.
3615,2022,27,Male,United States,No,No,No,Never,More than 1000,No,Yes,Don't know,Don't know,No,No,Don't know,Don't know,Yes,No,No,No,No,Maybe,Don't know,No,
3616,2020,23,Female,United Kingdom,No,No,No,Never,26-100,Yes,Yes,No,Don't know,Don't know,Yes,No,Somewhat easy,No,No,No,Yes,No,Yes,Don't know,Yes,
3617,2019,21,Non-binary,United States,No,No,Yes,Sometimes,26-100,No,Yes,Yes,Don't know,No,No,Don't know,Very difficult,No,Maybe,Some of them,No,No,No,No,No,
3618,2023,27,Female,United States,No,Yes,Yes,Rarely,500-1000,Yes,No,Yes,Yes,No,Yes,Don't know,Somewhat difficult,No,Yes,Yes,No,Maybe,No,Yes,No,
3619,2019,34,Other / Prefer not to say,United States,No,No,No,Rarely,26-100,Yes,Yes,Don't know,No,No,No,Don't know,Somewhat easy,No,No,No,No,No,Maybe,No,No,
3620,2023,40,Male,Germany,No,Yes,No,Often,100-500,Yes,No,Yes,Don't know,No,No,No,Somewhat easy,Maybe,Yes,Some of them,No,No,No,No,No,Management needs training on mental health.
3621,2024,34,Male,United States,No,Yes,Yes,Sometimes,100-500,No,Yes,Yes,Yes,Yes,No,Don't know,Somewhat easy,No,No,No,No,No,No,Don't know,No,Management needs training on mental health.
3622,2019,27,Male,India,No,No,No,Never,6-25,Yes,No,Don't know,No,Don't know,No,No,Very difficult,Maybe,No,Some of them,No,No,No,Don't know,Yes,Better awareness programs needed.
3623,2023,30,Male,Germany,No,No,Yes,Often,500-1000,No,Yes,Yes,No,Don't know,Yes,Don't know,Don't know,Yes,No,Yes,Yes,Maybe,Maybe,Yes,No,
3624,2019,33,Non-binary,United States,Yes,No,No,Rarely,6-25,Yes,Yes,No,Don't know,Don't know,No,Don't know,Somewhat difficult,Yes,Maybe,Some of them,No,No,No,Don't know,No,
3625,2022,40,Male,Canada,No,No,Yes,Often,More than 1000,Yes,Yes,Don't know,Yes,Don't know,Yes,No,Somewhat difficult,Maybe,No,No,No,No,No,Don't know,No,
3626,2024,29,Male,United States,No,No,Yes,Never,500-1000,No,Yes,Yes,Don't know,Yes,Yes,Don't know,Somewhat easy,No,No,No,Yes,No,Yes,Don't know,No,
3627,2020,40,Male,United Kingdom,No,No,No,Rarely,100-500,No,Yes,No,Yes,Yes,Yes,Yes,Don't know,No,No,Yes,No,No,Maybe,Don't know,Yes,
3628,2023,51,Male,United Kingdom,Yes,Yes,Yes,Rarely,100-500,No,Yes,Don't know,Yes,No,No,Don't know,Don't know,No,No,Yes,No,No,Yes,Yes,No,
3629,2024,28,Male,United States,Yes,No,Yes,Sometimes,500-1000,Yes,Yes,Don't know,Don't know,Yes,Yes,Yes,Somewhat difficult,No,No,No,Yes,No,Yes,No,No,HR resources are available but rarely used.
3630,2021,29,Male,United States,No,No,No,Sometimes,More than 1000,Yes,Yes,Don't know,Yes,Yes,Yes,Don't know,Somewhat easy,No,No,No,Yes,Maybe,Maybe,Yes,Yes,Better awareness programs needed.
3631,2021,38,Male,United States,Yes,Yes,No,Sometimes,1-5,No,Yes,No,Don't know,No,Don't know,No,Don't know,No,Maybe,No,Some of them,No,No,Yes,No,Anonymous reporting would increase participation.
3632,2020,22,Female,United States,No,No,Yes,Sometimes,500-1000,Yes,Yes,No,Don't know,Yes,Yes,No,Somewhat easy,Yes,No,Some of them,Some of them,Maybe,No,Don't know,Yes,
3633,2019,26,Male,France,No,No,No,Rarely,1-5,Yes,Yes,Don't know,Yes,No,Yes,Don't know,Somewhat easy,No,Maybe,Some of them,Yes,No,Yes,Don't know,Yes,Management needs training on mental health.
3634,2020,42,Male,United States,No,No,Yes,Often,More than 1000,Yes,Yes,No,Don't know,No,No,Don't know,Very easy,Yes,No,No,No,Maybe,No,Don't know,No,Burnout is rampant in my team.
3635,2022,23,Male,United States,No,No,Yes,Sometimes,500-1000,Yes,Yes,Yes,Don't know,Yes,Don't know,Yes,Somewhat difficult,Yes,Maybe,Some of them,No,No,Yes,Yes,No,Management needs training on mental health.
3636,2021,18,Male,United Kingdom,No,Yes,Yes,Sometimes,100-500,Yes,Yes,Yes,Yes,No,Yes,Yes,Don't know,No,No,Some of them,Some of them,Maybe,Yes,Yes,Yes,Glad to see more companies taking this seriously.
3637,2023,32,Male,Other,No,No,Yes,Often,6-25,No,Yes,No,No,No,No,Don't know,Somewhat difficult,Yes,No,No,Some of them,No,No,Yes,No,
3638,2023,33,Female,United States,No,No,No,Sometimes,1-5,No,No,No,Don't know,Yes,Yes,No,Somewhat difficult,No,No,Yes,Some of them,No,No,No,No,Anonymous reporting would increase participation.
3639,2022,18,Female,United Kingdom,No,No,No,Never,500-1000,No,Yes,Yes,Yes,Yes,Yes,Yes,Somewhat easy,No,Yes,Some of them,No,No,Yes,No,No,Anonymous reporting would increase participation.
3640,2019,27,Male,United States,No,No,Yes,Sometimes,6-25,Yes,Yes,Don't know,Yes,Yes,No,No,Very difficult,No,No,Yes,Some of them,No,Maybe,Don't know,No,Remote work has been a double-edged sword.
3641,2023,20,Female,Germany,No,Yes,Yes,Often,100-500,Yes,Yes,No,Yes,Yes,Don't know,Yes,Somewhat difficult,Maybe,Maybe,Yes,Some of them,No,No,Yes,Yes,Leadership support makes all the difference.
3642,2021,28,Male,United States,No,No,Yes,Often,More than 1000,Yes,Yes,No,Yes,Yes,Yes,Don't know,Very difficult,Maybe,Maybe,Yes,Yes,No,Yes,Don't know,No,Management needs training on mental health.
3643,2024,31,Female,United States,No,No,No,Rarely,26-100,Yes,No,Don't know,No,No,Don't know,No,Somewhat difficult,Maybe,No,No,No,No,No,Yes,No,Leadership support makes all the difference.
3644,2024,26,Male,United States,No,No,No,Rarely,100-500,Yes,Yes,Don't know,Don't know,Yes,Don't know,Yes,Somewhat difficult,No,Yes,Some of them,No,No,Maybe,Yes,No,
3645,2019,31,Female,United States,No,No,No,Never,1-5,Yes,No,No,No,No,No,No,Somewhat difficult,Maybe,Yes,No,No,Maybe,Yes,No,No,
3646,2024,21,Male,United States,Yes,No,Yes,Sometimes,More than 1000,Yes,No,No,Yes,Yes,No,Yes,Somewhat easy,No,No,Yes,No,Maybe,No,Don't know,No,Open conversations help reduce stigma.
3647,2020,18,Male,United States,Yes,No,No,Rarely,26-100,Yes,No,No,No,No,No,No,Somewhat difficult,Yes,No,Yes,Yes,No,Maybe,Yes,Yes,Glad to see more companies taking this seriously.
3648,2023,29,Male,Germany,Yes,No,No,Never,100-500,Yes,Yes,Yes,Yes,No,No,Don't know,Very easy,No,Yes,No,No,No,No,Don't know,No,Management needs training on mental health.
3649,2022,25,Female,United Kingdom,No,No,No,Rarely,500-1000,Yes,Yes,Yes,Yes,Don't know,No,Don't know,Don't know,No,Maybe,No,Yes,Maybe,No,Yes,No,Stigma is still a major issue in my workplace.
3650,2022,22,Male,United States,No,No,No,Sometimes,100-500,Yes,Yes,Yes,Don't know,Don't know,Yes,No,Very difficult,Yes,No,No,Yes,No,No,Yes,No,Better awareness programs needed.
3651,2023,33,Male,United States,No,No,No,Sometimes,26-100,No,Yes,Yes,Yes,Don't know,No,Don't know,Somewhat difficult,Yes,Maybe,Yes,No,No,Yes,Yes,No,
3652,2022,42,Male,Germany,No,No,Yes,Sometimes,26-100,No,No,No,No,Don't know,Don't know,Don't know,Somewhat easy,No,No,Some of them,No,No,No,Yes,No,We have EAP but nobody talks about it.
3653,2022,26,Male,United States,No,No,No,Never,100-500,No,No,Don't know,No,Yes,Yes,No,Somewhat difficult,Yes,No,No,Some of them,No,Maybe,Yes,No,
3654,2021,27,Female,Canada,No,Yes,Yes,Often,100-500,Yes,No,Yes,No,No,Don't know,Don't know,Somewhat easy,No,No,No,Yes,Maybe,Maybe,Yes,No,We have EAP but nobody talks about it.
3655,2024,30,Male,United States,No,No,No,Never,More than 1000,No,No,No,Don't know,Don't know,Don't know,Yes,Very difficult,Maybe,No,Some of them,No,Maybe,Yes,Yes,No,Management needs training on mental health.
3656,2023,43,Male,United States,No,No,No,Never,More than 1000,No,Yes,Yes,No,Don't know,Yes,Yes,Somewhat easy,Maybe,No,No,Some of them,No,Maybe,Yes,No,Leadership support makes all the difference.
3657,2021,24,Male,United States,No,No,No,Sometimes,26-100,No,Yes,No,No,No,Don't know,Don't know,Somewhat easy,No,Yes,Yes,No,No,No,No,Yes,Burnout is rampant in my team.
3658,2022,27,Male,Canada,No,Yes,No,Sometimes,1-5,Yes,Yes,No,Don't know,No,Don't know,Don't know,Don't know,Yes,Yes,Some of them,Yes,No,Yes,Yes,No,Open conversations help reduce stigma.
3659,2020,35,Female,France,No,No,Yes,Rarely,More than 1000,No,Yes,Yes,Yes,Yes,No,Yes,Somewhat difficult,No,No,Some of them,Some of them,Maybe,No,Don't know,Yes,Management needs training on mental health.
3660,2022,34,Male,United Kingdom,No,No,Yes,Rarely,6-25,No,No,No,No,No,Yes,No,Somewhat easy,No,No,No,Yes,No,No,Yes,No,Stigma is still a major issue in my workplace.
3661,2020,20,Male,United States,No,No,Yes,Sometimes,100-500,Yes,Yes,Yes,Yes,No,Yes,Yes,Don't know,No,No,Some of them,No,No,Maybe,Don't know,Yes,
3662,2023,37,Male,Other,No,Yes,Yes,Rarely,6-25,Yes,Yes,Don't know,No,No,No,Don't know,Somewhat difficult,Yes,No,No,Yes,No,Maybe,Don't know,No,Burnout is rampant in my team.
3663,2020,25,Male,United States,No,No,No,Rarely,500-1000,Yes,Yes,Yes,Don't know,Yes,Yes,Don't know,Somewhat easy,No,Maybe,Yes,No,Yes,No,Yes,Yes,
3664,2023,18,Male,United States,No,No,No,Never,26-100,Yes,Yes,Yes,No,Don't know,No,Don't know,Somewhat difficult,No,No,Some of them,Some of them,No,Maybe,Don't know,No,
3665,2023,39,Female,India,No,Yes,Yes,Rarely,100-500,Yes,Yes,No,Don't know,Don't know,No,No,Don't know,No,No,Yes,No,No,Yes,No,No,Open conversations help reduce stigma.
3666,2024,30,Male,Other,No,Yes,Yes,Often,500-1000,Yes,Yes,Yes,Yes,No,Yes,No,Don't know,Maybe,No,Some of them,No,Maybe,Maybe,Yes,No,We have EAP but nobody talks about it.
3667,2024,32,Female,United States,No,Yes,No,Never,26-100,No,No,Don't know,Yes,Don't know,Yes,No,Very easy,Yes,No,No,Yes,No,No,Don't know,No,More anonymous support options would help.
3668,2020,32,Male,Germany,No,No,No,Often,6-25,Yes,Yes,Yes,Yes,Don't know,Don't know,Don't know,Somewhat difficult,Yes,No,Some of them,No,No,No,Yes,No,
3669,2024,40,Male,Germany,No,No,No,Never,6-25,Yes,Yes,Yes,Yes,No,No,Don't know,Somewhat difficult,No,Maybe,Some of them,No,Yes,No,Yes,Yes,Open conversations help reduce stigma.
3670,2024,28,Female,United Kingdom,No,No,No,Sometimes,100-500,No,No,Yes,Yes,Don't know,No,No,Somewhat easy,Yes,No,No,No,Maybe,Maybe,No,No,Open conversations help reduce stigma.
3671,2024,18,Female,India,No,No,Yes,Rarely,More than 1000,No,Yes,Don't know,Yes,Yes,No,Yes,Somewhat easy,Maybe,Yes,No,Some of them,Maybe,No,Don't know,No,HR resources are available but rarely used.
3672,2024,20,Male,United States,No,Yes,Yes,Sometimes,More than 1000,Yes,Yes,Don't know,Yes,No,No,Yes,Somewhat difficult,No,No,No,Some of them,Maybe,Maybe,Don't know,Yes,More anonymous support options would help.
3673,2020,31,Male,Brazil,No,No,Yes,Rarely,26-100,No,Yes,No,Don't know,No,Don't know,No,Somewhat difficult,Maybe,Yes,No,Some of them,Maybe,No,Yes,Yes,
3674,2019,39,Male,United States,No,Yes,Yes,Sometimes,6-25,No,Yes,Yes,Don't know,No,No,Yes,Don't know,No,Yes,Some of them,No,No,Yes,No,No,
3675,2023,31,Male,United States,No,Yes,Yes,Often,1-5,Yes,No,No,No,Yes,Don't know,No,Don't know,No,No,No,No,Maybe,No,No,No,HR resources are available but rarely used.
3676,2023,18,Other / Prefer not to say,United Kingdom,No,No,Yes,Sometimes,26-100,Yes,Yes,No,No,No,Yes,No,Somewhat difficult,No,No,Some of them,Yes,Maybe,Maybe,No,No,HR resources are available but rarely used.
3677,2020,31,Male,United States,No,No,No,Often,More than 1000,No,Yes,No,Yes,Yes,Yes,Yes,Somewhat easy,Maybe,No,No,No,No,Yes,No,No,Better awareness programs needed.
3678,2020,43,Male,United States,No,No,No,Never,1-5,Yes,Yes,Yes,Don't know,No,No,No,Somewhat difficult,Maybe,Maybe,Yes,Some of them,Maybe,Yes,No,No,Management needs training on mental health.
3679,2022,37,Male,India,No,No,Yes,Rarely,6-25,Yes,Yes,Don't know,Don't know,No,No,Don't know,Very difficult,Maybe,No,No,Yes,No,Maybe,Yes,No,Anonymous reporting would increase participation.
3680,2019,31,Male,United Kingdom,No,No,Yes,Rarely,26-100,Yes,Yes,No,No,No,No,Yes,Somewhat difficult,No,No,No,Yes,Yes,Maybe,No,No,Glad to see more companies taking this seriously.
3681,2022,26,Male,Australia,No,No,No,Rarely,500-1000,No,Yes,Yes,Yes,No,Don't know,No,Don't know,No,No,Some of them,No,Maybe,Maybe,Yes,Yes,Management needs training on mental health.
3682,2022,41,Male,United States,No,No,Yes,Never,100-500,No,Yes,Yes,Don't know,Don't know,Yes,No,Somewhat difficult,No,No,Some of them,No,No,Maybe,Don't know,No,
3683,2024,33,Male,United States,No,No,No,Rarely,26-100,Yes,Yes,Don't know,Yes,Don't know,No,Don't know,Somewhat easy,No,No,No,No,No,Yes,Don't know,No,Remote work has been a double-edged sword.
3684,2024,38,Female,United States,No,Yes,No,Sometimes,100-500,No,Yes,Yes,Yes,No,Yes,Yes,Somewhat easy,Maybe,No,Some of them,Yes,No,No,Yes,No,Glad to see more companies taking this seriously.
3685,2023,23,Male,United States,No,No,Yes,Sometimes,500-1000,No,Yes,Don't know,Yes,Don't know,Yes,No,Somewhat easy,No,No,No,Some of them,Maybe,Maybe,No,No,
3686,2020,47,Male,United States,No,Yes,Yes,Sometimes,100-500,No,Yes,Yes,No,Yes,Yes,Yes,Don't know,Maybe,No,No,Some of them,No,Maybe,Yes,No,
3687,2024,24,Female,United States,No,No,No,Never,1-5,No,Yes,Yes,No,Don't know,Yes,Yes,Very easy,No,Maybe,Yes,No,No,Yes,Yes,No,
3688,2020,37,Female,United States,No,No,Yes,Sometimes,100-500,Yes,Yes,Yes,Yes,Yes,Yes,Yes,Somewhat difficult,Yes,No,No,No,No,Yes,No,Yes,More anonymous support options would help.
3689,2023,44,Other / Prefer not to say,United States,No,No,Yes,Sometimes,More than 1000,No,Yes,Yes,Don't know,Yes,Don't know,Don't know,Somewhat difficult,Yes,No,Some of them,Yes,Maybe,Maybe,Yes,No,Burnout is rampant in my team.
3690,2022,36,Male,United States,No,Yes,Yes,Sometimes,6-25,Yes,Yes,No,Don't know,No,Don't know,No,Somewhat easy,No,No,No,No,No,No,Don't know,Yes,Anonymous reporting would increase participation.
3691,2020,43,Male,Germany,No,Yes,No,Sometimes,500-1000,No,Yes,Yes,Don't know,No,Yes,Don't know,Somewhat difficult,No,Maybe,Yes,Some of them,No,No,Don't know,No,
3692,2024,18,Other / Prefer not to say,United States,No,No,Yes,Never,1-5,Yes,Yes,Don't know,Don't know,Don't know,Don't know,Yes,Very easy,Maybe,No,Some of them,Some of them,No,No,No,No,HR resources are available but rarely used.
3693,2020,24,Female,Germany,No,No,No,Never,6-25,Yes,Yes,No,No,No,No,No,Somewhat difficult,No,No,No,Yes,No,Maybe,Yes,Yes,
3694,2019,30,Female,United States,No,Yes,No,Never,26-100,Yes,Yes,No,Don't know,Don't know,No,Don't know,Somewhat easy,No,No,Yes,Yes,Maybe,No,Yes,No,Better awareness programs needed.
3695,2023,18,Male,United States,No,No,No,Rarely,More than 1000,Yes,Yes,Yes,No,Yes,Don't know,Don't know,Don't know,Yes,No,Yes,Some of them,No,No,Yes,Yes,Anonymous reporting would increase participation.
3696,2020,26,Male,Netherlands,No,No,Yes,Sometimes,26-100,Yes,Yes,Yes,Yes,Don't know,Don't know,Don't know,Don't know,Maybe,No,No,Yes,Maybe,No,No,No,Glad to see more companies taking this seriously.
3697,2024,22,Non-binary,Netherlands,No,No,No,Rarely,100-500,No,Yes,Yes,Yes,Don't know,No,No,Somewhat easy,No,No,No,Yes,Maybe,Maybe,Don't know,No,
3698,2021,18,Female,United States,No,No,No,Never,100-500,Yes,Yes,Don't know,Yes,No,Don't know,Yes,Somewhat difficult,Maybe,Maybe,Some of them,No,No,No,Don't know,No,
3699,2021,22,Female,United States,No,No,No,Never,100-500,Yes,Yes,Yes,Yes,Yes,No,No,Somewhat easy,Maybe,No,No,No,Maybe,Yes,Don't know,No,Leadership support makes all the difference.
3700,2019,43,Non-binary,United States,No,No,No,Rarely,26-100,Yes,No,Don't know,Don't know,Yes,Yes,Don't know,Don't know,Maybe,No,No,Yes,No,Maybe,Yes,No,
3701,2023,29,Male,United States,No,No,Yes,Sometimes,100-500,Yes,Yes,Yes,Yes,Yes,Don't know,Don't know,Don't know,No,No,No,No,No,Maybe,Yes,No,Anonymous reporting would increase participation.
3702,2022,23,Female,United States,No,Yes,No,Rarely,26-100,Yes,Yes,Don't know,Don't know,No,Don't know,No,Very easy,Maybe,No,Yes,Some of them,Maybe,Maybe,Yes,No,Open conversations help reduce stigma.
3703,2023,27,Male,United States,No,Yes,No,Never,26-100,Yes,Yes,Yes,No,No,No,No,Somewhat easy,Yes,No,No,Yes,Maybe,No,Yes,No,
3704,2024,18,Male,Brazil,Yes,No,No,Sometimes,1-5,Yes,Yes,Don't know,Yes,No,No,Yes,Very difficult,Yes,Maybe,No,No,No,No,Don't know,Yes,Remote work has been a double-edged sword.
3705,2022,32,Male,United States,Yes,Yes,Yes,Sometimes,100-500,No,Yes,Yes,Yes,No,Yes,Yes,Somewhat easy,No,No,Yes,Yes,No,Yes,No,No,
3706,2020,27,Female,United Kingdom,No,Yes,Yes,Often,26-100,Yes,Yes,Yes,Yes,No,No,Don't know,Somewhat easy,Yes,No,Yes,Some of them,No,Maybe,Yes,No,
3707,2024,43,Male,Canada,No,Yes,Yes,Rarely,More than 1000,No,No,Yes,Don't know,No,Yes,No,Somewhat easy,Maybe,Maybe,Some of them,Yes,Maybe,Yes,Yes,No,We have EAP but nobody talks about it.
3708,2021,22,Female,United States,No,No,Yes,Often,6-25,Yes,No,No,No,No,No,Don't know,Very difficult,No,No,Some of them,No,No,No,Don't know,No,Management needs training on mental health.
3709,2023,30,Female,Australia,No,No,Yes,Often,100-500,No,No,No,Don't know,Don't know,Don't know,Don't know,Somewhat easy,No,Yes,No,Yes,Maybe,Maybe,Yes,No,
3710,2020,31,Male,Sweden,No,No,No,Rarely,100-500,No,Yes,Yes,Yes,Don't know,No,Yes,Somewhat easy,No,No,Yes,Yes,No,No,Don't know,Yes,Management needs training on mental health.
3711,2021,30,Male,United States,No,No,No,Rarely,More than 1000,No,Yes,Yes,Yes,Don't know,Yes,Yes,Don't know,Maybe,Maybe,Some of them,No,Maybe,No,Don't know,No,Remote work has been a double-edged sword.
3712,2020,35,Male,Germany,No,No,No,Sometimes,26-100,Yes,No,No,Don't know,No,Don't know,Don't know,Somewhat easy,No,Maybe,Some of them,Some of them,Maybe,No,Yes,No,Burnout is rampant in my team.
3713,2020,30,Male,United States,No,Yes,Yes,Rarely,500-1000,No,Yes,Yes,Yes,Yes,No,Don't know,Somewhat easy,No,Yes,Yes,Yes,Yes,No,Don't know,No,HR resources are available but rarely used.
3714,2019,37,Non-binary,United States,No,No,Yes,Rarely,500-1000,Yes,No,No,Yes,Yes,Yes,No,Somewhat easy,No,No,No,Some of them,No,No,No,No,Remote work has been a double-edged sword.
3715,2024,22,Female,United States,No,No,No,Sometimes,6-25,No,Yes,No,Don't know,Don't know,No,Don't know,Somewhat easy,Yes,Yes,No,Yes,Yes,Maybe,Yes,Yes,Burnout is rampant in my team.
3716,2022,33,Male,Canada,No,Yes,Yes,Sometimes,100-500,No,Yes,No,Don't know,Yes,Don't know,Don't know,Don't know,Yes,No,No,No,Maybe,No,No,Yes,Stigma is still a major issue in my workplace.
3717,2023,31,Male,United States,No,Yes,No,Never,1-5,No,No,No,Don't know,No,Yes,Yes,Somewhat difficult,Maybe,No,No,Some of them,No,Yes,Don't know,No,More anonymous support options would help.
3718,2022,29,Male,United States,No,Yes,No,Rarely,500-1000,Yes,Yes,No,Yes,No,Yes,Don't know,Very easy,Yes,Maybe,Yes,Yes,No,No,Yes,Yes,
3719,2022,22,Female,Other,No,No,No,Rarely,500-1000,Yes,Yes,No,Don't know,Yes,Yes,Yes,Don't know,Maybe,No,Some of them,Yes,Maybe,Maybe,Don't know,No,
3720,2022,18,Female,United States,No,Yes,Yes,Sometimes,6-25,Yes,Yes,Don't know,No,No,Don't know,Yes,Don't know,No,Maybe,No,No,No,Yes,No,Yes,Glad to see more companies taking this seriously.
3721,2022,18,Female,United States,No,No,Yes,Rarely,6-25,No,Yes,Don't know,Don't know,Don't know,No,Don't know,Somewhat difficult,No,No,Some of them,Yes,No,No,No,No,
3722,2022,24,Male,United Kingdom,No,Yes,No,Never,500-1000,Yes,Yes,No,Don't know,Yes,Yes,Yes,Don't know,Yes,No,No,Yes,Maybe,Maybe,Yes,No,Management needs training on mental health.
3723,2023,23,Female,United States,No,Yes,No,Sometimes,6-25,Yes,Yes,Don't know,No,No,Yes,Don't know,Don't know,Maybe,No,No,Some of them,No,No,Yes,No,Management needs training on mental health.
3724,2021,38,Male,United States,No,Yes,No,Rarely,100-500,Yes,No,Yes,No,Yes,Don't know,Yes,Very difficult,No,No,Yes,Yes,Maybe,No,No,No,
3725,2024,40,Male,United States,No,Yes,No,Sometimes,More than 1000,No,No,Yes,Don't know,Yes,Don't know,Yes,Don't know,Yes,No,Yes,Some of them,No,No,Don't know,No,Glad to see more companies taking this seriously.
3726,2022,47,Male,Germany,No,No,Yes,Often,6-25,Yes,No,Don't know,Don't know,No,Don't know,No,Don't know,No,No,Some of them,Some of them,No,No,Yes,No,Stigma is still a major issue in my workplace.
3727,2021,44,Male,United Kingdom,No,Yes,Yes,Sometimes,26-100,Yes,Yes,Don't know,No,No,No,Don't know,Don't know,Yes,No,Yes,Some of them,No,No,Don't know,No,Remote work has been a double-edged sword.
3728,2020,35,Male,Other,No,No,No,Sometimes,6-25,No,No,No,Yes,No,Yes,Don't know,Somewhat easy,No,No,Some of them,Some of them,Maybe,Yes,Yes,Yes,Remote work has been a double-edged sword.
3729,2023,19,Male,Canada,No,Yes,No,Rarely,26-100,No,Yes,Don't know,No,Don't know,No,Don't know,Somewhat difficult,Maybe,No,No,No,Maybe,No,Yes,No,
3730,2023,36,Female,United States,No,No,No,Never,1-5,No,Yes,Don't know,Yes,No,No,Yes,Very difficult,No,Maybe,No,Some of them,No,Yes,Yes,No,Leadership support makes all the difference.
3731,2023,28,Male,United States,No,No,No,Rarely,More than 1000,Yes,Yes,Yes,Yes,No,Yes,Don't know,Don't know,No,No,Yes,No,No,No,No,Yes,Burnout is rampant in my team.
3732,2021,18,Male,United States,Yes,No,No,Never,26-100,No,No,No,No,Don't know,No,Don't know,Somewhat easy,No,No,No,No,Maybe,Maybe,No,No,Glad to see more companies taking this seriously.
3733,2024,44,Male,Netherlands,No,No,No,Rarely,More than 1000,No,Yes,Yes,Yes,No,No,Don't know,Very easy,No,Yes,Some of them,No,No,No,Don't know,No,
3734,2019,34,Male,India,No,No,No,Rarely,100-500,No,Yes,No,Yes,Yes,No,Yes,Somewhat easy,No,Yes,Some of them,No,No,No,Yes,No,We have EAP but nobody talks about it.
3735,2023,37,Male,Germany,No,No,Yes,Sometimes,100-500,No,Yes,Yes,Don't know,Yes,Yes,Don't know,Very easy,Yes,No,No,No,No,Maybe,Don't know,No,Leadership support makes all the difference.
3736,2023,26,Male,United States,No,Yes,No,Sometimes,6-25,Yes,Yes,Don't know,No,Don't know,Don't know,No,Very easy,Maybe,No,No,Some of them,Maybe,No,Yes,No,Burnout is rampant in my team.
3737,2019,22,Male,United States,No,No,No,Rarely,26-100,No,Yes,Don't know,No,Don't know,Don't know,No,Don't know,Maybe,No,Some of them,No,No,Maybe,Don't know,No,Remote work has been a double-edged sword.
3738,2022,22,Male,United States,No,Yes,No,Rarely,26-100,Yes,Yes,No,Yes,Yes,Don't know,Yes,Somewhat difficult,Yes,No,Some of them,Some of them,Maybe,No,Don't know,No,
3739,2021,25,Male,Other,No,Yes,No,Sometimes,6-25,No,No,Yes,Don't know,No,Yes,Don't know,Don't know,No,No,No,Some of them,No,Maybe,Yes,No,
3740,2021,34,Female,Canada,No,Yes,Yes,Rarely,More than 1000,Yes,No,Yes,Yes,Yes,Don't know,Yes,Very difficult,Maybe,No,No,Yes,No,No,Don't know,No,HR resources are available but rarely used.
3741,2019,24,Non-binary,Other,No,Yes,No,Rarely,1-5,No,No,Don't know,No,No,No,No,Don't know,No,No,No,Some of them,No,Maybe,No,No,Burnout is rampant in my team.
3742,2019,51,Male,United States,Yes,No,Yes,Often,100-500,No,Yes,Don't know,Yes,No,Yes,No,Somewhat easy,Maybe,No,No,Yes,No,Yes,No,No,Better awareness programs needed.
3743,2020,34,Male,United States,No,No,No,Never,More than 1000,Yes,Yes,No,No,Don't know,Don't know,Yes,Very easy,No,No,Some of them,No,Maybe,No,Don't know,No,
3744,2021,18,Female,Canada,No,No,Yes,Often,500-1000,No,Yes,Yes,Yes,Yes,Don't know,Yes,Somewhat easy,Maybe,No,Yes,No,Maybe,Yes,Don't know,No,Burnout is rampant in my team.
3745,2020,32,Male,United States,No,No,No,Never,500-1000,Yes,Yes,Yes,Don't know,Yes,No,Yes,Very difficult,Yes,No,No,Some of them,Maybe,Yes,Yes,No,
3746,2024,31,Female,United States,No,Yes,Yes,Sometimes,100-500,No,No,Yes,No,No,No,Don't know,Don't know,Maybe,No,Some of them,Some of them,No,Maybe,Don't know,Yes,Open conversations help reduce stigma.
3747,2021,28,Male,Australia,No,Yes,No,Sometimes,26-100,Yes,Yes,No,No,No,No,No,Very difficult,No,No,No,Some of them,No,No,Don't know,No,Better awareness programs needed.
3748,2020,19,Male,United States,No,Yes,Yes,Sometimes,26-100,No,Yes,No,No,Don't know,No,No,Very easy,No,No,No,Some of them,Maybe,Maybe,Yes,No,HR resources are available but rarely used.
3749,2021,25,Female,United States,No,Yes,Yes,Sometimes,6-25,Yes,Yes,Don't know,No,No,No,No,Very difficult,No,No,No,Yes,Maybe,No,No,No,
3750,2023,31,Female,United States,No,Yes,No,Rarely,6-25,Yes,Yes,Yes,No,No,No,Don't know,Somewhat easy,No,No,Yes,No,No,No,No,Yes,
3751,2020,26,Female,United States,No,Yes,Yes,Sometimes,26-100,No,Yes,No,No,Don't know,No,Don't know,Don't know,No,No,No,Some of them,No,No,Yes,No,
3752,2023,45,Female,Germany,No,Yes,Yes,Never,26-100,Yes,Yes,No,Don't know,Don't know,No,No,Very easy,Yes,Yes,No,Yes,Maybe,No,Don't know,No,Management needs training on mental health.
3753,2024,35,Male,France,No,No,No,Never,26-100,Yes,Yes,Don't know,Don't know,No,No,No,Somewhat easy,Maybe,No,No,Yes,Maybe,Maybe,Yes,No,Better awareness programs needed.
3754,2023,38,Male,Other,No,No,No,Rarely,100-500,No,No,Yes,Yes,No,Don't know,No,Somewhat easy,No,No,Yes,No,No,No,No,No,Better awareness programs needed.
3755,2021,22,Male,Canada,Yes,Yes,No,Never,6-25,No,Yes,Yes,No,No,Don't know,Don't know,Somewhat easy,Yes,No,No,Yes,Yes,No,Don't know,No,
3756,2022,30,Male,United States,No,Yes,No,Rarely,More than 1000,Yes,Yes,Yes,Don't know,Yes,No,Yes,Somewhat easy,Maybe,No,Some of them,No,No,No,No,No,
3757,2022,25,Male,United States,No,No,Yes,Sometimes,500-1000,No,Yes,Yes,No,Yes,Yes,No,Don't know,Yes,No,No,Some of them,No,Maybe,Don't know,No,Remote work has been a double-edged sword.
3758,2019,19,Male,Germany,Yes,No,No,Sometimes,100-500,Yes,No,No,Yes,No,Yes,Don't know,Somewhat easy,Yes,Yes,No,No,No,No,Don't know,No,
3759,2021,34,Male,Netherlands,No,Yes,Yes,Often,26-100,Yes,No,Don't know,No,No,No,Don't know,Somewhat easy,Yes,No,Some of them,Yes,No,No,Yes,No,Management needs training on mental health.
3760,2019,38,Male,India,No,Yes,Yes,Sometimes,1-5,Yes,Yes,Don't know,Don't know,Don't know,Don't know,Don't know,Don't know,Maybe,No,No,Yes,No,No,Don't know,No,HR resources are available but rarely used.
3761,2021,22,Female,Germany,No,No,No,Rarely,26-100,No,Yes,No,Yes,Yes,No,Don't know,Somewhat easy,Maybe,No,Some of them,No,Maybe,Yes,Don't know,Yes,
3762,2024,25,Female,France,No,No,No,Sometimes,500-1000,No,No,Don't know,Yes,Don't know,Yes,Don't know,Somewhat difficult,Maybe,No,Yes,No,Yes,No,Don't know,No,
3763,2024,30,Female,Sweden,No,No,No,Rarely,26-100,Yes,No,No,Don't know,No,Don't know,No,Don't know,Yes,Maybe,No,No,No,Maybe,Yes,No,
3764,2024,19,Female,India,No,No,No,Rarely,500-1000,Yes,Yes,No,No,Don't know,No,Yes,Somewhat easy,No,Maybe,Some of them,Some of them,No,No,No,No,Burnout is rampant in my team.
3765,2022,32,Male,United States,No,No,Yes,Sometimes,26-100,No,No,No,No,Don't know,Yes,Yes,Don't know,Yes,No,Yes,Yes,No,No,Yes,Yes,More anonymous support options would help.
3766,2022,21,Female,United Kingdom,No,Yes,No,Never,100-500,No,Yes,Don't know,Yes,Yes,Don't know,Yes,Somewhat difficult,No,Yes,No,No,No,No,Don't know,Yes,Burnout is rampant in my team.
3767,2022,20,Female,Germany,Yes,No,Yes,Sometimes,100-500,Yes,Yes,Yes,Yes,No,No,No,Somewhat difficult,Yes,No,Some of them,Some of them,Maybe,No,Yes,No,
3768,2022,18,Male,France,No,No,Yes,Often,6-25,Yes,Yes,No,No,Yes,Don't know,No,Somewhat easy,Yes,No,Yes,Yes,Yes,Yes,Don't know,No,Anonymous reporting would increase participation.
3769,2022,18,Female,Netherlands,No,No,No,Rarely,26-100,Yes,No,Yes,No,Yes,Don't know,Yes,Don't know,Maybe,Yes,Some of them,No,Maybe,Yes,Don't know,No,Leadership support makes all the difference.
3770,2020,32,Male,United States,No,No,No,Rarely,26-100,Yes,Yes,Don't know,Don't know,No,No,No,Don't know,Yes,No,Some of them,No,Maybe,Maybe,Don't know,No,More anonymous support options would help.
3771,2023,18,Male,United Kingdom,Yes,No,No,Sometimes,More than 1000,Yes,No,Yes,Yes,Yes,Don't know,Yes,Don't know,No,Maybe,No,No,Yes,No,Yes,Yes,Management needs training on mental health.
3772,2024,18,Male,Australia,No,No,No,Never,26-100,No,Yes,Yes,Don't know,Don't know,No,No,Don't know,Maybe,Maybe,Yes,No,No,No,No,No,Leadership support makes all the difference.
3773,2022,40,Male,United States,No,Yes,Yes,Rarely,500-1000,No,No,Yes,Yes,Don't know,No,Don't know,Don't know,No,No,No,Some of them,No,Maybe,Don't know,No,
3774,2024,29,Male,United States,No,No,No,Sometimes,6-25,Yes,Yes,No,Yes,Yes,No,Don't know,Somewhat easy,Maybe,No,No,Some of them,Maybe,Yes,Yes,Yes,Leadership support makes all the difference.
3775,2024,40,Male,United States,No,Yes,Yes,Sometimes,100-500,Yes,Yes,No,Don't know,Yes,Yes,Yes,Somewhat easy,Yes,No,Some of them,No,No,No,No,No,Better awareness programs needed.
3776,2024,28,Female,Other,No,No,No,Rarely,100-500,No,Yes,Don't know,Yes,Yes,Yes,Don't know,Very easy,No,No,No,No,Maybe,No,Don't know,No,Better awareness programs needed.
3777,2020,39,Male,United States,No,No,Yes,Rarely,26-100,No,Yes,No,No,Yes,Don't know,Yes,Very easy,No,Yes,Yes,No,Maybe,No,Yes,No,Remote work has been a double-edged sword.
3778,2024,23,Male,United States,No,Yes,Yes,Rarely,26-100,No,Yes,No,No,No,Don't know,Yes,Somewhat difficult,Yes,No,Yes,Some of them,Maybe,No,Don't know,No,Remote work has been a double-edged sword.
3779,2023,31,Female,Other,No,No,Yes,Often,6-25,Yes,Yes,Don't know,Yes,No,Yes,No,Somewhat difficult,Yes,No,No,Some of them,No,Yes,Yes,Yes,
3780,2020,24,Other / Prefer not to say,Canada,No,No,Yes,Sometimes,26-100,Yes,No,Don't know,Yes,Yes,No,No,Somewhat easy,Yes,Maybe,No,No,No,Yes,No,No,Stigma is still a major issue in my workplace.
3781,2024,27,Female,United States,No,No,No,Sometimes,26-100,Yes,Yes,No,Don't know,No,No,Yes,Somewhat easy,Maybe,Maybe,Some of them,Yes,No,Maybe,Don't know,No,Remote work has been a double-edged sword.
3782,2023,21,Male,United States,Yes,No,No,Sometimes,6-25,No,Yes,Yes,No,No,No,Yes,Very difficult,Yes,Maybe,No,Some of them,Maybe,No,Don't know,No,
3783,2021,32,Male,United States,No,Yes,No,Never,26-100,No,No,Don't know,No,No,No,Yes,Somewhat easy,Maybe,Maybe,No,No,No,Yes,Don't know,No,
3784,2024,38,Other / Prefer not to say,United States,No,No,Yes,Often,6-25,No,No,Don't know,No,No,No,Don't know,Somewhat difficult,Yes,No,No,Yes,Maybe,Maybe,No,No,
3785,2019,30,Female,Other,No,No,No,Never,6-25,No,No,Yes,No,Don't know,Yes,Don't know,Very difficult,No,No,Some of them,No,No,Yes,No,No,
3786,2022,26,Male,United Kingdom,No,Yes,Yes,Often,More than 1000,Yes,Yes,Yes,No,Don't know,No,Don't know,Somewhat easy,No,No,Yes,Some of them,No,No,Don't know,Yes,
3787,2022,41,Female,United States,No,Yes,No,Never,6-25,Yes,Yes,Yes,No,Yes,Don't know,Don't know,Somewhat easy,No,No,Some of them,Some of them,No,Yes,Don't know,Yes,Anonymous reporting would increase participation.
3788,2023,38,Male,India,No,Yes,Yes,Sometimes,More than 1000,Yes,Yes,Yes,Don't know,Yes,Yes,No,Somewhat difficult,Yes,Maybe,Some of them,No,No,No,Don't know,No,
3789,2019,32,Male,United Kingdom,No,No,Yes,Rarely,1-5,No,Yes,Yes,No,Don't know,No,Don't know,Somewhat easy,Yes,No,Yes,No,No,No,No,No,Leadership support makes all the difference.
3790,2020,24,Female,United States,Yes,No,No,Sometimes,26-100,Yes,Yes,No,No,No,No,No,Somewhat easy,Maybe,No,Some of them,Yes,No,Maybe,Don't know,No,
3791,2022,31,Female,United States,No,No,Yes,Sometimes,More than 1000,No,Yes,Yes,Yes,Yes,Yes,Yes,Somewhat difficult,No,No,Yes,Some of them,No,Yes,Don't know,No,We have EAP but nobody talks about it.
3792,2024,30,Male,United States,No,No,No,Rarely,26-100,Yes,Yes,Don't know,Don't know,No,No,Yes,Don't know,Maybe,No,No,Yes,Maybe,No,Yes,No,HR resources are available but rarely used.
3793,2022,34,Non-binary,United States,No,Yes,No,Never,26-100,No,Yes,Don't know,Don't know,No,Don't know,Don't know,Very difficult,No,No,Some of them,No,No,No,No,No,
3794,2022,22,Female,United States,No,No,Yes,Sometimes,26-100,Yes,Yes,Don't know,Yes,No,Don't know,Yes,Somewhat easy,No,No,Yes,Some of them,No,Yes,Don't know,Yes,
3795,2022,28,Male,Netherlands,No,No,Yes,Sometimes,More than 1000,Yes,Yes,Yes,Don't know,Don't know,Don't know,Don't know,Somewhat easy,No,Maybe,Yes,No,No,Maybe,Don't know,No,
3796,2023,32,Male,Other,No,No,Yes,Sometimes,26-100,Yes,Yes,Don't know,Don't know,Don't know,Don't know,Don't know,Very difficult,Yes,No,Some of them,No,Maybe,Maybe,Yes,No,HR resources are available but rarely used.
3797,2024,49,Male,Australia,No,No,Yes,Sometimes,500-1000,Yes,No,Don't know,Yes,Yes,Yes,Don't know,Somewhat difficult,No,No,Some of them,Yes,No,Yes,Don't know,No,Open conversations help reduce stigma.
3798,2021,38,Non-binary,United States,No,No,No,Never,500-1000,Yes,No,Yes,Don't know,Yes,No,Yes,Somewhat difficult,Maybe,Maybe,No,No,Maybe,No,Yes,Yes,
3799,2023,35,Male,United States,No,No,No,Never,100-500,Yes,Yes,Yes,Don't know,Yes,Yes,Don't know,Don't know,Maybe,No,No,Some of them,Maybe,No,Don't know,No,Stigma is still a major issue in my workplace.
3800,2024,30,Non-binary,United Kingdom,No,Yes,No,Never,More than 1000,Yes,No,Yes,Yes,Don't know,Don't know,Yes,Don't know,Maybe,No,Yes,No,No,Maybe,Yes,No,HR resources are available but rarely used.
3801,2024,18,Female,United Kingdom,No,No,No,Never,6-25,No,Yes,No,No,No,Don't know,No,Somewhat easy,Maybe,No,No,Yes,No,Yes,Don't know,No,
3802,2023,46,Female,France,No,No,No,Never,26-100,Yes,Yes,Don't know,No,Yes,No,No,Very easy,No,No,Yes,Yes,No,Yes,No,Yes,
3803,2024,22,Female,Ireland,No,No,No,Never,6-25,Yes,Yes,Don't know,Yes,Don't know,No,Yes,Don't know,Maybe,No,Yes,No,Maybe,No,No,No,Glad to see more companies taking this seriously.
3804,2023,38,Male,Netherlands,No,No,Yes,Rarely,More than 1000,Yes,Yes,Don't know,No,No,Yes,Don't know,Somewhat easy,Yes,No,No,No,No,Maybe,Don't know,No,Leadership support makes all the difference.
3805,2024,18,Female,United States,No,Yes,Yes,Often,26-100,No,Yes,Don't know,Don't know,Don't know,No,Yes,Somewhat easy,No,No,Yes,Yes,No,No,No,No,Glad to see more companies taking this seriously.
3806,2019,29,Female,United States,No,Yes,No,Never,6-25,No,Yes,Yes,Don't know,No,No,Yes,Don't know,No,No,Some of them,Some of them,Maybe,No,Yes,Yes,Stigma is still a major issue in my workplace.
3807,2023,18,Male,United States,No,No,Yes,Rarely,100-500,Yes,Yes,Yes,Don't know,No,Yes,Don't know,Very difficult,Maybe,No,Yes,Some of them,No,Maybe,No,No,We have EAP but nobody talks about it.
3808,2021,51,Male,United States,No,No,No,Sometimes,More than 1000,Yes,Yes,Yes,No,Don't know,Yes,Don't know,Somewhat easy,Maybe,Maybe,Yes,Some of them,No,Maybe,Yes,No,Burnout is rampant in my team.
3809,2024,42,Male,Canada,No,No,Yes,Rarely,More than 1000,Yes,No,Yes,Don't know,Yes,Don't know,Don't know,Somewhat easy,Maybe,No,No,Yes,No,Maybe,No,No,
3810,2019,33,Other / Prefer not to say,United Kingdom,No,Yes,No,Never,6-25,No,Yes,No,Don't know,Don't know,No,Yes,Somewhat difficult,Maybe,Maybe,No,No,No,Maybe,Don't know,No,We have EAP but nobody talks about it.
3811,2019,30,Non-binary,United States,No,Yes,Yes,Sometimes,500-1000,Yes,Yes,Yes,No,No,Don't know,No,Somewhat difficult,No,Maybe,No,No,No,No,Yes,Yes,
3812,2020,29,Male,United Kingdom,No,Yes,Yes,Sometimes,100-500,Yes,Yes,Yes,Yes,Don't know,Don't know,No,Somewhat difficult,Maybe,Yes,No,Some of them,No,No,No,No,
3813,2022,27,Female,Australia,Yes,No,No,Rarely,26-100,No,Yes,Yes,Yes,Yes,No,No,Don't know,Maybe,Maybe,Some of them,Some of them,No,No,No,Yes,More anonymous support options would help.
3814,2020,18,Male,United Kingdom,No,No,Yes,Rarely,500-1000,No,Yes,Yes,Yes,Don't know,Yes,Yes,Somewhat easy,No,No,Some of them,No,No,No,No,No,HR resources are available but rarely used.
3815,2024,36,Male,United States,No,No,Yes,Sometimes,100-500,Yes,No,Yes,No,Don't know,No,Don't know,Don't know,Maybe,No,No,Some of them,Yes,No,Yes,No,Anonymous reporting would increase participation.
3816,2019,28,Male,Other,No,No,No,Never,26-100,No,Yes,No,Don't know,No,Don't know,No,Very difficult,Yes,No,Some of them,Yes,Maybe,No,Yes,No,
3817,2022,43,Male,Ireland,No,Yes,Yes,Often,26-100,No,Yes,No,Don't know,No,Don't know,No,Somewhat easy,Yes,No,Some of them,No,No,Maybe,Don't know,Yes,Management needs training on mental health.
3818,2021,30,Male,United States,Yes,No,No,Rarely,500-1000,Yes,No,Yes,Don't know,Don't know,No,Don't know,Somewhat easy,Yes,Maybe,Some of them,No,Yes,Maybe,Don't know,No,Remote work has been a double-edged sword.
3819,2022,32,Non-binary,Canada,No,No,No,Rarely,100-500,Yes,Yes,Yes,Yes,Don't know,Don't know,Yes,Somewhat difficult,No,No,Yes,No,No,No,Don't know,No,Leadership support makes all the difference.
3820,2022,31,Male,United States,No,No,Yes,Rarely,More than 1000,No,No,Don't know,Don't know,Yes,Don't know,Yes,Don't know,Maybe,Yes,No,Yes,No,No,Don't know,No,
3821,2022,37,Non-binary,United States,No,No,No,Rarely,6-25,No,No,Yes,Don't know,Don't know,Don't know,Don't know,Don't know,Yes,No,No,Yes,Maybe,Yes,Don't know,No,More anonymous support options would help.
3822,2023,31,Male,United States,No,Yes,Yes,Rarely,1-5,No,No,Yes,Yes,Don't know,No,Yes,Very difficult,No,Yes,Some of them,No,No,No,Yes,No,Anonymous reporting would increase participation.
3823,2024,26,Female,United States,No,Yes,Yes,Sometimes,More than 1000,No,Yes,Don't know,Don't know,Yes,Yes,No,Don't know,Yes,Maybe,Yes,Yes,No,No,No,No,
3824,2021,37,Male,United States,No,No,No,Rarely,100-500,Yes,Yes,Don't know,Yes,Yes,Yes,Yes,Very easy,Maybe,No,Yes,No,No,No,No,No,
3825,2020,34,Male,United States,No,No,Yes,Rarely,26-100,Yes,No,No,No,No,No,Don't know,Somewhat easy,Yes,Maybe,No,No,Maybe,Maybe,Don't know,No,Glad to see more companies taking this seriously.
3826,2020,31,Male,United States,No,No,Yes,Sometimes,26-100,Yes,Yes,Yes,No,Don't know,Don't know,No,Somewhat easy,Maybe,No,Yes,No,Yes,No,Yes,No,
3827,2020,29,Male,United Kingdom,No,No,Yes,Often,1-5,Yes,Yes,Don't know,No,No,No,No,Somewhat easy,Yes,Yes,No,No,No,Maybe,No,No,Anonymous reporting would increase participation.
3828,2023,22,Male,United States,No,No,Yes,Rarely,100-500,Yes,Yes,Yes,Yes,Yes,No,Yes,Don't know,Yes,Yes,No,No,No,No,Yes,No,Anonymous reporting would increase participation.
3829,2023,37,Male,Other,No,Yes,Yes,Sometimes,More than 1000,Yes,No,No,Don't know,Yes,Yes,Don't know,Don't know,Maybe,Yes,No,No,Maybe,Yes,Yes,No,More anonymous support options would help.
3830,2020,47,Female,United Kingdom,No,No,Yes,Sometimes,500-1000,Yes,Yes,Yes,Yes,Don't know,Don't know,Don't know,Don't know,Yes,Maybe,Some of them,Some of them,Maybe,No,Yes,No,
3831,2023,26,Non-binary,United States,No,No,Yes,Rarely,26-100,No,No,Don't know,Don't know,No,No,Yes,Very easy,No,No,Some of them,No,No,Maybe,No,Yes,We have EAP but nobody talks about it.
3832,2022,29,Male,Sweden,No,Yes,Yes,Sometimes,100-500,Yes,Yes,No,Don't know,Yes,No,Don't know,Very easy,Yes,No,No,Some of them,No,No,Don't know,No,Leadership support makes all the difference.
3833,2020,32,Female,United States,No,No,Yes,Sometimes,26-100,No,Yes,Yes,No,Don't know,No,No,Don't know,No,Maybe,No,Yes,No,No,No,Yes,More anonymous support options would help.
3834,2020,27,Male,United States,Yes,No,Yes,Sometimes,26-100,Yes,Yes,No,Don't know,Don't know,No,Don't know,Somewhat easy,Maybe,No,Yes,No,Maybe,Maybe,Don't know,No,
3835,2023,31,Male,United States,No,No,Yes,Sometimes,100-500,No,Yes,Yes,Don't know,No,Don't know,Don't know,Somewhat difficult,Maybe,Yes,No,Yes,Maybe,Yes,Don't know,Yes,
3836,2023,18,Male,United States,No,Yes,No,Sometimes,6-25,No,Yes,No,Yes,Don't know,Yes,No,Don't know,Yes,Maybe,No,Yes,Maybe,Maybe,Don't know,No,
3837,2022,28,Non-binary,United States,No,No,Yes,Often,100-500,No,Yes,Yes,Yes,Yes,Yes,Don't know,Don't know,Yes,No,Some of them,Yes,No,No,Yes,No,Open conversations help reduce stigma.
3838,2021,19,Male,Other,No,No,No,Sometimes,100-500,Yes,Yes,Yes,Don't know,Yes,Don't know,Yes,Very difficult,Maybe,No,Yes,Yes,No,No,No,No,Leadership support makes all the difference.
3839,2023,36,Male,United States,No,No,No,Rarely,6-25,No,No,No,No,No,No,Don't know,Don't know,Yes,No,No,Some of them,Maybe,Yes,Yes,No,More anonymous support options would help.
3840,2024,33,Female,United States,No,Yes,Yes,Sometimes,26-100,Yes,No,Yes,No,Don't know,No,No,Somewhat difficult,No,No,Yes,Some of them,No,Yes,Yes,No,Open conversations help reduce stigma.
3841,2024,44,Non-binary,United States,No,No,No,Sometimes,26-100,No,No,Don't know,Don't know,No,Don't know,Don't know,Don't know,No,No,No,No,Maybe,No,Don't know,No,
3842,2021,34,Male,United Kingdom,No,Yes,Yes,Often,100-500,Yes,Yes,Yes,No,Don't know,Yes,Don't know,Don't know,Maybe,Maybe,Yes,Some of them,Maybe,Yes,Don't know,No,Open conversations help reduce stigma.
3843,2023,24,Male,United States,No,Yes,Yes,Rarely,More than 1000,Yes,Yes,No,No,Yes,Yes,Yes,Somewhat difficult,Yes,Yes,Some of them,Some of them,No,No,Yes,Yes,Glad to see more companies taking this seriously.
3844,2019,30,Male,Other,No,Yes,Yes,Sometimes,100-500,No,No,No,Yes,No,Yes,Yes,Don't know,No,No,No,Yes,No,No,Don't know,No,Stigma is still a major issue in my workplace.
3845,2019,23,Non-binary,United States,No,No,Yes,Often,1-5,No,No,No,Don't know,Don't know,No,No,Don't know,Yes,No,No,Yes,Maybe,No,Yes,Yes,
3846,2023,26,Female,United States,No,No,No,Never,100-500,Yes,Yes,No,Yes,Yes,No,No,Somewhat easy,Maybe,Maybe,Yes,No,No,Yes,Yes,No,Stigma is still a major issue in my workplace.
3847,2023,42,Female,United States,No,No,No,Sometimes,100-500,No,Yes,Yes,Don't know,Yes,Yes,No,Don't know,Yes,No,Yes,Some of them,No,No,No,No,Leadership support makes all the difference.
3848,2024,27,Male,Other,No,No,Yes,Often,More than 1000,No,Yes,Yes,Don't know,Don't know,No,Don't know,Somewhat easy,Maybe,No,No,Some of them,Maybe,Maybe,Yes,Yes,
3849,2023,18,Male,India,No,Yes,No,Never,100-500,Yes,Yes,Yes,No,Don't know,Yes,Yes,Somewhat difficult,No,No,No,No,No,No,Yes,No,HR resources are available but rarely used.
3850,2024,35,Male,Other,No,No,No,Often,More than 1000,No,No,Yes,Yes,No,Yes,Yes,Very easy,Yes,No,Some of them,Some of them,No,No,Don't know,No,HR resources are available but rarely used.
3851,2024,36,Male,India,Yes,No,No,Often,500-1000,No,Yes,No,No,Yes,Yes,Yes,Somewhat difficult,Maybe,No,Yes,Some of them,No,Maybe,Don't know,No,Open conversations help reduce stigma.
3852,2020,27,Female,United States,No,No,No,Rarely,26-100,Yes,Yes,Yes,No,Don't know,No,Don't know,Somewhat difficult,No,Yes,Yes,Yes,No,No,No,No,Leadership support makes all the difference.
3853,2019,35,Female,United States,No,No,Yes,Never,1-5,Yes,Yes,Don't know,No,Don't know,Don't know,No,Don't know,Maybe,No,Yes,No,No,Maybe,Don't know,Yes,Open conversations help reduce stigma.
3854,2021,30,Non-binary,France,Yes,No,Yes,Rarely,100-500,Yes,Yes,Yes,Yes,No,Yes,Don't know,Very easy,No,No,No,No,Maybe,Maybe,Yes,No,
3855,2022,22,Female,United States,No,No,Yes,Sometimes,1-5,No,Yes,No,Don't know,Yes,No,Don't know,Very difficult,No,No,Some of them,No,No,No,Yes,No,
3856,2020,28,Male,Australia,No,Yes,Yes,Rarely,6-25,No,Yes,No,Yes,Don't know,No,Don't know,Very difficult,Maybe,Yes,Yes,Yes,No,Yes,Yes,No,
3857,2020,26,Male,United States,No,No,Yes,Often,6-25,Yes,No,Don't know,No,Don't know,No,Don't know,Somewhat easy,Maybe,No,Some of them,Yes,No,No,No,No,
3858,2022,26,Female,Canada,No,No,Yes,Rarely,26-100,No,Yes,Don't know,No,Don't know,No,Yes,Very easy,Maybe,Maybe,Yes,Yes,Maybe,No,Yes,No,
3859,2022,21,Female,Other,No,No,Yes,Often,26-100,Yes,Yes,No,No,No,No,Don't know,Don't know,No,Yes,No,No,Maybe,No,Don't know,No,
3860,2023,27,Male,United Kingdom,No,Yes,Yes,Rarely,6-25,Yes,Yes,No,Don't know,Don't know,Yes,No,Don't know,No,No,No,No,No,No,Don't know,Yes,Remote work has been a double-edged sword.
3861,2021,27,Female,Brazil,No,Yes,Yes,Often,100-500,No,Yes,No,Don't know,Don't know,Yes,Don't know,Very difficult,No,No,Yes,Yes,No,No,No,No,Glad to see more companies taking this seriously.
3862,2023,18,Male,Ireland,No,Yes,Yes,Sometimes,100-500,No,No,Yes,Yes,Yes,Don't know,Yes,Somewhat easy,Maybe,Maybe,No,No,No,Yes,Yes,No,Better awareness programs needed.
3863,2019,33,Other / Prefer not to say,United Kingdom,No,No,Yes,Sometimes,100-500,Yes,No,Yes,Yes,No,No,Don't know,Don't know,Maybe,Yes,Some of them,Some of them,No,Maybe,Don't know,No,Open conversations help reduce stigma.
3864,2021,40,Male,India,No,No,No,Rarely,100-500,Yes,No,Yes,Don't know,Yes,Yes,Yes,Somewhat difficult,No,No,Some of them,Yes,No,Yes,No,No,HR resources are available but rarely used.
3865,2019,33,Female,United Kingdom,No,No,No,Sometimes,6-25,No,Yes,No,Yes,No,No,No,Somewhat difficult,Yes,No,No,No,Yes,No,Yes,Yes,Leadership support makes all the difference.
3866,2024,41,Male,United States,No,Yes,Yes,Sometimes,100-500,Yes,Yes,Yes,Yes,Yes,No,Don't know,Very easy,Yes,Yes,Some of them,No,Maybe,No,Don't know,No,
3867,2024,39,Female,United States,No,No,Yes,Often,More than 1000,Yes,Yes,Don't know,No,Yes,No,Yes,Somewhat easy,Maybe,No,Some of them,Yes,Maybe,No,No,Yes,Leadership support makes all the difference.
3868,2019,28,Male,United Kingdom,No,No,No,Never,More than 1000,No,Yes,Don't know,Don't know,Yes,No,Yes,Don't know,No,No,No,Yes,No,Yes,No,No,Burnout is rampant in my team.
3869,2021,23,Male,United Kingdom,No,No,No,Sometimes,1-5,Yes,Yes,No,No,No,No,No,Somewhat easy,No,Yes,Yes,No,No,No,Don't know,No,Stigma is still a major issue in my workplace.
3870,2022,26,Male,United Kingdom,No,Yes,No,Often,500-1000,Yes,Yes,Yes,Yes,No,Yes,Yes,Very easy,No,No,No,No,Maybe,No,No,No,Management needs training on mental health.
3871,2024,37,Female,United States,Yes,Yes,Yes,Rarely,26-100,Yes,Yes,Yes,No,Don't know,No,Don't know,Somewhat difficult,No,Maybe,Some of them,No,No,Yes,No,Yes,
3872,2021,35,Male,Netherlands,Yes,Yes,Yes,Often,26-100,Yes,Yes,No,Yes,Don't know,No,Don't know,Somewhat easy,Yes,No,Some of them,No,No,No,Yes,No,
3873,2022,20,Male,United States,No,Yes,Yes,Often,1-5,No,No,No,No,Don't know,No,No,Somewhat easy,No,No,Yes,No,No,Yes,Yes,Yes,More anonymous support options would help.
3874,2022,29,Male,United States,No,No,Yes,Sometimes,100-500,Yes,Yes,Yes,Yes,No,No,Yes,Somewhat easy,Maybe,No,Yes,No,No,No,No,No,
3875,2023,32,Female,United Kingdom,Yes,No,No,Rarely,500-1000,Yes,Yes,Yes,Yes,Don't know,Don't know,Yes,Somewhat difficult,No,No,Some of them,Yes,No,No,Don't know,No,
3876,2019,26,Female,Canada,No,No,No,Never,6-25,No,Yes,Yes,Yes,Don't know,Don't know,Don't know,Somewhat easy,Maybe,Maybe,Some of them,Yes,No,Maybe,Don't know,No,
3877,2024,26,Male,United Kingdom,No,No,Yes,Sometimes,26-100,Yes,No,Yes,No,No,No,Yes,Very difficult,Maybe,No,Yes,No,No,No,Don't know,No,We have EAP but nobody talks about it.
3878,2021,47,Male,Canada,No,No,Yes,Rarely,26-100,No,Yes,Don't know,No,Don't know,Don't know,Yes,Don't know,Maybe,No,No,Yes,No,Maybe,No,No,
3879,2020,33,Non-binary,Other,No,No,Yes,Rarely,100-500,Yes,Yes,No,Yes,No,Yes,Don't know,Don't know,No,Maybe,No,No,No,Yes,Yes,No,
3880,2024,27,Male,United States,No,No,No,Rarely,More than 1000,Yes,Yes,Don't know,Don't know,Don't know,Yes,Yes,Very difficult,No,Maybe,Yes,No,Maybe,No,Don't know,No,Better awareness programs needed.
3881,2019,28,Male,United States,No,No,No,Never,100-500,Yes,Yes,Yes,Don't know,Don't know,Don't know,Don't know,Somewhat easy,No,No,No,No,No,Maybe,Yes,Yes,Stigma is still a major issue in my workplace.
3882,2019,27,Female,United States,Yes,Yes,Yes,Sometimes,26-100,No,No,Yes,No,Yes,No,No,Somewhat easy,Yes,Yes,No,Yes,Maybe,No,No,No,
3883,2022,26,Non-binary,United States,Yes,Yes,Yes,Often,26-100,Yes,Yes,No,No,No,Yes,No,Somewhat easy,No,No,Some of them,No,Maybe,No,Yes,No,We have EAP but nobody talks about it.
3884,2022,32,Female,United Kingdom,No,No,Yes,Sometimes,26-100,No,No,Yes,Don't know,No,Don't know,Yes,Don't know,Maybe,No,Yes,No,No,No,Yes,No,
3885,2021,42,Female,Canada,No,No,No,Sometimes,26-100,No,Yes,Yes,No,No,Don't know,Yes,Somewhat difficult,Yes,No,Yes,Yes,No,No,No,No,Leadership support makes all the difference.
3886,2020,32,Male,Other,No,No,No,Sometimes,6-25,No,Yes,Yes,Don't know,No,Don't know,Yes,Very easy,Maybe,No,Some of them,Yes,Yes,No,Don't know,No,
3887,2024,37,Male,United States,Yes,No,No,Sometimes,6-25,No,Yes,No,No,No,No,No,Don't know,No,Yes,Some of them,Yes,No,No,Yes,No,
3888,2022,25,Female,France,No,No,No,Never,100-500,Yes,Yes,No,Yes,No,Yes,Yes,Very easy,No,No,No,No,No,Maybe,Don't know,Yes,Management needs training on mental health.
3889,2024,34,Female,Canada,No,Yes,No,Rarely,26-100,No,Yes,No,Yes,No,No,Don't know,Very difficult,Yes,No,Some of them,Some of them,Maybe,Yes,Yes,Yes,
3890,2020,35,Female,Other,No,Yes,No,Rarely,More than 1000,Yes,Yes,Yes,No,No,Yes,No,Somewhat easy,No,No,Yes,Some of them,No,Maybe,Yes,No,Leadership support makes all the difference.
3891,2020,56,Male,Other,No,No,No,Never,More than 1000,No,Yes,Yes,Yes,Don't know,Yes,Don't know,Somewhat difficult,No,No,Some of them,No,No,Maybe,Don't know,No,HR resources are available but rarely used.
3892,2024,21,Male,United States,No,No,Yes,Often,100-500,No,Yes,No,No,Yes,Yes,No,Somewhat difficult,Maybe,Yes,Yes,Some of them,Maybe,No,Yes,No,
3893,2021,36,Female,United States,No,No,Yes,Sometimes,100-500,No,Yes,Don't know,Don't know,Yes,Yes,Don't know,Don't know,Maybe,Maybe,No,No,No,Maybe,Don't know,Yes,Remote work has been a double-edged sword.
3894,2020,33,Male,United Kingdom,No,Yes,No,Never,6-25,No,No,No,No,Don't know,No,Don't know,Don't know,Yes,No,Some of them,No,Maybe,Yes,Don't know,No,Burnout is rampant in my team.
3895,2022,40,Female,Other,No,No,No,Never,100-500,No,Yes,Yes,Yes,No,Don't know,Yes,Don't know,No,Maybe,Some of them,No,No,Maybe,Yes,No,
3896,2022,39,Non-binary,United States,No,No,Yes,Sometimes,100-500,Yes,Yes,Yes,Don't know,Don't know,Yes,Don't know,Somewhat easy,Yes,No,Some of them,No,No,Maybe,Don't know,No,HR resources are available but rarely used.
3897,2021,29,Female,United States,No,No,No,Never,26-100,No,Yes,No,No,No,Don't know,Don't know,Very easy,No,No,No,Yes,No,Yes,Yes,Yes,Stigma is still a major issue in my workplace.
3898,2023,18,Male,United States,No,No,Yes,Rarely,26-100,No,Yes,No,No,No,Don't know,No,Don't know,No,No,Some of them,Yes,Maybe,Yes,Yes,No,
3899,2023,32,Male,United States,No,Yes,Yes,Never,26-100,Yes,Yes,Yes,Don't know,Don't know,Don't know,Don't know,Don't know,Maybe,No,No,No,No,No,No,No,
3900,2021,43,Male,Netherlands,No,Yes,No,Sometimes,500-1000,No,Yes,Yes,Yes,No,Yes,Yes,Don't know,No,No,Yes,No,No,Yes,Yes,Yes,
3901,2020,31,Female,Other,No,Yes,Yes,Often,26-100,No,Yes,No,No,Yes,Yes,Yes,Don't know,No,No,Some of them,Some of them,Maybe,No,Yes,No,
3902,2021,34,Male,United States,No,No,Yes,Sometimes,1-5,No,Yes,No,No,No,Yes,Yes,Don't know,Yes,No,Some of them,No,Maybe,No,Don't know,No,
3903,2023,32,Female,India,No,No,No,Rarely,100-500,Yes,Yes,Yes,Yes,Yes,No,Don't know,Very difficult,No,Yes,Some of them,No,No,Maybe,No,No,Glad to see more companies taking this seriously.
3904,2024,42,Female,United States,No,No,Yes,Often,1-5,No,Yes,No,Don't know,Yes,No,No,Don't know,No,No,Yes,Yes,No,Yes,No,No,
3905,2023,23,Male,Ireland,No,No,No,Rarely,6-25,Yes,Yes,No,Don't know,Yes,Don't know,No,Somewhat difficult,Maybe,No,No,Yes,No,No,Yes,No,More anonymous support options would help.
3906,2022,40,Male,Canada,No,No,Yes,Sometimes,500-1000,Yes,No,Don't know,No,Yes,Yes,Yes,Somewhat easy,No,Yes,No,Some of them,Maybe,Maybe,Yes,Yes,
3907,2020,28,Male,United States,No,No,Yes,Often,More than 1000,Yes,No,Yes,Yes,No,Yes,Yes,Somewhat difficult,No,No,Yes,Yes,No,No,Don't know,No,Glad to see more companies taking this seriously.
3908,2024,25,Male,India,Yes,No,Yes,Often,100-500,No,Yes,Don't know,Don't know,Yes,Yes,No,Somewhat easy,No,Yes,Some of them,Yes,Maybe,Maybe,Don't know,No,
3909,2023,26,Male,United Kingdom,No,No,No,Never,26-100,No,Yes,No,Don't know,Yes,No,Yes,Somewhat difficult,Maybe,No,No,Yes,No,Maybe,Yes,No,Open conversations help reduce stigma.
3910,2023,37,Male,United States,No,Yes,No,Sometimes,26-100,Yes,Yes,Don't know,Yes,No,Don't know,Don't know,Don't know,Maybe,No,Some of them,Yes,No,Maybe,Don't know,No,Management needs training on mental health.
3911,2023,28,Male,United States,No,Yes,Yes,Rarely,More than 1000,Yes,Yes,Yes,Yes,No,No,Don't know,Don't know,Yes,No,Yes,Yes,Maybe,Maybe,Don't know,No,
3912,2019,29,Male,United States,No,No,Yes,Rarely,More than 1000,No,No,Yes,No,No,Don't know,Yes,Somewhat easy,Maybe,No,Some of them,Yes,Maybe,Maybe,Don't know,No,
3913,2022,25,Male,United States,No,Yes,Yes,Never,6-25,No,Yes,No,Don't know,Yes,Don't know,No,Somewhat easy,Yes,No,Yes,Yes,No,No,Yes,No,Leadership support makes all the difference.
3914,2022,29,Male,Other,No,No,No,Never,26-100,Yes,Yes,Yes,Yes,No,No,No,Somewhat difficult,No,Maybe,No,No,Maybe,No,Don't know,No,Glad to see more companies taking this seriously.
3915,2021,36,Female,United States,No,Yes,No,Never,100-500,Yes,No,Don't know,Yes,Yes,No,Don't know,Somewhat easy,Yes,No,No,No,Maybe,No,No,No,More anonymous support options would help.
3916,2021,22,Male,United Kingdom,No,No,No,Rarely,100-500,No,Yes,No,Yes,Don't know,Yes,Don't know,Somewhat easy,No,No,Yes,Some of them,Maybe,No,Yes,Yes,
3917,2024,21,Male,United States,No,Yes,Yes,Sometimes,100-500,Yes,Yes,Yes,Yes,No,Yes,Don't know,Somewhat difficult,No,No,Yes,Yes,No,No,Yes,No,Leadership support makes all the difference.
3918,2023,36,Female,United States,No,Yes,No,Rarely,26-100,Yes,Yes,Don't know,Don't know,Don't know,Don't know,Don't know,Somewhat easy,No,No,Yes,Some of them,Maybe,Yes,Yes,No,Glad to see more companies taking this seriously.
3919,2020,25,Male,Australia,No,No,Yes,Sometimes,100-500,No,Yes,No,No,Don't know,No,Don't know,Very difficult,Yes,No,No,Yes,No,No,Yes,No,More anonymous support options would help.
3920,2023,28,Male,United States,No,No,Yes,Often,6-25,Yes,Yes,No,No,Yes,No,Don't know,Don't know,No,Maybe,Yes,Yes,No,Maybe,No,No,Better awareness programs needed.
3921,2021,40,Male,Canada,No,No,Yes,Rarely,100-500,Yes,Yes,No,Don't know,Don't know,Yes,Yes,Don't know,Maybe,Yes,Yes,Some of them,No,No,Don't know,No,Management needs training on mental health.
3922,2021,29,Non-binary,United States,No,No,Yes,Sometimes,100-500,No,Yes,No,Don't know,Yes,Yes,No,Don't know,No,No,Some of them,Yes,No,Yes,No,No,
3923,2019,27,Female,United Kingdom,No,Yes,No,Rarely,26-100,Yes,Yes,Don't know,Yes,Don't know,Don't know,No,Somewhat difficult,No,No,No,Yes,No,No,Don't know,No,Leadership support makes all the difference.
3924,2020,23,Non-binary,Brazil,Yes,Yes,No,Rarely,100-500,No,Yes,Yes,Don't know,Yes,Yes,Yes,Somewhat difficult,Yes,No,No,No,Maybe,No,Yes,Yes,
3925,2023,34,Female,Other,No,No,No,Rarely,100-500,No,No,Yes,Yes,No,Don't know,Don't know,Very easy,No,No,No,Yes,No,No,Don't know,No,More anonymous support options would help.
3926,2019,39,Male,United Kingdom,Yes,No,No,Rarely,26-100,Yes,Yes,No,Don't know,Yes,No,Don't know,Very difficult,No,Maybe,Some of them,Some of them,Maybe,Maybe,Don't know,Yes,Remote work has been a double-edged sword.
3927,2022,27,Other / Prefer not to say,United States,No,Yes,No,Sometimes,26-100,No,Yes,Don't know,Yes,Don't know,No,Yes,Very easy,No,Maybe,No,No,Maybe,Maybe,Don't know,No,
3928,2023,29,Male,United States,Yes,No,Yes,Often,26-100,Yes,No,No,No,No,Don't know,Yes,Don't know,No,Maybe,No,Yes,No,Maybe,Yes,Yes,We have EAP but nobody talks about it.
3929,2020,31,Male,United States,No,No,No,Rarely,1-5,Yes,Yes,Don't know,Don't know,No,Yes,Don't know,Don't know,No,No,Yes,No,Yes,Maybe,Don't know,No,
3930,2024,43,Male,United States,No,No,Yes,Often,6-25,Yes,Yes,Don't know,No,Don't know,Yes,Don't know,Very difficult,Maybe,No,Yes,Some of them,Yes,Maybe,Yes,No,Remote work has been a double-edged sword.
3931,2024,39,Non-binary,United Kingdom,No,No,No,Never,100-500,No,Yes,Don't know,Yes,No,Yes,No,Don't know,No,Yes,Yes,No,No,No,Don't know,Yes,
3932,2022,28,Male,Canada,No,No,No,Never,More than 1000,No,Yes,Yes,Yes,Yes,No,Yes,Very easy,Yes,No,No,No,No,Yes,No,No,Leadership support makes all the difference.
3933,2024,22,Female,United Kingdom,Yes,Yes,No,Often,1-5,No,Yes,Don't know,Don't know,No,Yes,No,Somewhat difficult,Maybe,No,No,No,Maybe,Maybe,Yes,Yes,
3934,2023,31,Female,Other,No,No,No,Never,6-25,Yes,Yes,No,Don't know,No,Yes,Don't know,Somewhat difficult,Yes,Yes,Some of them,No,Maybe,No,No,Yes,Anonymous reporting would increase participation.
3935,2024,35,Male,Australia,No,Yes,No,Never,6-25,Yes,Yes,Yes,No,No,Don't know,Don't know,Somewhat easy,No,No,No,No,No,No,Don't know,No,We have EAP but nobody talks about it.
3936,2024,27,Male,Canada,No,No,No,Often,100-500,No,No,Don't know,Yes,Don't know,No,Don't know,Very easy,Maybe,Yes,Yes,No,Yes,Yes,Don't know,Yes,Stigma is still a major issue in my workplace.
3937,2024,34,Female,United States,No,No,Yes,Rarely,1-5,Yes,Yes,Don't know,No,No,No,Don't know,Very easy,No,No,No,No,Maybe,No,No,No,Glad to see more companies taking this seriously.
3938,2022,29,Male,Netherlands,No,No,No,Rarely,26-100,Yes,Yes,Don't know,No,No,Don't know,Don't know,Don't know,No,No,Some of them,Yes,No,Maybe,No,No,
3939,2022,18,Other / Prefer not to say,Ireland,No,Yes,Yes,Sometimes,100-500,No,No,Yes,Yes,Yes,Yes,Yes,Don't know,No,No,No,Some of them,No,No,Yes,No,
3940,2024,27,Male,United States,No,No,Yes,Rarely,1-5,Yes,Yes,No,No,No,Don't know,Don't know,Very easy,Yes,No,No,Some of them,Maybe,Yes,Don't know,Yes,HR resources are available but rarely used.
3941,2019,25,Female,United States,No,No,Yes,Rarely,6-25,No,No,No,No,No,Don't know,No,Somewhat easy,Yes,Maybe,Yes,Yes,Yes,No,Don't know,No,
3942,2021,29,Non-binary,Germany,Yes,No,No,Sometimes,6-25,No,No,No,Don't know,Don't know,Don't know,No,Somewhat easy,No,No,Yes,No,No,Yes,Yes,No,Leadership support makes all the difference.
3943,2019,26,Female,United States,No,No,Yes,Often,26-100,Yes,Yes,Don't know,Yes,Yes,Yes,No,Somewhat easy,Maybe,No,No,No,No,No,Yes,No,
3944,2024,40,Female,Canada,No,No,No,Rarely,26-100,No,Yes,No,Yes,Don't know,No,Don't know,Don't know,No,No,Some of them,Yes,No,No,No,No,HR resources are available but rarely used.
3945,2022,31,Male,United States,No,Yes,Yes,Sometimes,More than 1000,No,No,No,Don't know,No,Yes,Don't know,Somewhat difficult,No,Maybe,Yes,Some of them,No,No,Don't know,Yes,Management needs training on mental health.
3946,2020,31,Male,United States,No,Yes,No,Sometimes,6-25,No,No,No,Don't know,Don't know,No,Don't know,Don't know,Maybe,No,Some of them,No,No,Yes,Don't know,Yes,Management needs training on mental health.
3947,2021,30,Female,United Kingdom,No,No,No,Never,500-1000,No,Yes,Yes,Don't know,Don't know,Don't know,Yes,Somewhat easy,Maybe,Yes,Some of them,No,Maybe,No,No,Yes,
3948,2023,41,Female,Ireland,Yes,Yes,Yes,Sometimes,26-100,No,Yes,Don't know,No,Don't know,Don't know,Don't know,Somewhat easy,Maybe,No,Yes,Yes,Yes,Maybe,Yes,No,
3949,2019,19,Female,United States,No,No,No,Rarely,1-5,No,Yes,No,Don't know,Don't know,Yes,Don't know,Don't know,Maybe,Yes,Yes,Some of them,Maybe,No,Yes,Yes,Remote work has been a double-edged sword.
3950,2024,21,Male,United States,No,No,Yes,Often,26-100,No,No,Yes,Don't know,No,No,Don't know,Don't know,Yes,Maybe,Yes,Some of them,Yes,No,Don't know,Yes,Management needs training on mental health.
3951,2024,24,Male,Ireland,No,No,Yes,Rarely,100-500,Yes,Yes,Don't know,No,No,Yes,No,Somewhat difficult,Maybe,No,No,Some of them,Maybe,Maybe,Yes,Yes,Stigma is still a major issue in my workplace.
3952,2023,19,Female,United Kingdom,No,Yes,Yes,Sometimes,500-1000,No,No,Don't know,Don't know,No,Don't know,Don't know,Somewhat easy,Yes,Yes,No,No,No,Maybe,Yes,No,
3953,2024,33,Female,United States,No,No,Yes,Sometimes,6-25,No,No,Don't know,No,No,No,Don't know,Don't know,No,No,No,Yes,Maybe,No,No,No,Leadership support makes all the difference.
3954,2022,36,Female,United Kingdom,No,No,No,Rarely,500-1000,Yes,Yes,No,Yes,Yes,Don't know,Yes,Very easy,No,No,Yes,Yes,Maybe,Maybe,Yes,No,
3955,2022,20,Male,United States,No,Yes,No,Often,More than 1000,No,Yes,No,Yes,No,Don't know,Yes,Somewhat easy,No,No,Yes,Some of them,No,Yes,Yes,Yes,
3956,2024,25,Male,Australia,Yes,No,Yes,Sometimes,100-500,Yes,Yes,No,Yes,Yes,Yes,Don't know,Somewhat difficult,No,No,Yes,No,No,No,Yes,No,
3957,2023,35,Male,France,No,No,No,Never,500-1000,Yes,Yes,Yes,No,No,Don't know,No,Don't know,Maybe,Maybe,Yes,No,No,No,Don't know,No,HR resources are available but rarely used.
3958,2020,34,Female,United States,No,Yes,No,Rarely,More than 1000,Yes,Yes,Yes,Don't know,No,Yes,No,Somewhat difficult,No,No,No,No,No,Maybe,Yes,No,Stigma is still a major issue in my workplace.
3959,2023,25,Male,Other,Yes,No,Yes,Never,100-500,Yes,Yes,No,Don't know,Yes,Yes,Don't know,Somewhat difficult,Yes,Yes,Some of them,Yes,No,Yes,Yes,No,Remote work has been a double-edged sword.
3960,2020,20,Female,Netherlands,Yes,Yes,Yes,Rarely,1-5,Yes,No,No,Yes,Yes,No,No,Don't know,Maybe,No,Yes,No,No,Maybe,Yes,No,Stigma is still a major issue in my workplace.
3961,2019,32,Male,United Kingdom,No,No,No,Never,26-100,No,Yes,No,No,No,No,No,Don't know,Maybe,No,No,Yes,Maybe,Yes,No,No,Stigma is still a major issue in my workplace.
3962,2024,30,Male,France,No,No,No,Rarely,1-5,Yes,Yes,Don't know,Yes,No,Don't know,Don't know,Somewhat easy,Yes,No,No,No,No,No,Yes,No,Burnout is rampant in my team.
3963,2022,37,Male,Other,No,Yes,Yes,Often,6-25,Yes,Yes,No,Don't know,Yes,Don't know,Yes,Somewhat easy,Maybe,Maybe,Yes,Yes,Maybe,No,Yes,No,
3964,2021,32,Non-binary,Netherlands,No,Yes,Yes,Rarely,6-25,Yes,Yes,No,Don't know,No,No,Yes,Somewhat easy,Yes,Yes,Some of them,Yes,Maybe,No,Don't know,No,Anonymous reporting would increase participation.
3965,2020,22,Male,United States,Yes,No,No,Sometimes,100-500,Yes,Yes,No,Yes,Yes,Yes,Yes,Very easy,Maybe,Maybe,No,No,No,No,Don't know,No,Anonymous reporting would increase participation.
3966,2020,38,Female,United Kingdom,No,No,No,Rarely,1-5,No,Yes,Yes,No,Don't know,Don't know,Don't know,Very difficult,No,Yes,No,No,No,Yes,No,Yes,
3967,2020,32,Male,Netherlands,No,No,No,Rarely,1-5,Yes,Yes,No,Don't know,Yes,No,No,Don't know,Yes,No,Some of them,Some of them,No,Maybe,No,No,
3968,2020,32,Female,Other,No,Yes,Yes,Often,1-5,Yes,Yes,Yes,Yes,Don't know,No,Yes,Somewhat easy,No,No,Some of them,No,Maybe,No,Don't know,Yes,
3969,2020,27,Male,Australia,No,No,No,Never,100-500,Yes,Yes,Don't know,Yes,Yes,No,No,Don't know,No,Yes,Yes,Yes,Maybe,Yes,Yes,No,Leadership support makes all the difference.
3970,2024,45,Male,Other,No,No,No,Rarely,100-500,No,Yes,Yes,Don't know,Don't know,Yes,Yes,Don't know,Maybe,No,Yes,Some of them,Maybe,Yes,Yes,No,
3971,2022,35,Other / Prefer not to say,United Kingdom,No,Yes,Yes,Sometimes,100-500,No,Yes,No,No,Yes,Don't know,Yes,Somewhat easy,No,No,No,No,No,No,Yes,No,
3972,2024,18,Male,Canada,No,No,No,Sometimes,More than 1000,No,No,Yes,Yes,Yes,Yes,Don't know,Don't know,Yes,Maybe,No,Some of them,No,No,No,No,Remote work has been a double-edged sword.
3973,2022,30,Non-binary,United States,No,No,Yes,Never,More than 1000,Yes,Yes,No,Don't know,No,Don't know,No,Don't know,No,Yes,No,Some of them,No,Maybe,Yes,No,
3974,2022,19,Female,United States,No,No,Yes,Often,500-1000,Yes,Yes,Yes,Yes,No,Don't know,Yes,Don't know,No,Yes,No,No,No,No,Yes,No,Burnout is rampant in my team.
3975,2023,19,Female,United Kingdom,Yes,No,No,Sometimes,500-1000,No,Yes,Yes,Yes,Yes,Don't know,Yes,Don't know,No,No,Some of them,No,No,Yes,No,Yes,Glad to see more companies taking this seriously.
3976,2022,31,Male,United States,No,No,Yes,Often,100-500,Yes,Yes,Yes,Yes,No,No,No,Somewhat easy,Yes,No,Some of them,No,Maybe,Maybe,No,No,
3977,2022,20,Female,United States,No,No,No,Never,100-500,Yes,Yes,Yes,Yes,Don't know,No,Yes,Somewhat easy,Maybe,Yes,Some of them,No,Maybe,Maybe,Don't know,No,
3978,2019,27,Male,United Kingdom,No,No,No,Rarely,More than 1000,Yes,No,Yes,Don't know,Don't know,Don't know,Don't know,Don't know,Yes,No,No,Yes,No,Yes,Don't know,No,
3979,2024,32,Female,United Kingdom,Yes,Yes,Yes,Never,More than 1000,No,No,Don't know,Yes,Yes,No,No,Very easy,Yes,No,Some of them,Yes,Maybe,Maybe,Yes,No,Glad to see more companies taking this seriously.
3980,2022,26,Male,Sweden,No,No,Yes,Rarely,500-1000,Yes,No,Yes,Don't know,Yes,No,Yes,Very difficult,No,No,Yes,Some of them,Yes,Yes,Yes,No,
3981,2024,31,Other / Prefer not to say,Netherlands,No,Yes,Yes,Sometimes,100-500,No,No,Yes,No,Don't know,No,Don't know,Somewhat difficult,Maybe,No,No,Yes,Maybe,No,Yes,No,Anonymous reporting would increase participation.
3982,2022,26,Female,Canada,No,No,No,Rarely,100-500,Yes,Yes,Don't know,Don't know,Don't know,Yes,Yes,Don't know,Yes,Maybe,Some of them,Some of them,No,No,No,No,Anonymous reporting would increase participation.
3983,2021,25,Male,India,Yes,Yes,No,Never,26-100,No,Yes,Yes,No,No,Don't know,No,Somewhat easy,Yes,No,No,No,No,Yes,No,Yes,Remote work has been a double-edged sword.
3984,2022,22,Female,United States,No,Yes,No,Rarely,26-100,Yes,Yes,No,No,Don't know,Don't know,No,Somewhat easy,Maybe,No,Yes,Yes,No,No,Yes,No,Open conversations help reduce stigma.
3985,2023,36,Other / Prefer not to say,Germany,No,No,No,Never,1-5,No,Yes,Yes,No,Don't know,Yes,Don't know,Somewhat difficult,Yes,No,Yes,No,No,No,Yes,No,Remote work has been a double-edged sword.
3986,2021,26,Male,Germany,No,No,Yes,Often,1-5,Yes,Yes,No,Yes,Yes,No,Don't know,Somewhat easy,No,No,No,Some of them,No,Maybe,No,No,Glad to see more companies taking this seriously.
3987,2024,31,Male,United States,No,No,Yes,Often,1-5,Yes,Yes,No,No,No,Yes,Yes,Very easy,Yes,No,Yes,Yes,No,Maybe,Don't know,No,
3988,2021,23,Other / Prefer not to say,United States,Yes,No,No,Rarely,More than 1000,Yes,Yes,Yes,Don't know,Yes,No,No,Somewhat easy,Maybe,Yes,No,Some of them,No,Yes,Yes,No,Remote work has been a double-edged sword.
3989,2019,37,Male,United States,No,No,No,Never,26-100,No,Yes,No,No,No,Don't know,Don't know,Don't know,No,No,No,Yes,No,No,No,No,Open conversations help reduce stigma.
3990,2022,40,Female,Other,Yes,No,No,Sometimes,More than 1000,Yes,No,Don't know,Don't know,No,Yes,Yes,Somewhat easy,No,No,Some of them,No,Maybe,Maybe,Yes,No,Open conversations help reduce stigma.
3991,2019,26,Male,Brazil,No,Yes,Yes,Rarely,500-1000,No,No,No,Yes,No,Yes,Yes,Don't know,No,No,Some of them,Some of them,Maybe,No,Yes,No,More anonymous support options would help.
3992,2023,23,Male,United States,No,No,No,Sometimes,More than 1000,No,No,Yes,Yes,No,Don't know,No,Somewhat difficult,Maybe,No,Some of them,No,No,No,No,No,Open conversations help reduce stigma.
3993,2022,35,Male,Canada,No,Yes,No,Rarely,6-25,Yes,Yes,Don't know,Yes,No,Don't know,Don't know,Somewhat easy,Yes,No,Yes,Yes,No,Yes,Don't know,No,
3994,2023,21,Female,Canada,No,Yes,Yes,Sometimes,100-500,No,Yes,Don't know,Don't know,No,Don't know,Don't know,Somewhat easy,Yes,No,Some of them,Yes,No,Maybe,No,No,Stigma is still a major issue in my workplace.
3995,2020,18,Male,India,No,No,No,Rarely,More than 1000,Yes,Yes,No,No,Yes,Don't know,No,Somewhat difficult,No,No,Some of them,No,Maybe,No,No,No,Management needs training on mental health.
3996,2024,33,Female,United States,No,No,No,Never,100-500,No,Yes,No,Yes,Yes,Don't know,Don't know,Somewhat difficult,No,No,Some of them,No,Maybe,Yes,No,Yes,Leadership support makes all the difference.
3997,2021,24,Male,United Kingdom,No,No,No,Rarely,26-100,No,No,No,Don't know,Yes,Don't know,No,Somewhat easy,No,Maybe,Some of them,Yes,No,No,Yes,No,
3998,2024,28,Female,Ireland,No,No,Yes,Rarely,6-25,No,Yes,Don't know,No,No,No,No,Somewhat difficult,Maybe,No,Yes,Yes,No,Yes,Yes,Yes,Remote work has been a double-edged sword.
3999,2019,33,Female,United Kingdom,No,Yes,Yes,Sometimes,500-1000,Yes,No,Yes,Yes,Yes,Yes,No,Somewhat easy,No,No,Yes,No,No,Yes,Don't know,No,Open conversations help reduce stigma.
4000,2021,44,Male,United States,No,No,Yes,Sometimes,100-500,No,Yes,Don't know,Yes,Yes,Don't know,Don't know,Somewhat easy,Maybe,No,Yes,Yes,No,Maybe,Yes,No,
4001,2020,31,Female,United States,No,No,No,Sometimes,500-1000,No,Yes,No,No,Yes,Yes,Yes,Don't know,Yes,No,Some of them,No,No,Maybe,Don't know,No,We have EAP but nobody talks about it.
4002,2020,25,Male,United Kingdom,No,No,Yes,Rarely,100-500,Yes,Yes,Yes,Don't know,No,Yes,Yes,Somewhat easy,Yes,No,No,No,Maybe,No,Yes,No,
4003,2023,29,Male,United States,No,No,Yes,Sometimes,500-1000,Yes,Yes,Yes,Don't know,Don't know,No,Yes,Don't know,No,No,Yes,Yes,No,No,Don't know,No,
4004,2020,37,Male,United States,No,Yes,Yes,Often,26-100,No,No,Don't know,Don't know,Yes,No,No,Somewhat easy,No,No,Some of them,Yes,No,No,Yes,No,
4005,2022,35,Male,United States,No,No,No,Never,26-100,Yes,No,Yes,Yes,No,No,No,Very easy,No,No,Some of them,Yes,No,Maybe,No,No,Open conversations help reduce stigma.
4006,2019,37,Male,United Kingdom,No,Yes,No,Sometimes,1-5,No,Yes,Don't know,No,Don't know,Don't know,Yes,Somewhat difficult,Yes,No,No,Some of them,No,Maybe,No,No,Leadership support makes all the difference.
4007,2024,37,Male,United Kingdom,No,Yes,No,Sometimes,100-500,No,Yes,Yes,No,No,Don't know,Yes,Don't know,No,No,Yes,Yes,Maybe,No,No,No,Leadership support makes all the difference.
4008,2024,34,Male,United States,No,No,Yes,Sometimes,100-500,No,Yes,No,Yes,No,Yes,Don't know,Don't know,Maybe,No,Yes,No,No,No,Don't know,No,Glad to see more companies taking this seriously.
4009,2020,29,Male,United States,No,Yes,No,Rarely,6-25,No,Yes,No,No,No,Yes,No,Very easy,Yes,No,No,Yes,No,Maybe,Don't know,No,More anonymous support options would help.
4010,2023,37,Male,United States,No,No,No,Never,100-500,No,Yes,Yes,Yes,Don't know,Don't know,Don't know,Very easy,Maybe,No,No,Yes,Maybe,Yes,Yes,No,
4011,2020,28,Female,Germany,No,Yes,No,Never,100-500,No,Yes,Yes,Yes,Yes,No,Don't know,Somewhat easy,No,No,No,No,Maybe,Maybe,Don't know,No,
4012,2019,33,Female,United Kingdom,No,Yes,Yes,Sometimes,More than 1000,Yes,No,Yes,Yes,Yes,Yes,Don't know,Don't know,No,No,Some of them,Some of them,No,No,Yes,No,
4013,2023,31,Male,Other,Yes,No,Yes,Sometimes,100-500,Yes,Yes,No,Don't know,Yes,Don't know,Don't know,Somewhat difficult,Maybe,No,Some of them,Some of them,Maybe,Yes,Don't know,Yes,Better awareness programs needed.
4014,2022,39,Other / Prefer not to say,Canada,No,No,No,Rarely,26-100,No,Yes,No,Yes,Yes,No,Don't know,Somewhat difficult,Yes,No,Some of them,No,Maybe,Maybe,Yes,No,
4015,2024,35,Male,Canada,Yes,No,No,Rarely,500-1000,Yes,No,Don't know,Don't know,Yes,Don't know,Don't know,Very difficult,Maybe,Maybe,Yes,Some of them,No,Maybe,Don't know,No,Management needs training on mental health.
4016,2019,35,Female,Other,No,No,No,Often,6-25,Yes,Yes,Don't know,No,No,Don't know,No,Somewhat difficult,Maybe,No,Yes,Yes,No,No,Don't know,No,We have EAP but nobody talks about it.
4017,2023,35,Male,Australia,No,No,Yes,Often,100-500,No,Yes,Yes,Yes,Yes,Don't know,Yes,Somewhat difficult,Yes,Yes,No,No,Maybe,Maybe,Don't know,No,Better awareness programs needed.
4018,2024,57,Female,France,No,No,No,Rarely,26-100,No,No,Don't know,No,No,Yes,Don't know,Somewhat easy,No,No,Some of them,Yes,Maybe,Yes,Don't know,No,HR resources are available but rarely used.
4019,2022,27,Non-binary,United States,No,No,No,Rarely,26-100,No,Yes,Don't know,Don't know,No,Don't know,Don't know,Don't know,Yes,No,Yes,Yes,No,Yes,Yes,Yes,
4020,2022,22,Female,United States,No,No,Yes,Often,6-25,Yes,Yes,No,Don't know,Don't know,Yes,No,Somewhat difficult,No,No,Yes,No,No,Yes,Don't know,No,Burnout is rampant in my team.
4021,2021,24,Male,United States,No,No,Yes,Often,100-500,Yes,Yes,Yes,Don't know,No,Yes,No,Don't know,No,No,No,No,No,No,Don't know,No,
4022,2024,22,Male,United States,No,Yes,Yes,Often,1-5,No,Yes,Don't know,Yes,Don't know,No,Don't know,Very difficult,Maybe,No,No,No,No,No,Don't know,No,
4023,2022,30,Male,Other,No,Yes,No,Sometimes,6-25,No,Yes,No,Don't know,Don't know,No,No,Somewhat easy,Maybe,Maybe,Yes,No,Maybe,Yes,Don't know,No,HR resources are available but rarely used.
4024,2021,25,Male,Other,No,No,Yes,Sometimes,26-100,No,Yes,Yes,Don't know,No,Don't know,Don't know,Somewhat easy,Yes,No,Some of them,No,No,Maybe,Yes,No,
4025,2023,24,Female,United States,No,No,Yes,Never,500-1000,No,Yes,Yes,Yes,No,Yes,Yes,Somewhat easy,No,No,No,Some of them,Yes,No,Don't know,No,Remote work has been a double-edged sword.
4026,2024,26,Female,United States,No,No,Yes,Sometimes,6-25,No,Yes,No,No,Don't know,Don't know,No,Very easy,Maybe,No,Yes,No,No,Maybe,No,No,Anonymous reporting would increase participation.
4027,2023,26,Female,United Kingdom,No,No,No,Never,26-100,Yes,Yes,Yes,Don't know,Don't know,No,Yes,Somewhat easy,Maybe,No,No,Yes,Maybe,Maybe,No,Yes,Anonymous reporting would increase participation.
4028,2023,43,Female,United States,No,Yes,Yes,Sometimes,500-1000,Yes,No,Don't know,Don't know,No,Don't know,No,Very easy,Maybe,Maybe,Yes,No,Maybe,No,No,No,HR resources are available but rarely used.
4029,2021,26,Male,Australia,No,No,No,Often,100-500,Yes,No,Don't know,Yes,Don't know,Yes,Yes,Somewhat easy,Yes,No,No,Yes,No,Yes,Don't know,Yes,Management needs training on mental health.
4030,2022,29,Male,Other,No,Yes,Yes,Sometimes,26-100,Yes,Yes,No,Don't know,No,No,Yes,Very difficult,Maybe,No,No,No,No,No,Yes,No,Glad to see more companies taking this seriously.
4031,2022,31,Male,United States,No,No,No,Sometimes,100-500,Yes,Yes,Yes,Yes,Yes,Yes,Don't know,Don't know,Yes,No,No,Yes,Maybe,Maybe,Yes,No,
4032,2023,26,Male,United States,No,No,No,Sometimes,More than 1000,Yes,Yes,Yes,No,No,Yes,Yes,Somewhat difficult,Maybe,No,Yes,Some of them,Maybe,Maybe,No,No,Anonymous reporting would increase participation.
4033,2022,32,Male,France,Yes,No,No,Never,More than 1000,No,Yes,No,No,No,Yes,Don't know,Don't know,No,No,Some of them,Yes,No,Yes,Don't know,No,Remote work has been a double-edged sword.
4034,2020,27,Male,Ireland,No,No,Yes,Rarely,26-100,Yes,No,Don't know,No,Don't know,Yes,Don't know,Very easy,Maybe,No,Some of them,Some of them,No,No,Don't know,No,
4035,2024,41,Female,Netherlands,No,Yes,Yes,Sometimes,100-500,Yes,No,No,No,No,Don't know,Yes,Don't know,Yes,No,Yes,No,Maybe,Maybe,No,Yes,Glad to see more companies taking this seriously.
4036,2022,38,Male,Germany,No,No,No,Sometimes,More than 1000,Yes,No,Yes,Yes,Yes,Yes,No,Somewhat easy,No,No,Yes,No,Maybe,Yes,Yes,No,Leadership support makes all the difference.
4037,2021,19,Male,United States,No,No,No,Never,100-500,No,Yes,No,Yes,Yes,Yes,Yes,Somewhat easy,No,No,No,Some of them,No,Maybe,Don't know,No,Leadership support makes all the difference.
4038,2024,37,Male,United States,No,No,Yes,Never,100-500,Yes,Yes,Yes,Yes,Don't know,No,Don't know,Don't know,No,No,No,Yes,Maybe,Yes,Yes,Yes,More anonymous support options would help.
4039,2020,24,Female,Brazil,No,No,No,Rarely,500-1000,Yes,Yes,Yes,Don't know,No,Yes,Yes,Somewhat easy,No,No,No,Yes,No,Yes,Don't know,No,
4040,2024,38,Male,United Kingdom,No,No,No,Sometimes,26-100,No,Yes,No,Yes,Don't know,No,No,Very difficult,No,Yes,Some of them,Yes,No,No,Don't know,Yes,We have EAP but nobody talks about it.
4041,2023,35,Female,India,No,No,Yes,Sometimes,26-100,Yes,Yes,Yes,Don't know,Don't know,Don't know,Don't know,Somewhat easy,Yes,No,Yes,No,No,No,Yes,Yes,Remote work has been a double-edged sword.
4042,2019,22,Male,Canada,No,Yes,No,Never,26-100,No,Yes,No,Yes,No,No,No,Somewhat difficult,No,No,Some of them,Some of them,No,Yes,No,Yes,Better awareness programs needed.
4043,2023,33,Female,Canada,No,No,No,Sometimes,6-25,Yes,No,No,No,No,Don't know,No,Don't know,Maybe,Yes,Some of them,Some of them,No,No,Yes,No,
4044,2020,31,Other / Prefer not to say,Canada,Yes,No,No,Never,26-100,Yes,Yes,No,Don't know,No,Yes,Don't know,Very difficult,No,No,No,Yes,No,Yes,Don't know,No,
4045,2019,38,Male,United States,No,No,No,Never,More than 1000,Yes,Yes,Yes,Yes,Don't know,Don't know,Don't know,Somewhat difficult,Maybe,Maybe,Yes,Some of them,No,No,Yes,Yes,More anonymous support options would help.
4046,2023,21,Female,Germany,No,Yes,Yes,Sometimes,6-25,Yes,Yes,No,No,Don't know,No,Yes,Don't know,No,No,Yes,No,Maybe,Maybe,Don't know,No,Better awareness programs needed.
4047,2023,41,Male,United States,No,Yes,No,Never,100-500,Yes,Yes,Yes,No,No,Don't know,Don't know,Somewhat easy,Maybe,No,Some of them,Yes,No,No,Yes,No,
4048,2024,34,Male,United Kingdom,No,No,Yes,Rarely,100-500,No,Yes,Yes,Yes,No,Yes,Yes,Don't know,No,No,Yes,No,No,Maybe,Don't know,No,
4049,2021,38,Female,United States,Yes,No,Yes,Often,6-25,Yes,Yes,Don't know,No,No,Yes,Yes,Somewhat easy,Yes,No,Yes,Some of them,No,Maybe,Don't know,No,Better awareness programs needed.
4050,2020,28,Female,United States,No,Yes,No,Sometimes,1-5,Yes,Yes,Yes,Yes,No,Yes,No,Somewhat easy,No,No,Some of them,Yes,Maybe,No,Don't know,Yes,
4051,2023,27,Female,United Kingdom,No,Yes,Yes,Never,More than 1000,Yes,No,Don't know,Don't know,Don't know,Don't know,No,Somewhat easy,No,No,No,No,No,Yes,Don't know,No,
4052,2021,28,Male,United States,No,Yes,Yes,Sometimes,6-25,Yes,No,Don't know,Don't know,Don't know,Don't know,Don't know,Somewhat easy,Maybe,No,Yes,No,No,Yes,Don't know,No,Open conversations help reduce stigma.
4053,2021,33,Female,United States,No,Yes,Yes,Sometimes,More than 1000,Yes,Yes,Yes,Yes,Yes,Don't know,Yes,Somewhat difficult,Yes,Maybe,No,No,Maybe,Maybe,Don't know,No,We have EAP but nobody talks about it.
4054,2021,25,Male,Canada,Yes,No,No,Often,100-500,No,Yes,Yes,Don't know,Yes,Don't know,Don't know,Don't know,Yes,No,Yes,Some of them,No,No,No,No,HR resources are available but rarely used.
4055,2024,23,Female,Canada,No,No,No,Rarely,1-5,No,Yes,Don't know,No,Yes,Don't know,Don't know,Don't know,No,No,Yes,No,No,Yes,Yes,Yes,
4056,2023,23,Male,United States,No,Yes,Yes,Sometimes,26-100,No,Yes,Yes,Yes,Don't know,Don't know,Don't know,Don't know,Maybe,No,No,No,Yes,No,Don't know,No,Better awareness programs needed.
4057,2023,31,Male,United States,No,Yes,No,Sometimes,100-500,Yes,No,Don't know,No,Don't know,Yes,Don't know,Don't know,No,No,Some of them,Yes,No,Maybe,No,No,
4058,2021,30,Male,France,Yes,No,Yes,Never,1-5,Yes,Yes,Don't know,No,No,No,No,Very difficult,Maybe,No,No,No,No,No,Don't know,No,
4059,2022,38,Male,Australia,No,No,Yes,Never,100-500,Yes,Yes,No,Yes,Don't know,No,No,Somewhat easy,No,Maybe,Some of them,No,Maybe,Maybe,Yes,No,Anonymous reporting would increase participation.
4060,2023,28,Female,Ireland,No,No,No,Never,More than 1000,No,Yes,Don't know,No,No,Yes,Yes,Somewhat difficult,No,No,Yes,Yes,No,No,Yes,No,
4061,2021,22,Male,India,No,No,No,Rarely,100-500,Yes,Yes,Yes,Yes,No,Yes,Yes,Somewhat difficult,Maybe,No,No,Some of them,No,Maybe,Don't know,No,
4062,2022,46,Male,Other,No,No,No,Never,26-100,Yes,No,Don't know,No,Yes,No,No,Very easy,Yes,No,Some of them,No,No,No,Yes,Yes,Open conversations help reduce stigma.
4063,2024,34,Male,Germany,No,No,Yes,Often,More than 1000,No,No,Yes,Don't know,Yes,Yes,Yes,Very easy,Yes,No,Some of them,Yes,No,No,Don't know,No,Management needs training on mental health.
4064,2021,18,Non-binary,United States,No,No,No,Rarely,26-100,No,Yes,No,Yes,No,Don't know,No,Somewhat difficult,No,No,Yes,Yes,No,Maybe,No,No,
4065,2022,35,Male,United States,No,Yes,No,Never,More than 1000,No,No,Yes,Yes,No,Yes,No,Don't know,Maybe,No,Some of them,No,Maybe,Maybe,Don't know,No,HR resources are available but rarely used.
4066,2021,46,Female,Germany,No,No,No,Rarely,100-500,No,Yes,Yes,Don't know,No,Don't know,Don't know,Somewhat difficult,Yes,No,Some of them,Some of them,No,Maybe,Yes,Yes,
4067,2019,27,Female,Other,No,Yes,Yes,Often,500-1000,No,Yes,Yes,Yes,Don't know,Don't know,No,Don't know,No,No,Yes,No,No,No,No,No,Stigma is still a major issue in my workplace.
4068,2024,23,Male,United States,No,No,No,Rarely,26-100,Yes,No,No,No,No,Don't know,Don't know,Very easy,Maybe,No,No,No,Maybe,No,No,No,We have EAP but nobody talks about it.
4069,2022,33,Female,United Kingdom,No,No,No,Rarely,500-1000,Yes,No,Yes,Don't know,Don't know,No,No,Somewhat difficult,No,No,Some of them,Yes,No,Maybe,Don't know,Yes,
4070,2023,26,Female,United States,No,No,No,Sometimes,More than 1000,No,Yes,Yes,Yes,No,Don't know,Don't know,Somewhat easy,Yes,No,Some of them,No,Maybe,No,Yes,No,
4071,2023,29,Male,United States,Yes,No,Yes,Often,1-5,Yes,Yes,No,No,Yes,No,Don't know,Somewhat easy,Yes,No,Some of them,Some of them,Maybe,No,Yes,No,Anonymous reporting would increase participation.
4072,2019,35,Female,Canada,No,Yes,No,Rarely,100-500,No,No,Yes,Yes,No,No,Yes,Very difficult,No,Maybe,No,No,No,Maybe,Yes,No,
4073,2023,34,Non-binary,United States,Yes,No,Yes,Sometimes,100-500,Yes,Yes,Yes,Yes,Yes,Don't know,Yes,Very difficult,No,Yes,Yes,No,No,No,Yes,No,Glad to see more companies taking this seriously.
4074,2021,22,Female,United States,No,No,Yes,Sometimes,100-500,Yes,Yes,Yes,Don't know,Yes,Don't know,Don't know,Somewhat easy,Maybe,No,Some of them,Yes,Maybe,Yes,No,No,Stigma is still a major issue in my workplace.
4075,2019,25,Male,United States,No,No,No,Rarely,26-100,Yes,No,Yes,No,No,No,Don't know,Very difficult,Yes,No,Yes,No,No,No,Don't know,No,
4076,2022,31,Female,India,No,No,Yes,Often,More than 1000,No,Yes,Yes,Don't know,Yes,No,Yes,Very difficult,Maybe,Maybe,Yes,Yes,No,Maybe,Don't know,No,
4077,2021,20,Male,United Kingdom,No,Yes,Yes,Never,1-5,No,Yes,No,Don't know,No,Don't know,Don't know,Don't know,No,No,Yes,Some of them,Maybe,Maybe,Yes,No,Leadership support makes all the difference.
4078,2021,34,Male,Canada,No,No,No,Never,100-500,Yes,No,Yes,Don't know,Don't know,No,Yes,Very difficult,No,No,No,No,No,Maybe,Don't know,No,Remote work has been a double-edged sword.
4079,2019,18,Male,United States,No,No,No,Never,500-1000,No,Yes,Yes,Yes,No,Yes,Don't know,Don't know,Maybe,No,Yes,No,No,No,Don't know,No,More anonymous support options would help.
4080,2020,31,Female,Canada,No,No,No,Sometimes,100-500,Yes,Yes,Yes,Don't know,Don't know,Yes,Yes,Somewhat difficult,No,No,No,No,Maybe,No,No,No,Remote work has been a double-edged sword.
4081,2020,25,Male,United States,No,No,No,Rarely,100-500,Yes,Yes,Yes,Don't know,No,Yes,Yes,Don't know,Maybe,No,Yes,No,No,Maybe,Yes,No,We have EAP but nobody talks about it.
4082,2022,36,Female,United States,No,No,No,Rarely,500-1000,Yes,Yes,No,Yes,Yes,No,Yes,Somewhat easy,No,No,Yes,Some of them,No,Maybe,No,No,We have EAP but nobody talks about it.
4083,2022,19,Male,United States,No,No,No,Never,26-100,Yes,No,Yes,No,No,No,Don't know,Don't know,Yes,No,No,No,No,No,No,No,
4084,2019,33,Male,Ireland,No,No,No,Rarely,26-100,Yes,No,No,Yes,No,No,Don't know,Somewhat difficult,Maybe,No,No,No,No,No,Yes,No,
4085,2022,18,Female,Canada,No,No,Yes,Never,More than 1000,No,Yes,Don't know,Yes,No,Yes,Yes,Don't know,Maybe,No,Yes,No,No,Maybe,Don't know,No,Management needs training on mental health.
4086,2023,27,Female,United States,No,No,No,Rarely,More than 1000,No,Yes,Yes,No,Yes,Yes,Don't know,Don't know,Maybe,Yes,Some of them,No,No,No,Don't know,No,Better awareness programs needed.
4087,2020,26,Non-binary,India,Yes,No,No,Never,6-25,No,No,Don't know,No,No,No,No,Very difficult,No,No,No,Some of them,Maybe,No,Don't know,No,
4088,2024,18,Male,United States,No,No,Yes,Often,More than 1000,No,Yes,No,Yes,Yes,No,Yes,Very difficult,Maybe,No,No,No,No,No,Yes,No,Stigma is still a major issue in my workplace.
4089,2023,21,Male,United States,No,Yes,Yes,Often,6-25,No,No,No,No,Yes,No,Yes,Somewhat easy,No,No,Yes,Yes,Yes,Yes,Yes,No,Leadership support makes all the difference.
4090,2019,19,Female,United States,No,No,No,Often,More than 1000,No,No,Yes,Yes,Yes,Yes,No,Very difficult,Maybe,No,No,Yes,No,No,No,No,Leadership support makes all the difference.
4091,2022,18,Male,India,No,No,No,Never,1-5,No,No,No,No,No,No,Don't know,Somewhat easy,No,No,No,Yes,No,Maybe,Yes,No,Glad to see more companies taking this seriously.
4092,2024,27,Female,United Kingdom,No,No,No,Sometimes,6-25,Yes,Yes,Yes,Yes,No,Don't know,Yes,Very difficult,No,No,Yes,No,No,Yes,Don't know,No,We have EAP but nobody talks about it.
4093,2020,28,Male,United Kingdom,Yes,No,Yes,Never,100-500,No,No,Yes,No,Don't know,Yes,Don't know,Somewhat difficult,No,Yes,Yes,Some of them,No,Maybe,No,No,More anonymous support options would help.
4094,2020,28,Male,Netherlands,No,No,Yes,Sometimes,6-25,Yes,Yes,Yes,Yes,No,Don't know,Don't know,Somewhat easy,No,No,No,Some of them,No,Yes,Yes,No,Open conversations help reduce stigma.
4095,2021,33,Male,Other,No,No,No,Never,26-100,No,No,No,No,No,No,No,Don't know,No,Maybe,Some of them,Some of them,No,Yes,No,No,
4096,2024,38,Male,United Kingdom,No,Yes,Yes,Often,26-100,Yes,Yes,Don't know,No,No,Yes,Don't know,Somewhat difficult,No,No,No,Yes,Maybe,No,Don't know,Yes,
4097,2021,28,Male,Other,No,No,Yes,Sometimes,26-100,Yes,Yes,No,No,Yes,No,No,Somewhat difficult,Maybe,Maybe,No,No,No,No,Yes,No,Anonymous reporting would increase participation.
4098,2019,42,Male,Canada,No,No,Yes,Often,100-500,No,No,No,Don't know,Yes,Don't know,Yes,Somewhat difficult,Maybe,Yes,No,No,Maybe,No,No,No,
4099,2023,43,Female,United States,No,No,Yes,Never,6-25,Yes,Yes,No,No,Don't know,Don't know,Don't know,Don't know,No,No,No,No,No,No,Don't know,No,Glad to see more companies taking this seriously.
4100,2023,20,Male,United States,No,Yes,Yes,Often,More than 1000,Yes,Yes,Yes,No,Yes,No,No,Very easy,Maybe,No,Yes,Yes,Maybe,No,No,Yes,
4101,2023,18,Male,United States,No,No,Yes,Often,100-500,Yes,Yes,Yes,No,Yes,Don't know,No,Somewhat difficult,Yes,No,Yes,Yes,Maybe,Maybe,Yes,No,Leadership support makes all the difference.
4102,2020,32,Male,United States,No,No,Yes,Rarely,6-25,No,No,No,No,No,Don't know,No,Somewhat easy,Yes,No,Some of them,Some of them,No,No,Don't know,Yes,
4103,2022,32,Male,France,Yes,No,No,Never,More than 1000,Yes,Yes,Yes,Yes,Yes,Yes,Don't know,Somewhat difficult,No,No,No,No,Maybe,No,Don't know,No,Stigma is still a major issue in my workplace.
4104,2020,24,Male,France,No,No,No,Sometimes,100-500,Yes,Yes,Don't know,Yes,No,Don't know,Don't know,Don't know,No,No,Yes,Yes,Maybe,Yes,Yes,No,
4105,2024,44,Female,Australia,No,No,No,Rarely,1-5,Yes,Yes,No,No,Yes,No,Don't know,Somewhat difficult,Maybe,No,No,Yes,No,No,Yes,No,
4106,2023,26,Female,France,No,No,No,Rarely,100-500,Yes,No,Yes,Don't know,No,No,Yes,Somewhat difficult,No,Maybe,Yes,Yes,No,Yes,Yes,Yes,
4107,2023,21,Female,United States,No,No,Yes,Sometimes,1-5,No,Yes,No,Yes,Yes,No,Yes,Somewhat difficult,Yes,No,Some of them,Some of them,No,Maybe,No,No,Management needs training on mental health.
4108,2022,31,Female,United Kingdom,No,No,Yes,Sometimes,500-1000,Yes,Yes,No,Don't know,No,Don't know,Don't know,Somewhat difficult,Maybe,No,Yes,Yes,No,Maybe,Yes,No,Glad to see more companies taking this seriously.
4109,2020,25,Male,United States,No,Yes,No,Sometimes,6-25,Yes,Yes,No,Yes,Yes,No,No,Don't know,Yes,No,Some of them,Yes,No,No,Don't know,Yes,More anonymous support options would help.
4110,2021,36,Female,Other,No,No,No,Never,100-500,Yes,No,No,No,No,Yes,Don't know,Somewhat easy,Yes,Maybe,No,No,Maybe,No,No,No,
4111,2024,35,Male,United States,No,No,Yes,Never,500-1000,No,Yes,Yes,Don't know,No,No,Yes,Somewhat easy,Yes,Maybe,No,Yes,Maybe,Maybe,Yes,No,HR resources are available but rarely used.
4112,2023,26,Male,United States,Yes,No,No,Rarely,100-500,No,Yes,Yes,Yes,No,Don't know,Don't know,Don't know,Yes,No,No,No,Maybe,Maybe,Don't know,No,
4113,2021,35,Male,United States,No,No,No,Never,6-25,Yes,No,Don't know,No,No,Yes,Don't know,Somewhat easy,No,No,No,No,Maybe,Maybe,No,Yes,
4114,2021,38,Male,United States,No,No,Yes,Sometimes,26-100,Yes,Yes,No,Don't know,No,No,No,Somewhat difficult,No,No,Some of them,No,No,Maybe,Don't know,No,
4115,2022,23,Female,United States,No,No,No,Rarely,500-1000,No,Yes,No,Don't know,Yes,Yes,Yes,Very difficult,Yes,No,No,No,No,No,Yes,No,
4116,2023,29,Male,United States,No,Yes,Yes,Rarely,26-100,Yes,Yes,No,Don't know,No,No,Yes,Very difficult,Maybe,No,No,No,No,No,Yes,Yes,HR resources are available but rarely used.
4117,2020,32,Female,Other,No,No,No,Rarely,1-5,Yes,No,No,Yes,Yes,Yes,No,Somewhat difficult,No,No,Yes,Some of them,No,Yes,No,No,
4118,2020,26,Female,United States,No,No,No,Never,6-25,No,Yes,No,No,Yes,No,Yes,Very difficult,No,Yes,Yes,Some of them,No,No,Yes,No,Anonymous reporting would increase participation.
4119,2022,43,Female,United States,No,No,No,Never,1-5,No,Yes,Don't know,No,Yes,Yes,No,Don't know,No,Maybe,No,Yes,Yes,Maybe,Don't know,No,
4120,2020,30,Non-binary,United States,Yes,Yes,Yes,Rarely,6-25,Yes,No,Don't know,Don't know,No,Yes,Don't know,Somewhat easy,No,No,Some of them,Yes,No,No,Don't know,No,
4121,2023,21,Female,Ireland,No,No,No,Sometimes,100-500,Yes,Yes,No,Don't know,Yes,Yes,No,Somewhat easy,No,No,Some of them,Some of them,No,No,Yes,No,
4122,2022,32,Male,India,No,No,Yes,Often,26-100,No,Yes,No,Don't know,No,Yes,Don't know,Somewhat difficult,Maybe,No,No,Some of them,No,Maybe,Yes,No,
4123,2024,29,Male,United States,No,No,Yes,Sometimes,6-25,Yes,Yes,Don't know,Don't know,No,No,No,Somewhat easy,Maybe,No,Some of them,Yes,Yes,No,Don't know,No,
4124,2021,25,Female,United States,No,No,Yes,Rarely,500-1000,No,Yes,Yes,No,Don't know,Yes,Don't know,Somewhat easy,No,No,Yes,No,No,No,Yes,No,Better awareness programs needed.
4125,2022,35,Male,United States,No,No,No,Rarely,6-25,Yes,No,Don't know,Yes,No,No,Don't know,Somewhat easy,No,No,Some of them,Yes,No,Yes,Don't know,No,HR resources are available but rarely used.
4126,2024,31,Male,United States,Yes,No,No,Rarely,26-100,No,Yes,No,No,Yes,Yes,Don't know,Somewhat difficult,Maybe,No,Some of them,Yes,No,No,Yes,No,Better awareness programs needed.
4127,2023,38,Male,United States,No,No,Yes,Sometimes,26-100,No,Yes,No,No,No,No,Yes,Somewhat easy,No,No,Yes,Some of them,No,No,No,No,
4128,2022,32,Female,United States,No,No,Yes,Often,More than 1000,Yes,No,Yes,No,Don't know,Yes,Don't know,Somewhat easy,No,Maybe,No,No,No,Yes,Don't know,No,Open conversations help reduce stigma.
4129,2020,20,Male,United States,Yes,No,No,Rarely,100-500,Yes,Yes,Yes,No,No,Don't know,Don't know,Very difficult,Yes,No,No,Yes,Maybe,Yes,No,No,
4130,2020,29,Female,Germany,No,Yes,No,Sometimes,26-100,Yes,Yes,Don't know,No,Don't know,Yes,No,Somewhat easy,Maybe,No,Yes,Some of them,No,Maybe,No,No,
4131,2023,33,Male,Australia,No,Yes,Yes,Sometimes,More than 1000,No,Yes,Yes,No,Yes,No,Don't know,Somewhat easy,No,No,Some of them,No,No,Maybe,Don't know,No,
4132,2022,23,Male,Australia,No,No,Yes,Rarely,500-1000,No,Yes,Yes,Yes,No,Yes,Yes,Very easy,No,No,Yes,No,Yes,No,Yes,Yes,
4133,2020,30,Female,United States,Yes,Yes,Yes,Never,100-500,No,No,No,Yes,Yes,Yes,Yes,Don't know,Yes,No,Some of them,No,No,Maybe,No,Yes,Remote work has been a double-edged sword.
4134,2022,31,Male,United States,No,No,No,Rarely,6-25,No,Yes,Don't know,No,Don't know,Don't know,No,Somewhat easy,No,No,No,No,No,No,No,No,Remote work has been a double-edged sword.
4135,2019,36,Male,United States,No,No,No,Sometimes,More than 1000,No,Yes,Yes,Yes,Don't know,Yes,Don't know,Don't know,Maybe,No,No,Yes,No,Maybe,No,Yes,Open conversations help reduce stigma.
4136,2023,34,Male,Australia,No,Yes,Yes,Often,More than 1000,Yes,No,No,Don't know,Yes,Yes,Yes,Very difficult,No,Maybe,Yes,Yes,No,Yes,Don't know,No,We have EAP but nobody talks about it.
4137,2022,45,Male,Australia,No,Yes,Yes,Sometimes,More than 1000,No,Yes,Yes,Yes,No,No,Don't know,Somewhat difficult,No,No,Yes,No,No,No,Don't know,No,
4138,2024,32,Male,United States,Yes,No,No,Rarely,100-500,No,Yes,Yes,Yes,Don't know,No,Don't know,Somewhat difficult,Yes,No,Yes,No,No,No,No,Yes,Open conversations help reduce stigma.
4139,2022,35,Male,India,Yes,No,No,Rarely,26-100,No,No,No,No,No,Yes,Don't know,Don't know,No,No,Yes,Yes,No,Yes,Don't know,No,More anonymous support options would help.
4140,2024,26,Female,Other,No,Yes,Yes,Often,1-5,Yes,Yes,No,Yes,No,Don't know,No,Somewhat easy,No,Yes,Yes,Yes,No,Maybe,Yes,No,
4141,2021,34,Male,United States,No,Yes,Yes,Often,500-1000,Yes,No,Don't know,Don't know,Yes,No,Don't know,Somewhat easy,Maybe,Maybe,No,Yes,No,No,Yes,No,Open conversations help reduce stigma.
4142,2021,23,Female,United States,No,No,Yes,Sometimes,100-500,No,Yes,Yes,Don't know,No,No,No,Don't know,Maybe,No,No,Some of them,No,Yes,No,No,Glad to see more companies taking this seriously.
4143,2019,40,Male,United States,No,Yes,No,Rarely,26-100,No,Yes,Yes,Don't know,No,No,Yes,Very difficult,No,Yes,Yes,Some of them,No,No,No,No,
4144,2022,48,Male,India,No,No,No,Often,500-1000,Yes,Yes,Don't know,Yes,Yes,Yes,No,Very easy,Maybe,No,Some of them,No,No,No,Don't know,No,
4145,2023,28,Female,United States,No,Yes,Yes,Sometimes,6-25,No,No,Don't know,No,Don't know,Don't know,Don't know,Very difficult,Maybe,No,Yes,No,No,Maybe,Don't know,No,Anonymous reporting would increase participation.
4146,2020,35,Female,United States,No,Yes,No,Sometimes,100-500,Yes,No,Yes,Yes,No,Don't know,Yes,Somewhat easy,No,No,Some of them,No,Maybe,No,Don't know,No,Anonymous reporting would increase participation.
4147,2023,35,Male,Canada,No,No,No,Rarely,26-100,No,Yes,No,Don't know,Don't know,Yes,Don't know,Don't know,No,No,Some of them,Some of them,Yes,No,Don't know,No,Glad to see more companies taking this seriously.
4148,2024,18,Female,United States,No,No,No,Never,100-500,No,No,No,No,Yes,No,Yes,Somewhat easy,No,Maybe,Some of them,Yes,Maybe,No,No,No,Management needs training on mental health.
4149,2023,40,Female,United States,No,No,Yes,Sometimes,1-5,Yes,Yes,Don't know,Yes,No,No,No,Somewhat easy,No,Maybe,Some of them,No,No,Yes,Don't know,No,Better awareness programs needed.
4150,2020,39,Male,United States,No,Yes,Yes,Sometimes,6-25,Yes,Yes,Yes,Don't know,Don't know,No,No,Don't know,No,No,Some of them,Yes,No,No,Don't know,No,
4151,2022,33,Male,Canada,No,Yes,No,Rarely,100-500,No,Yes,No,Yes,Yes,Yes,Don't know,Very easy,Yes,No,No,No,Maybe,Yes,No,No,
4152,2022,39,Male,United States,No,No,No,Often,100-500,No,No,Don't know,Yes,No,Don't know,Yes,Don't know,Maybe,No,No,Some of them,No,No,No,No,Remote work has been a double-edged sword.
4153,2023,29,Male,Germany,No,No,No,Rarely,26-100,Yes,Yes,Yes,Don't know,No,No,Yes,Don't know,No,Maybe,Some of them,No,No,No,No,No,Remote work has been a double-edged sword.
4154,2020,40,Female,Other,No,Yes,Yes,Rarely,More than 1000,Yes,No,Don't know,Don't know,Yes,Yes,No,Somewhat easy,No,Yes,Some of them,Yes,No,Maybe,Don't know,No,Open conversations help reduce stigma.
4155,2023,23,Male,Canada,No,No,No,Never,More than 1000,Yes,Yes,Yes,Yes,No,No,Yes,Don't know,No,No,No,No,Yes,Yes,No,No,Burnout is rampant in my team.
4156,2020,29,Female,Other,Yes,Yes,No,Rarely,26-100,Yes,Yes,No,Yes,Yes,No,Don't know,Somewhat difficult,Maybe,Maybe,Some of them,Some of them,No,No,Yes,No,Glad to see more companies taking this seriously.
4157,2024,41,Male,United States,No,Yes,No,Sometimes,100-500,No,Yes,Yes,Don't know,No,Yes,Don't know,Don't know,Yes,Yes,Yes,Some of them,No,No,Yes,No,
4158,2022,24,Female,United States,No,No,No,Rarely,More than 1000,Yes,Yes,No,Yes,Yes,Yes,Don't know,Somewhat difficult,Maybe,Yes,Yes,No,Maybe,Maybe,Yes,No,
4159,2024,22,Male,United States,No,No,Yes,Never,More than 1000,No,Yes,Don't know,Yes,Yes,Don't know,Don't know,Don't know,No,No,No,No,No,Maybe,Yes,No,Burnout is rampant in my team.
4160,2020,29,Male,United States,No,No,Yes,Sometimes,26-100,Yes,Yes,No,No,No,No,Don't know,Don't know,Maybe,Maybe,Yes,No,No,No,Don't know,No,Burnout is rampant in my team.
4161,2019,31,Male,United States,No,No,No,Sometimes,6-25,No,No,Yes,Don't know,No,Yes,No,Don't know,Yes,No,Yes,Some of them,No,Maybe,No,Yes,Stigma is still a major issue in my workplace.
4162,2022,33,Male,Australia,No,No,No,Rarely,100-500,Yes,No,Yes,Don't know,No,Don't know,Don't know,Don't know,Maybe,No,Some of them,Yes,Yes,No,Yes,No,
4163,2023,27,Non-binary,United States,No,No,No,Rarely,500-1000,Yes,No,Don't know,Yes,Yes,Don't know,Don't know,Very easy,Yes,No,No,No,No,Yes,No,No,
4164,2020,30,Male,United States,No,No,Yes,Rarely,100-500,No,No,No,Yes,No,Yes,Yes,Somewhat difficult,No,No,Yes,No,No,Yes,Don't know,No,
4165,2021,38,Male,United States,Yes,No,Yes,Sometimes,26-100,No,No,Don't know,No,No,Yes,No,Don't know,No,Maybe,Yes,No,Maybe,No,Don't know,No,More anonymous support options would help.
4166,2021,35,Female,United States,No,No,Yes,Often,26-100,No,No,Yes,Yes,Don't know,No,Don't know,Somewhat difficult,Maybe,No,No,Yes,Maybe,No,Don't know,No,Management needs training on mental health.
4167,2021,24,Male,United States,No,No,No,Never,6-25,Yes,Yes,No,Don't know,Yes,No,No,Somewhat difficult,No,No,Some of them,No,Maybe,No,No,No,Management needs training on mental health.
4168,2022,18,Male,United States,No,Yes,Yes,Rarely,100-500,Yes,No,Don't know,Yes,Yes,Yes,Yes,Very easy,Maybe,Maybe,Some of them,Yes,No,No,Yes,No,More anonymous support options would help.
4169,2020,18,Female,Germany,No,No,Yes,Sometimes,100-500,Yes,Yes,Yes,Yes,No,Yes,Yes,Somewhat easy,Maybe,No,No,Yes,Maybe,Maybe,No,No,We have EAP but nobody talks about it.
4170,2024,32,Female,Canada,Yes,Yes,No,Never,1-5,No,No,No,Yes,Don't know,Don't know,Don't know,Very easy,No,Yes,Some of them,No,No,No,Yes,No,HR resources are available but rarely used.
4171,2020,18,Female,United States,No,No,No,Never,100-500,Yes,No,Yes,Yes,No,Yes,Don't know,Somewhat easy,Maybe,No,Some of them,No,Maybe,Yes,Yes,No,More anonymous support options would help.
4172,2021,34,Non-binary,United States,No,Yes,Yes,Sometimes,More than 1000,No,No,No,Don't know,Yes,Yes,Yes,Don't know,Maybe,No,Some of them,No,Maybe,Maybe,Yes,No,
4173,2023,34,Female,Netherlands,No,Yes,No,Never,100-500,No,No,Don't know,Yes,Don't know,Yes,Yes,Very easy,No,No,Some of them,Yes,No,No,Yes,No,
4174,2024,18,Female,United States,No,No,Yes,Rarely,1-5,Yes,Yes,Don't know,No,No,No,Yes,Somewhat difficult,No,No,No,Some of them,Maybe,No,Don't know,Yes,Open conversations help reduce stigma.
4175,2020,32,Male,Ireland,No,No,No,Never,100-500,No,Yes,Yes,Yes,Yes,Don't know,Don't know,Somewhat difficult,Maybe,No,No,Some of them,No,Maybe,No,No,Burnout is rampant in my team.
4176,2022,42,Male,United States,No,Yes,No,Rarely,26-100,No,Yes,No,Yes,No,No,No,Very easy,No,No,Yes,No,No,No,No,No,More anonymous support options would help.
4177,2023,34,Male,United States,No,No,No,Sometimes,500-1000,Yes,Yes,Yes,No,Yes,Yes,Yes,Somewhat difficult,No,No,Some of them,No,No,Maybe,Yes,No,Stigma is still a major issue in my workplace.
4178,2019,25,Male,United States,No,No,Yes,Often,100-500,Yes,No,Yes,No,No,Don't know,Yes,Somewhat easy,Yes,No,Some of them,No,No,No,Don't know,No,
4179,2021,25,Non-binary,Canada,No,No,Yes,Often,26-100,Yes,Yes,Don't know,Don't know,No,No,No,Very easy,No,No,Some of them,No,Maybe,Yes,Don't know,No,Glad to see more companies taking this seriously.
4180,2019,28,Female,Canada,No,Yes,Yes,Sometimes,6-25,No,Yes,No,Don't know,Don't know,No,Don't know,Somewhat difficult,Yes,Maybe,Some of them,No,No,Maybe,Don't know,No,
4181,2024,32,Male,Germany,No,Yes,Yes,Sometimes,6-25,No,No,Yes,No,Yes,Don't know,Don't know,Somewhat difficult,Yes,No,Yes,Yes,Yes,Maybe,Don't know,No,More anonymous support options would help.
4182,2019,27,Male,United States,Yes,No,No,Sometimes,500-1000,Yes,Yes,No,Don't know,Yes,Yes,Yes,Very easy,No,No,No,No,No,No,No,No,HR resources are available but rarely used.
4183,2021,31,Male,Sweden,No,Yes,No,Never,26-100,Yes,Yes,No,Yes,Don't know,No,Yes,Don't know,No,No,No,No,No,No,Don't know,No,
4184,2020,25,Non-binary,United Kingdom,No,No,No,Sometimes,100-500,Yes,No,No,No,Don't know,Yes,Don't know,Very easy,Yes,No,Some of them,Yes,No,Yes,Don't know,Yes,Remote work has been a double-edged sword.
4185,2022,33,Female,United States,No,No,No,Often,26-100,Yes,No,No,No,No,No,Yes,Somewhat difficult,Yes,No,Yes,No,Maybe,No,No,No,Remote work has been a double-edged sword.
4186,2020,31,Non-binary,United Kingdom,No,No,Yes,Often,100-500,No,Yes,No,Yes,No,No,Yes,Very difficult,Maybe,No,Yes,Yes,Maybe,No,No,No,
4187,2019,36,Female,United States,No,No,No,Rarely,More than 1000,Yes,Yes,Don't know,Yes,Yes,Yes,No,Very easy,No,No,Some of them,Yes,Yes,Maybe,Yes,Yes,Burnout is rampant in my team.
4188,2024,44,Male,United Kingdom,No,No,No,Never,100-500,No,Yes,Yes,Don't know,Don't know,Yes,Don't know,Somewhat easy,Maybe,No,No,Yes,No,Maybe,Yes,No,Better awareness programs needed.
4189,2020,33,Female,Germany,No,No,No,Often,1-5,No,Yes,Don't know,No,No,Yes,No,Very difficult,Yes,No,Yes,Yes,Maybe,Maybe,Don't know,No,
4190,2023,26,Male,United States,No,No,No,Rarely,More than 1000,Yes,Yes,No,Yes,No,Don't know,Yes,Somewhat easy,No,Maybe,Some of them,No,No,No,Yes,Yes,
4191,2024,35,Male,Other,Yes,Yes,No,Rarely,1-5,No,Yes,No,No,Don't know,No,No,Somewhat easy,Yes,Maybe,Yes,Yes,No,Yes,Yes,No,Open conversations help reduce stigma.
4192,2022,27,Male,Ireland,Yes,No,No,Often,100-500,Yes,Yes,Don't know,Yes,No,Don't know,Don't know,Somewhat easy,No,No,No,Some of them,No,No,Yes,Yes,HR resources are available but rarely used.
4193,2022,31,Male,United States,No,No,No,Rarely,26-100,Yes,Yes,Don't know,Don't know,No,No,No,Somewhat difficult,Yes,No,No,Some of them,No,No,Yes,No,More anonymous support options would help.
4194,2024,26,Female,United States,No,Yes,No,Often,More than 1000,No,No,Yes,Don't know,No,Don't know,Yes,Somewhat difficult,No,No,Some of them,Yes,Yes,No,Yes,Yes,
4195,2021,24,Male,Other,No,No,No,Rarely,More than 1000,No,Yes,Yes,No,Yes,Don't know,No,Somewhat difficult,Maybe,Maybe,Some of them,No,No,Yes,Yes,No,More anonymous support options would help.
4196,2022,20,Male,Germany,No,Yes,Yes,Sometimes,500-1000,No,No,Yes,No,No,Don't know,Yes,Somewhat easy,Yes,No,Yes,No,No,No,Don't know,Yes,
4197,2022,27,Female,Other,No,Yes,Yes,Rarely,500-1000,No,Yes,Yes,No,Yes,Yes,Yes,Very difficult,Yes,Maybe,Some of them,Yes,No,Maybe,Don't know,No,Stigma is still a major issue in my workplace.
4198,2021,18,Male,Other,No,No,No,Never,6-25,Yes,Yes,Don't know,Yes,Don't know,No,No,Somewhat difficult,Maybe,No,No,No,No,No,Don't know,No,Open conversations help reduce stigma.
4199,2024,25,Male,Sweden,No,No,Yes,Often,1-5,Yes,Yes,Yes,Don't know,Yes,Yes,Don't know,Somewhat easy,Maybe,No,No,Yes,Maybe,Maybe,Yes,No,Leadership support makes all the difference.
4200,2023,26,Male,United States,No,Yes,Yes,Rarely,More than 1000,Yes,No,Yes,Don't know,No,Yes,Don't know,Somewhat difficult,Yes,No,Some of them,No,Yes,Yes,Don't know,No,
4201,2020,26,Male,United States,No,No,No,Rarely,More than 1000,Yes,No,Don't know,No,Don't know,Yes,Don't know,Very difficult,Yes,No,Some of them,Yes,Yes,Maybe,Yes,No,
4202,2021,35,Male,Other,No,Yes,No,Sometimes,26-100,Yes,Yes,Don't know,Don't know,No,Don't know,Don't know,Don't know,No,Yes,Some of them,Yes,No,Maybe,No,No,HR resources are available but rarely used.
4203,2022,32,Male,United States,No,No,No,Rarely,26-100,Yes,Yes,Yes,No,No,Don't know,No,Somewhat difficult,Maybe,No,Some of them,Some of them,Maybe,Yes,Yes,No,Open conversations help reduce stigma.
4204,2023,27,Male,United States,No,Yes,Yes,Sometimes,100-500,Yes,Yes,No,Yes,Yes,Yes,No,Somewhat easy,Yes,No,No,No,No,No,No,No,
4205,2023,40,Male,Brazil,No,No,No,Often,100-500,No,Yes,Yes,Don't know,Yes,Yes,No,Somewhat easy,Maybe,No,Some of them,Yes,No,No,Don't know,No,
4206,2019,20,Female,Australia,No,No,No,Rarely,More than 1000,Yes,Yes,No,Don't know,No,Yes,Yes,Somewhat easy,No,Yes,Some of them,Yes,No,No,Yes,No,Better awareness programs needed.
4207,2021,46,Male,Other,No,No,Yes,Often,500-1000,No,Yes,No,Yes,No,Don't know,Don't know,Don't know,Yes,Maybe,Yes,No,No,Yes,Don't know,No,
4208,2020,21,Male,United States,No,No,Yes,Sometimes,100-500,No,Yes,No,Don't know,No,Yes,Don't know,Don't know,Yes,No,Yes,Yes,No,Yes,Yes,No,Stigma is still a major issue in my workplace.
4209,2019,20,Male,United States,No,No,No,Sometimes,More than 1000,Yes,No,No,Yes,Don't know,Yes,Yes,Somewhat difficult,No,No,Some of them,Yes,No,Maybe,Don't know,No,
4210,2020,33,Male,Canada,No,Yes,Yes,Often,26-100,No,Yes,Don't know,Don't know,Don't know,Yes,Don't know,Somewhat easy,No,Yes,No,No,Maybe,Maybe,No,No,
4211,2022,36,Female,Canada,No,Yes,Yes,Never,500-1000,No,Yes,Yes,Yes,Don't know,Yes,Don't know,Don't know,Maybe,No,Yes,Some of them,No,No,Don't know,Yes,
4212,2019,29,Male,United Kingdom,No,No,Yes,Rarely,26-100,No,Yes,Don't know,No,No,Don't know,No,Somewhat difficult,No,No,Yes,No,Maybe,Yes,Yes,Yes,
4213,2024,29,Male,United States,No,No,No,Rarely,26-100,No,Yes,No,Don't know,Don't know,No,No,Very difficult,Maybe,Maybe,Some of them,No,No,Maybe,Don't know,No,
4214,2023,29,Male,Ireland,No,No,Yes,Sometimes,26-100,No,Yes,Yes,No,No,Don't know,No,Somewhat difficult,No,Maybe,Yes,No,No,No,Yes,No,
4215,2023,26,Non-binary,United States,No,Yes,Yes,Sometimes,1-5,No,Yes,No,No,Yes,No,No,Don't know,Maybe,No,Yes,Yes,Maybe,Yes,Don't know,No,
4216,2023,44,Male,Netherlands,No,No,Yes,Rarely,500-1000,No,Yes,Yes,Yes,Yes,Yes,Yes,Very difficult,Yes,No,No,Some of them,Maybe,Yes,Don't know,No,Open conversations help reduce stigma.
4217,2021,29,Female,India,Yes,No,Yes,Sometimes,100-500,No,Yes,Yes,Yes,Don't know,Yes,Yes,Somewhat easy,No,No,No,No,Maybe,Maybe,Yes,No,Leadership support makes all the difference.
4218,2019,19,Female,United States,No,Yes,No,Rarely,6-25,Yes,Yes,Yes,Don't know,No,No,Don't know,Somewhat difficult,No,No,No,No,No,Maybe,Yes,No,Stigma is still a major issue in my workplace.
4219,2023,23,Female,Germany,Yes,No,No,Never,More than 1000,Yes,Yes,Don't know,Yes,Yes,No,Yes,Very easy,No,No,Some of them,Yes,Maybe,No,Don't know,Yes,
4220,2020,48,Male,United Kingdom,No,No,Yes,Sometimes,More than 1000,No,No,Don't know,Don't know,Yes,Yes,Yes,Somewhat difficult,No,Maybe,No,Yes,Maybe,Maybe,No,No,We have EAP but nobody talks about it.
4221,2024,27,Female,Other,No,No,Yes,Sometimes,500-1000,Yes,No,Yes,No,Don't know,Yes,No,Don't know,No,No,Some of them,Some of them,No,No,Don't know,No,Stigma is still a major issue in my workplace.
4222,2024,33,Female,United States,No,No,No,Rarely,100-500,No,No,Yes,Don't know,Yes,Yes,Yes,Somewhat difficult,No,Yes,Yes,Yes,Maybe,Maybe,Yes,No,Burnout is rampant in my team.
4223,2022,32,Male,United States,No,No,Yes,Sometimes,More than 1000,Yes,No,Don't know,Don't know,Yes,Yes,Don't know,Somewhat difficult,Maybe,Yes,Some of them,No,No,No,Don't know,No,
4224,2021,48,Male,Canada,Yes,No,Yes,Rarely,500-1000,Yes,Yes,Yes,Don't know,Yes,Yes,Don't know,Somewhat difficult,Yes,No,Yes,Some of them,Maybe,No,Yes,Yes,
4225,2024,34,Male,United Kingdom,Yes,No,Yes,Sometimes,26-100,No,No,Yes,No,No,Yes,No,Somewhat easy,Maybe,Yes,Some of them,No,No,Maybe,No,No,Open conversations help reduce stigma.
4226,2023,19,Other / Prefer not to say,Germany,No,No,No,Never,100-500,Yes,No,Don't know,Yes,Don't know,Don't know,Yes,Very easy,No,No,No,Some of them,No,No,Yes,Yes,Stigma is still a major issue in my workplace.
4227,2023,38,Female,United Kingdom,No,Yes,No,Sometimes,6-25,Yes,Yes,Yes,Yes,No,Yes,No,Somewhat easy,No,No,No,Some of them,No,No,Don't know,No,Management needs training on mental health.
4228,2019,30,Other / Prefer not to say,United States,Yes,No,No,Sometimes,6-25,No,Yes,No,No,Don't know,No,Yes,Don't know,No,No,Yes,No,No,Maybe,Don't know,No,
4229,2023,27,Male,France,No,Yes,No,Often,6-25,Yes,Yes,Yes,No,Yes,Yes,No,Very difficult,Yes,No,Some of them,Yes,No,Yes,Don't know,Yes,
4230,2023,28,Non-binary,United States,No,No,No,Rarely,500-1000,Yes,Yes,No,No,No,Yes,Yes,Somewhat easy,Yes,Maybe,Some of them,Yes,No,No,No,No,More anonymous support options would help.
4231,2023,22,Male,United Kingdom,No,Yes,Yes,Often,1-5,No,Yes,No,Yes,Don't know,Yes,No,Very difficult,Yes,No,No,No,No,No,Yes,Yes,Management needs training on mental health.
4232,2023,36,Male,United Kingdom,No,Yes,No,Often,100-500,Yes,No,No,Don't know,No,Don't know,Yes,Somewhat easy,No,Maybe,Yes,Some of them,Yes,No,Don't know,Yes,Management needs training on mental health.
4233,2022,30,Male,United States,No,No,Yes,Rarely,1-5,No,Yes,Yes,No,Don't know,Don't know,Don't know,Don't know,No,No,No,Some of them,No,No,Don't know,No,
4234,2022,32,Female,United Kingdom,No,No,No,Sometimes,26-100,No,No,No,Yes,Yes,Don't know,Don't know,Very difficult,Maybe,No,Some of them,Some of them,No,No,Yes,No,HR resources are available but rarely used.
4235,2020,23,Male,United States,Yes,No,Yes,Often,500-1000,Yes,No,Yes,Don't know,No,Don't know,Yes,Very difficult,Maybe,No,Some of them,No,No,Maybe,No,Yes,
4236,2021,28,Male,United States,No,No,No,Rarely,More than 1000,Yes,No,No,Yes,No,Yes,Don't know,Don't know,Maybe,No,No,Some of them,Maybe,Yes,No,Yes,Management needs training on mental health.
4237,2024,18,Male,Other,No,No,Yes,Often,More than 1000,No,No,Yes,No,Don't know,No,Yes,Somewhat difficult,Yes,No,No,Yes,No,No,Don't know,Yes,We have EAP but nobody talks about it.
4238,2021,26,Male,Other,No,No,No,Often,More than 1000,No,Yes,Yes,Don't know,No,No,Don't know,Somewhat easy,Maybe,No,Some of them,No,No,No,Don't know,No,
4239,2024,35,Male,United States,Yes,No,No,Often,6-25,No,Yes,No,Don't know,No,Don't know,Yes,Very difficult,Yes,No,Yes,Some of them,No,No,Don't know,Yes,
4240,2022,25,Female,Brazil,No,No,No,Never,26-100,No,Yes,Yes,Yes,No,Don't know,Yes,Very easy,Maybe,No,No,Some of them,Maybe,Maybe,Don't know,No,
4241,2023,19,Male,Germany,No,No,No,Never,26-100,Yes,Yes,No,No,No,Don't know,Don't know,Somewhat easy,Yes,No,Some of them,No,Maybe,No,Don't know,No,
4242,2023,22,Male,Ireland,No,Yes,No,Sometimes,More than 1000,Yes,Yes,Don't know,Yes,No,Yes,Don't know,Very difficult,No,Maybe,Some of them,No,No,No,Don't know,No,Anonymous reporting would increase participation.
4243,2020,24,Male,Ireland,Yes,No,No,Rarely,More than 1000,Yes,Yes,No,Yes,No,Yes,No,Don't know,Maybe,No,Yes,Some of them,No,No,Don't know,No,
4244,2021,33,Male,United States,No,Yes,Yes,Often,500-1000,No,No,Yes,Yes,Yes,Yes,Don't know,Somewhat difficult,Maybe,No,No,Yes,No,Maybe,Yes,No,Better awareness programs needed.
4245,2022,24,Female,United States,No,No,No,Rarely,100-500,Yes,No,No,Yes,Yes,Don't know,Yes,Don't know,No,No,No,Some of them,No,No,Yes,No,Remote work has been a double-edged sword.
4246,2024,25,Male,United States,No,No,No,Never,26-100,Yes,Yes,No,No,No,Don't know,No,Somewhat difficult,No,No,Some of them,Some of them,Maybe,Maybe,Don't know,No,Open conversations help reduce stigma.
4247,2024,18,Male,Brazil,No,Yes,Yes,Never,100-500,No,Yes,Yes,Yes,Yes,Yes,Don't know,Somewhat difficult,Maybe,Maybe,Some of them,No,Yes,No,Don't know,Yes,
4248,2022,27,Male,United States,No,No,No,Never,6-25,Yes,Yes,Don't know,No,No,Yes,Yes,Don't know,Yes,No,Some of them,Yes,Maybe,No,Don't know,No,
4249,2023,46,Female,Canada,No,No,No,Rarely,26-100,No,No,Don't know,Don't know,No,No,Yes,Somewhat easy,No,Maybe,No,No,Maybe,Maybe,Yes,No,Leadership support makes all the difference.
4250,2020,42,Male,United States,No,No,Yes,Often,500-1000,Yes,No,Yes,No,Yes,Yes,Yes,Very difficult,No,Maybe,Some of them,No,Maybe,Yes,Don't know,Yes,Stigma is still a major issue in my workplace.
4251,2021,34,Female,Other,No,Yes,No,Never,100-500,No,No,Don't know,Yes,Yes,Don't know,Yes,Somewhat easy,No,No,Some of them,No,No,Maybe,No,No,Anonymous reporting would increase participation.
4252,2022,28,Non-binary,United States,No,No,No,Rarely,500-1000,Yes,Yes,Yes,No,Yes,Yes,Don't know,Somewhat difficult,Yes,No,Yes,No,No,No,Yes,Yes,More anonymous support options would help.
4253,2020,21,Other / Prefer not to say,Netherlands,Yes,No,No,Rarely,More than 1000,Yes,Yes,Yes,Don't know,Yes,Yes,No,Somewhat easy,Maybe,No,Some of them,No,Maybe,Maybe,No,No,
4254,2024,38,Female,Germany,No,Yes,Yes,Rarely,26-100,Yes,Yes,No,No,No,No,No,Don't know,No,No,No,No,No,Maybe,Yes,Yes,
4255,2020,43,Female,United States,No,No,No,Rarely,26-100,No,Yes,Don't know,Don't know,Don't know,No,No,Don't know,No,No,Yes,Yes,No,Maybe,Yes,No,We have EAP but nobody talks about it.
4256,2024,18,Male,United States,No,No,No,Sometimes,100-500,No,Yes,Yes,Yes,Yes,No,No,Don't know,No,No,Some of them,Some of them,Maybe,No,Don't know,No,
4257,2023,37,Female,Australia,No,No,Yes,Rarely,26-100,No,Yes,Don't know,Yes,Yes,No,No,Don't know,No,No,Yes,Yes,No,No,Don't know,No,
4258,2023,40,Male,United Kingdom,No,No,Yes,Often,100-500,Yes,Yes,Yes,No,Don't know,Yes,Yes,Somewhat easy,Maybe,No,No,No,Maybe,No,Don't know,No,
4259,2024,18,Female,United States,No,Yes,Yes,Sometimes,More than 1000,Yes,Yes,No,Yes,Don't know,No,Yes,Somewhat difficult,Yes,No,Yes,No,Maybe,No,Yes,Yes,Management needs training on mental health.
4260,2023,30,Male,France,No,Yes,No,Sometimes,26-100,Yes,Yes,Yes,No,Yes,Don't know,Don't know,Don't know,No,No,No,Yes,No,Yes,No,No,We have EAP but nobody talks about it.
4261,2020,18,Male,United States,No,Yes,No,Never,1-5,No,Yes,Yes,Don't know,Yes,Don't know,Don't know,Somewhat difficult,Maybe,No,Some of them,No,No,Maybe,No,No,We have EAP but nobody talks about it.
4262,2019,45,Female,Ireland,Yes,Yes,Yes,Sometimes,100-500,Yes,Yes,Yes,Don't know,Yes,Don't know,Yes,Somewhat easy,Maybe,No,Some of them,Some of them,No,Maybe,No,No,HR resources are available but rarely used.
4263,2021,29,Female,United Kingdom,No,Yes,Yes,Rarely,500-1000,Yes,Yes,Yes,Yes,No,No,Yes,Don't know,No,No,No,No,No,Yes,Don't know,Yes,
4264,2024,46,Female,Brazil,No,Yes,Yes,Often,100-500,Yes,Yes,Yes,No,Don't know,Yes,Yes,Very difficult,Maybe,Yes,No,Yes,No,Yes,Yes,No,
4265,2022,25,Female,United States,No,No,Yes,Rarely,More than 1000,Yes,Yes,No,Yes,Yes,Yes,Don't know,Don't know,Maybe,Maybe,Yes,Some of them,Maybe,Maybe,No,Yes,
4266,2020,40,Male,United States,Yes,No,Yes,Often,More than 1000,Yes,Yes,No,Don't know,Yes,No,Don't know,Somewhat easy,Maybe,No,Yes,No,No,Maybe,No,No,Management needs training on mental health.
4267,2019,31,Female,Other,No,No,No,Never,More than 1000,Yes,Yes,Don't know,Yes,Yes,Don't know,Yes,Somewhat difficult,Yes,No,No,Some of them,Maybe,Yes,No,Yes,Management needs training on mental health.
4268,2021,32,Male,Canada,No,Yes,Yes,Rarely,100-500,Yes,Yes,Yes,Don't know,Yes,Yes,Don't know,Somewhat difficult,No,No,No,Some of them,No,Yes,No,No,Remote work has been a double-edged sword.
4269,2022,28,Male,United States,No,Yes,Yes,Never,More than 1000,Yes,Yes,Yes,Yes,Don't know,Yes,Don't know,Somewhat difficult,No,No,No,Some of them,Yes,Maybe,Don't know,No,Stigma is still a major issue in my workplace.
4270,2022,40,Male,United States,No,Yes,Yes,Sometimes,6-25,No,Yes,Yes,No,No,Don't know,No,Somewhat easy,Yes,No,No,No,No,Maybe,Yes,No,
4271,2019,25,Female,Australia,No,Yes,Yes,Rarely,6-25,Yes,Yes,No,No,No,Don't know,Yes,Don't know,No,No,Some of them,No,No,No,Don't know,No,Better awareness programs needed.
4272,2024,29,Male,United States,No,No,No,Never,100-500,No,Yes,No,Yes,Yes,Don't know,Yes,Somewhat difficult,No,Maybe,Yes,Yes,No,Maybe,No,No,HR resources are available but rarely used.
4273,2022,18,Male,United States,Yes,Yes,Yes,Often,100-500,Yes,Yes,Yes,Yes,Yes,Yes,Yes,Somewhat easy,Maybe,Yes,Some of them,No,Maybe,No,Yes,No,
4274,2024,35,Male,United States,No,No,No,Often,6-25,No,Yes,No,Don't know,No,No,Don't know,Don't know,Maybe,No,No,No,No,Maybe,Yes,No,Better awareness programs needed.
4275,2021,24,Male,Canada,No,No,No,Rarely,26-100,No,No,Don't know,No,Don't know,No,No,Somewhat easy,Maybe,No,Yes,Yes,No,Yes,No,No,
4276,2024,21,Male,United Kingdom,No,No,No,Never,1-5,No,No,Don't know,No,Yes,Don't know,No,Don't know,Maybe,No,Yes,Some of them,No,No,Don't know,No,Glad to see more companies taking this seriously.
4277,2024,31,Male,Canada,No,No,Yes,Sometimes,100-500,No,Yes,No,No,Yes,Yes,Yes,Somewhat easy,Yes,Maybe,No,Some of them,No,Yes,Yes,Yes,Anonymous reporting would increase participation.
4278,2020,24,Male,Ireland,No,No,No,Never,More than 1000,Yes,Yes,Yes,No,Yes,Don't know,Don't know,Don't know,Maybe,No,Some of them,Some of them,No,No,No,Yes,HR resources are available but rarely used.
4279,2022,37,Male,France,No,No,No,Rarely,1-5,No,No,Yes,Yes,No,No,Yes,Somewhat difficult,Maybe,No,Some of them,Yes,Maybe,Maybe,Yes,No,Burnout is rampant in my team.
4280,2023,18,Non-binary,United States,No,No,Yes,Sometimes,100-500,No,Yes,No,Yes,Yes,Yes,No,Somewhat difficult,Maybe,No,Some of them,Yes,Maybe,Yes,Yes,No,
4281,2023,32,Male,United States,No,Yes,Yes,Sometimes,100-500,No,Yes,Don't know,Yes,Don't know,Yes,No,Somewhat easy,No,No,No,No,No,Maybe,Yes,No,
4282,2022,39,Male,United States,No,Yes,No,Never,100-500,Yes,Yes,No,Yes,Don't know,Yes,Don't know,Somewhat easy,No,No,No,No,Maybe,Maybe,Don't know,No,Leadership support makes all the difference.
4283,2020,36,Other / Prefer not to say,United States,No,Yes,Yes,Sometimes,6-25,No,Yes,Yes,No,Yes,Yes,Don't know,Somewhat easy,Yes,No,Some of them,Yes,No,No,Yes,No,Stigma is still a major issue in my workplace.
4284,2023,20,Male,India,No,Yes,Yes,Sometimes,More than 1000,Yes,No,Don't know,No,Yes,No,Don't know,Somewhat difficult,Maybe,No,No,No,No,Yes,Don't know,Yes,
4285,2019,29,Male,United States,No,No,Yes,Rarely,More than 1000,No,Yes,No,Yes,No,Yes,Don't know,Somewhat easy,Yes,No,No,No,Maybe,Maybe,Don't know,No,Glad to see more companies taking this seriously.
4286,2021,36,Male,Netherlands,No,Yes,No,Often,500-1000,No,Yes,Yes,Yes,No,Yes,Yes,Somewhat difficult,No,Yes,Yes,No,No,No,Yes,No,
4287,2019,40,Male,Other,No,No,No,Rarely,More than 1000,No,Yes,No,No,No,Yes,Yes,Somewhat difficult,Yes,No,No,Some of them,Maybe,Maybe,No,No,
4288,2024,21,Male,United Kingdom,Yes,No,No,Never,More than 1000,No,Yes,No,No,Yes,Yes,Don't know,Somewhat difficult,Maybe,No,Yes,No,No,No,No,No,Anonymous reporting would increase participation.
4289,2020,36,Female,Other,No,No,No,Rarely,26-100,No,No,Don't know,No,No,No,Don't know,Don't know,Maybe,No,Yes,Yes,Maybe,No,Yes,No,Better awareness programs needed.
4290,2022,19,Female,United States,No,No,No,Never,100-500,Yes,Yes,Yes,Yes,Yes,Yes,Yes,Somewhat easy,Yes,No,Yes,Some of them,Yes,Maybe,Don't know,No,Management needs training on mental health.
4291,2022,31,Male,United States,No,No,No,Rarely,6-25,No,Yes,No,No,Yes,Don't know,Don't know,Somewhat easy,No,No,Yes,No,No,No,Don't know,No,
4292,2022,45,Female,United States,No,No,No,Often,6-25,Yes,Yes,No,Don't know,Don't know,Don't know,Don't know,Very easy,Yes,No,Yes,Yes,Maybe,Maybe,Yes,Yes,We have EAP but nobody talks about it.
4293,2024,23,Male,United States,No,No,No,Never,More than 1000,No,Yes,No,No,Don't know,Don't know,Yes,Very easy,Yes,No,Some of them,Some of them,Yes,Maybe,Yes,No,
4294,2023,44,Male,United States,Yes,Yes,No,Rarely,500-1000,Yes,Yes,Yes,Don't know,Don't know,Yes,Don't know,Somewhat easy,No,No,No,Some of them,No,No,Don't know,No,More anonymous support options would help.
4295,2022,30,Male,Australia,Yes,Yes,Yes,Never,500-1000,Yes,No,Yes,Yes,No,Don't know,Don't know,Somewhat easy,Maybe,No,No,No,No,Maybe,Don't know,No,Burnout is rampant in my team.
4296,2023,18,Male,United States,No,No,No,Never,6-25,No,Yes,Yes,Don't know,Don't know,Yes,No,Somewhat easy,No,No,No,Some of them,No,No,No,No,
4297,2024,22,Male,United Kingdom,No,No,No,Often,100-500,No,Yes,Yes,Don't know,Yes,Yes,Yes,Somewhat difficult,Maybe,Maybe,Yes,Some of them,No,Maybe,Yes,No,
4298,2019,24,Male,Sweden,No,No,Yes,Sometimes,26-100,No,Yes,Don't know,Don't know,Don't know,Yes,Don't know,Don't know,Yes,No,Some of them,Yes,Maybe,Maybe,Yes,Yes,Leadership support makes all the difference.
4299,2024,43,Male,United States,No,Yes,No,Never,100-500,Yes,No,Yes,Yes,No,No,Yes,Somewhat difficult,Yes,No,No,No,Maybe,No,Yes,Yes,Management needs training on mental health.
4300,2024,39,Male,United States,No,No,No,Rarely,6-25,No,Yes,Don't know,No,No,Yes,Don't know,Very difficult,Maybe,No,Some of them,Yes,Yes,No,Don't know,No,Glad to see more companies taking this seriously.
4301,2020,27,Female,Canada,No,Yes,Yes,Sometimes,More than 1000,No,Yes,No,Don't know,No,No,No,Somewhat easy,No,Maybe,No,Some of them,No,No,Yes,No,More anonymous support options would help.
4302,2021,18,Female,Ireland,No,Yes,Yes,Never,More than 1000,No,Yes,Don't know,Don't know,Yes,Yes,Yes,Somewhat easy,Yes,Maybe,No,Yes,Maybe,Yes,Don't know,No,
4303,2019,32,Female,Netherlands,No,Yes,Yes,Sometimes,26-100,No,No,Don't know,No,Don't know,Don't know,Don't know,Very difficult,No,No,Some of them,Yes,Maybe,No,Don't know,No,We have EAP but nobody talks about it.
4304,2024,41,Male,Australia,No,No,No,Rarely,26-100,No,Yes,No,No,Don't know,Don't know,Yes,Somewhat easy,No,Yes,No,No,No,Yes,No,No,Remote work has been a double-edged sword.
4305,2023,18,Female,Ireland,No,Yes,Yes,Never,6-25,Yes,Yes,Don't know,Don't know,Yes,Don't know,Don't know,Somewhat difficult,No,No,No,No,Maybe,Maybe,Don't know,Yes,
4306,2022,18,Male,Germany,No,No,Yes,Often,6-25,Yes,Yes,Don't know,Yes,No,Don't know,Don't know,Somewhat easy,No,No,Some of them,No,Yes,No,Yes,No,Burnout is rampant in my team.
4307,2020,20,Male,United Kingdom,No,Yes,No,Rarely,100-500,No,Yes,No,Don't know,Yes,Yes,Don't know,Very easy,Maybe,No,No,No,Maybe,Maybe,Yes,No,More anonymous support options would help.
4308,2023,27,Male,United States,Yes,No,No,Never,6-25,No,Yes,Don't know,Don't know,No,Don't know,Don't know,Somewhat difficult,No,No,Yes,No,No,Yes,Yes,No,More anonymous support options would help.
4309,2024,28,Female,United States,No,Yes,No,Sometimes,26-100,No,Yes,No,Don't know,Yes,No,Yes,Don't know,Maybe,Maybe,Yes,Yes,No,Maybe,Yes,No,HR resources are available but rarely used.
4310,2021,37,Male,Netherlands,No,No,Yes,Sometimes,6-25,Yes,No,Don't know,No,No,No,Yes,Don't know,No,No,No,Some of them,Maybe,Maybe,Don't know,No,
4311,2024,19,Female,United States,No,No,No,Sometimes,6-25,Yes,Yes,No,Don't know,No,Yes,Yes,Don't know,Maybe,No,No,Yes,Maybe,Maybe,No,Yes,HR resources are available but rarely used.
4312,2020,18,Male,Canada,No,No,No,Rarely,6-25,Yes,Yes,No,No,No,Don't know,No,Somewhat easy,No,Maybe,Some of them,Yes,No,No,Don't know,No,Stigma is still a major issue in my workplace.
4313,2024,25,Female,Canada,Yes,No,Yes,Often,6-25,No,No,No,Don't know,Don't know,No,No,Don't know,No,No,Some of them,Some of them,Maybe,No,No,No,Open conversations help reduce stigma.
4314,2023,32,Male,Germany,No,No,Yes,Sometimes,6-25,Yes,No,No,Yes,No,No,No,Don't know,No,No,No,Yes,No,Yes,Yes,No,Burnout is rampant in my team.
4315,2019,41,Male,United States,Yes,No,Yes,Sometimes,100-500,No,Yes,Yes,Yes,No,Yes,No,Don't know,No,No,Yes,No,Yes,Yes,Don't know,No,
4316,2023,32,Female,United States,No,No,Yes,Sometimes,26-100,Yes,Yes,Don't know,No,No,Don't know,Yes,Somewhat easy,Yes,No,Yes,No,No,Maybe,No,No,Remote work has been a double-edged sword.
4317,2022,36,Female,United States,No,No,Yes,Rarely,6-25,Yes,No,No,No,Don't know,Yes,No,Somewhat easy,No,No,Some of them,Some of them,No,Maybe,No,No,Better awareness programs needed.
4318,2024,27,Female,United States,No,No,Yes,Sometimes,500-1000,Yes,Yes,Don't know,Don't know,Yes,Yes,No,Somewhat difficult,No,Maybe,Yes,No,No,Yes,Yes,No,
4319,2023,33,Female,United States,No,No,No,Rarely,100-500,Yes,No,Don't know,Don't know,No,Don't know,No,Don't know,Yes,No,No,No,Yes,No,Yes,No,
4320,2023,40,Male,Germany,No,No,Yes,Sometimes,More than 1000,No,Yes,Don't know,Don't know,Yes,Yes,Yes,Somewhat difficult,No,No,Yes,Yes,No,No,No,No,More anonymous support options would help.
4321,2021,27,Female,Ireland,No,Yes,No,Rarely,More than 1000,Yes,No,Don't know,Yes,Yes,No,Yes,Somewhat easy,No,No,No,Some of them,No,No,Don't know,No,
4322,2020,23,Male,Germany,Yes,No,No,Never,100-500,No,Yes,Yes,No,Yes,No,Yes,Very easy,Maybe,No,No,No,No,No,Don't know,No,HR resources are available but rarely used.
4323,2024,29,Male,Australia,No,Yes,Yes,Rarely,100-500,Yes,Yes,Yes,Don't know,No,Don't know,Don't know,Don't know,Yes,No,Yes,No,No,No,Yes,No,
4324,2023,21,Female,United States,No,No,No,Never,26-100,No,No,No,No,Yes,Don't know,No,Somewhat easy,Yes,No,Yes,Yes,No,Maybe,Yes,No,
4325,2019,31,Female,Netherlands,No,No,No,Rarely,100-500,No,Yes,Yes,Don't know,Yes,Yes,Yes,Very difficult,No,No,No,Yes,No,Maybe,No,No,Leadership support makes all the difference.
4326,2024,37,Female,Australia,No,Yes,No,Sometimes,500-1000,No,No,Yes,Yes,Yes,Yes,No,Very difficult,Yes,No,Yes,Some of them,No,No,Yes,No,
4327,2020,31,Female,Netherlands,Yes,No,Yes,Rarely,100-500,No,Yes,Don't know,Don't know,No,Yes,No,Don't know,No,Yes,Yes,No,Maybe,Yes,Yes,No,
4328,2023,37,Male,Germany,No,Yes,Yes,Never,100-500,Yes,No,Don't know,Yes,Yes,Don't know,No,Don't know,Maybe,No,Yes,Yes,No,No,Don't know,No,We have EAP but nobody talks about it.
4329,2019,30,Male,United States,No,No,No,Rarely,6-25,No,Yes,No,Yes,No,Yes,Don't know,Don't know,Yes,Yes,Yes,No,Maybe,Maybe,No,No,
4330,2024,20,Female,France,No,No,No,Rarely,More than 1000,No,Yes,Yes,Yes,No,Don't know,No,Somewhat easy,Yes,No,No,Yes,Maybe,No,No,Yes,
4331,2020,36,Female,Canada,No,No,No,Never,500-1000,Yes,No,Yes,Yes,Don't know,Yes,Don't know,Don't know,Maybe,No,Some of them,No,No,Yes,Yes,No,More anonymous support options would help.
4332,2021,30,Male,United States,No,No,Yes,Sometimes,More than 1000,Yes,No,Yes,No,Yes,Yes,Yes,Somewhat difficult,Maybe,No,Yes,No,No,Maybe,Don't know,No,Management needs training on mental health.
4333,2023,33,Female,United Kingdom,No,No,Yes,Often,1-5,No,Yes,Don't know,Don't know,No,Don't know,Don't know,Don't know,Maybe,No,No,Yes,No,Maybe,No,Yes,More anonymous support options would help.
4334,2023,44,Male,United States,No,No,Yes,Sometimes,500-1000,No,Yes,No,Yes,Don't know,Yes,Don't know,Don't know,No,Maybe,No,Some of them,Maybe,No,Yes,No,Glad to see more companies taking this seriously.
4335,2024,43,Female,United States,No,Yes,No,Never,26-100,Yes,No,Yes,Don't know,Yes,No,No,Somewhat difficult,No,No,No,Yes,Yes,No,No,No,HR resources are available but rarely used.
4336,2020,30,Male,United States,No,No,Yes,Often,500-1000,No,Yes,Yes,Don't know,Yes,No,Don't know,Don't know,No,Maybe,Yes,Yes,Maybe,Maybe,No,No,
4337,2022,50,Female,United States,No,No,Yes,Rarely,100-500,Yes,No,No,Yes,Don't know,Yes,Don't know,Somewhat difficult,Maybe,No,No,No,Maybe,No,Yes,No,Burnout is rampant in my team.
4338,2020,20,Female,Australia,No,No,Yes,Rarely,26-100,Yes,Yes,No,No,No,No,Yes,Somewhat easy,No,No,Some of them,No,No,No,Yes,Yes,Burnout is rampant in my team.
4339,2023,18,Male,France,No,No,No,Rarely,1-5,No,No,No,Don't know,Don't know,Don't know,No,Don't know,Maybe,Yes,Some of them,Yes,Maybe,Yes,No,No,
4340,2019,19,Female,United States,No,Yes,Yes,Never,500-1000,No,No,Don't know,Don't know,Don't know,Don't know,Yes,Very difficult,Yes,No,Yes,No,No,No,Don't know,No,
4341,2022,37,Male,United States,No,No,No,Rarely,More than 1000,Yes,Yes,Don't know,Yes,Yes,Don't know,No,Somewhat difficult,No,No,Yes,No,Maybe,No,No,No,Leadership support makes all the difference.
4342,2023,18,Female,France,No,No,Yes,Sometimes,100-500,No,Yes,Don't know,Yes,Don't know,Yes,No,Very difficult,No,Yes,Some of them,No,Yes,Yes,Yes,No,
4343,2020,30,Male,Canada,No,No,Yes,Rarely,1-5,No,Yes,Yes,Don't know,Yes,No,Don't know,Very difficult,Yes,No,Yes,Yes,No,No,Don't know,Yes,Glad to see more companies taking this seriously.
4344,2021,39,Male,Canada,No,No,Yes,Often,More than 1000,No,Yes,Yes,Yes,Don't know,Don't know,Yes,Don't know,Yes,No,Yes,No,No,No,Yes,No,HR resources are available but rarely used.
4345,2019,24,Female,Ireland,No,No,No,Sometimes,More than 1000,No,Yes,Yes,Yes,No,Yes,Yes,Don't know,Yes,Maybe,Some of them,Yes,Maybe,No,No,Yes,Leadership support makes all the difference.
4346,2022,28,Male,Germany,No,No,Yes,Often,26-100,Yes,No,No,Don't know,Don't know,No,Don't know,Very easy,Maybe,No,No,Yes,No,Yes,Don't know,No,
4347,2024,30,Male,Germany,Yes,Yes,Yes,Sometimes,500-1000,Yes,Yes,Yes,Don't know,Don't know,Don't know,Yes,Somewhat easy,No,No,No,No,No,No,Don't know,No,
4348,2023,31,Female,Germany,No,No,No,Often,6-25,No,Yes,Don't know,No,No,Don't know,Don't know,Very easy,No,Maybe,No,Some of them,Maybe,Maybe,Yes,No,
4349,2022,30,Male,United States,No,No,No,Never,100-500,Yes,Yes,No,No,No,No,Yes,Don't know,Maybe,No,Some of them,No,No,Yes,No,Yes,
4350,2022,32,Male,United States,No,No,Yes,Rarely,6-25,Yes,No,No,Don't know,No,Yes,No,Very easy,No,Maybe,Some of them,No,Yes,No,No,No,Remote work has been a double-edged sword.
4351,2023,18,Male,Germany,Yes,Yes,Yes,Often,100-500,No,Yes,Yes,Don't know,Don't know,Yes,Don't know,Somewhat easy,No,No,Some of them,No,No,No,Don't know,No,Remote work has been a double-edged sword.
4352,2023,28,Non-binary,United States,No,No,No,Never,100-500,Yes,No,Don't know,No,No,Yes,No,Very difficult,Yes,No,No,No,No,No,No,Yes,Management needs training on mental health.
4353,2022,43,Male,Germany,No,No,No,Rarely,More than 1000,No,Yes,Don't know,Don't know,Don't know,Yes,No,Somewhat easy,Maybe,No,Yes,No,Maybe,No,No,No,More anonymous support options would help.
4354,2019,32,Male,Netherlands,No,No,No,Rarely,More than 1000,Yes,Yes,Yes,Don't know,Don't know,Yes,Don't know,Somewhat easy,No,Maybe,No,No,No,No,Don't know,No,
4355,2019,39,Male,Sweden,No,No,Yes,Sometimes,1-5,Yes,Yes,Yes,No,Don't know,Don't know,Yes,Somewhat difficult,Yes,Maybe,Some of them,Some of them,No,Maybe,Don't know,No,Stigma is still a major issue in my workplace.
4356,2022,41,Male,Other,No,No,Yes,Often,500-1000,Yes,Yes,No,Yes,Yes,Don't know,Don't know,Very difficult,No,Maybe,Some of them,Some of them,No,No,Yes,No,Better awareness programs needed.
4357,2023,33,Male,Netherlands,No,No,No,Rarely,26-100,Yes,Yes,No,No,No,No,Yes,Very easy,Maybe,No,Yes,Yes,Yes,No,No,Yes,
4358,2024,21,Male,United States,No,No,No,Rarely,More than 1000,No,No,Yes,Yes,Yes,No,Don't know,Somewhat easy,No,No,Yes,Some of them,No,No,No,No,Glad to see more companies taking this seriously.
4359,2024,37,Male,Germany,No,No,Yes,Rarely,6-25,Yes,Yes,Don't know,Yes,No,Don't know,No,Don't know,Maybe,No,No,No,No,No,Don't know,No,
4360,2024,36,Male,United Kingdom,No,No,No,Often,26-100,Yes,Yes,Don't know,Don't know,Yes,Yes,No,Somewhat difficult,No,No,Some of them,No,No,Yes,Don't know,Yes,Burnout is rampant in my team.
4361,2023,39,Male,United States,No,No,Yes,Sometimes,More than 1000,Yes,Yes,Yes,Don't know,Don't know,Yes,Yes,Don't know,Maybe,Maybe,Yes,No,No,Yes,Yes,No,
4362,2019,20,Male,United States,No,No,Yes,Sometimes,100-500,Yes,Yes,Don't know,Yes,Yes,Yes,Don't know,Somewhat difficult,Yes,Yes,Some of them,No,No,No,Don't know,Yes,Glad to see more companies taking this seriously.
4363,2021,34,Male,United States,Yes,Yes,Yes,Rarely,More than 1000,No,Yes,No,Yes,No,Yes,Yes,Very easy,Yes,No,Some of them,No,No,No,Don't know,No,Better awareness programs needed.
4364,2021,30,Male,United States,No,No,No,Rarely,500-1000,Yes,Yes,Yes,No,Yes,Don't know,Don't know,Don't know,Maybe,No,Yes,Some of them,Maybe,Yes,Don't know,No,
4365,2020,30,Male,United States,No,No,No,Never,100-500,Yes,Yes,Don't know,No,Yes,Yes,Yes,Somewhat easy,No,No,No,No,No,Maybe,No,No,Stigma is still a major issue in my workplace.
4366,2024,32,Male,United States,No,No,No,Sometimes,500-1000,Yes,Yes,Yes,No,Yes,Yes,Don't know,Very difficult,No,No,No,No,No,No,Don't know,Yes,Glad to see more companies taking this seriously.
4367,2019,18,Male,Germany,No,No,Yes,Sometimes,6-25,No,No,Don't know,Yes,Don't know,Don't know,Don't know,Don't know,Yes,No,Yes,Yes,Maybe,Yes,No,No,
4368,2023,24,Female,United States,No,No,No,Never,26-100,Yes,No,Yes,No,No,Don't know,Don't know,Somewhat difficult,Yes,No,No,No,Maybe,Maybe,Yes,No,
4369,2023,39,Male,Other,No,Yes,Yes,Often,More than 1000,Yes,No,Yes,Don't know,No,Yes,Don't know,Somewhat difficult,No,No,No,Yes,No,Maybe,Yes,No,Leadership support makes all the difference.
4370,2024,25,Male,United States,No,No,Yes,Never,100-500,Yes,No,No,Yes,No,Yes,Don't know,Very easy,Maybe,No,Yes,Yes,Yes,Yes,Yes,No,
4371,2019,23,Male,Netherlands,No,No,Yes,Sometimes,100-500,No,Yes,Don't know,No,Yes,Yes,Yes,Don't know,No,No,No,Some of them,No,Yes,Don't know,No,Anonymous reporting would increase participation.
4372,2022,28,Female,United Kingdom,No,Yes,Yes,Often,100-500,Yes,Yes,Don't know,No,Yes,Don't know,Don't know,Somewhat difficult,No,Maybe,No,No,No,No,No,No,
4373,2023,32,Male,Ireland,Yes,Yes,Yes,Often,100-500,No,No,Don't know,Don't know,No,Don't know,Yes,Don't know,Yes,Maybe,Yes,Yes,No,Yes,Don't know,Yes,Leadership support makes all the difference.
4374,2024,32,Male,France,No,No,Yes,Never,6-25,Yes,Yes,Don't know,No,Don't know,Don't know,No,Don't know,No,No,No,Some of them,Maybe,Yes,No,No,
4375,2023,35,Male,United States,Yes,No,No,Sometimes,More than 1000,No,Yes,Yes,Don't know,Yes,Don't know,Don't know,Somewhat difficult,No,No,Yes,Yes,No,Yes,No,No,Stigma is still a major issue in my workplace.
4376,2021,35,Male,United States,No,No,No,Rarely,100-500,No,Yes,Yes,Yes,No,Yes,Don't know,Don't know,Yes,Maybe,Yes,No,No,Yes,No,No,Leadership support makes all the difference.
4377,2023,39,Female,Other,Yes,No,No,Rarely,More than 1000,No,Yes,Don't know,No,Yes,No,Don't know,Don't know,Maybe,No,Yes,Yes,No,No,Don't know,No,
4378,2019,29,Male,United Kingdom,No,No,No,Often,500-1000,No,No,Yes,No,No,Yes,Don't know,Somewhat easy,Yes,No,Some of them,Some of them,Maybe,Yes,Don't know,No,We have EAP but nobody talks about it.
4379,2023,26,Male,United Kingdom,No,No,No,Rarely,100-500,Yes,Yes,No,Don't know,Yes,Yes,Don't know,Somewhat difficult,No,No,Yes,No,Yes,No,Yes,No,Management needs training on mental health.
4380,2023,32,Male,United States,No,Yes,No,Sometimes,500-1000,No,No,Yes,Yes,No,No,Don't know,Very easy,Yes,No,Yes,Yes,Maybe,Yes,Yes,No,We have EAP but nobody talks about it.
4381,2022,22,Non-binary,Other,No,No,No,Never,26-100,No,Yes,Yes,Don't know,Don't know,Yes,No,Very difficult,Maybe,Maybe,Some of them,No,No,Maybe,Don't know,No,
4382,2021,34,Female,India,No,Yes,No,Rarely,26-100,Yes,No,Yes,Don't know,No,No,No,Don't know,No,No,Some of them,Yes,Yes,Yes,No,Yes,
4383,2022,28,Male,Ireland,No,No,No,Rarely,More than 1000,Yes,No,Yes,Don't know,No,Don't know,No,Don't know,Yes,No,No,No,Maybe,Maybe,Don't know,No,Better awareness programs needed.
4384,2021,31,Male,United States,Yes,Yes,No,Rarely,1-5,Yes,No,No,No,No,Don't know,Don't know,Somewhat easy,Maybe,No,Yes,No,Maybe,Maybe,Yes,Yes,More anonymous support options would help.
4385,2024,25,Male,Canada,No,No,Yes,Sometimes,26-100,Yes,Yes,No,Don't know,No,No,Don't know,Somewhat easy,Maybe,No,Yes,No,No,Yes,Yes,No,Remote work has been a double-edged sword.
4386,2024,41,Male,United States,No,Yes,No,Rarely,1-5,No,Yes,Yes,Yes,Don't know,No,No,Somewhat easy,No,No,No,No,No,Maybe,Yes,No,
4387,2022,19,Male,Sweden,No,No,No,Never,26-100,No,Yes,No,Yes,Yes,Don't know,No,Somewhat difficult,No,No,Some of them,Yes,Maybe,Maybe,Yes,No,
4388,2021,18,Female,United States,No,No,Yes,Often,26-100,Yes,Yes,No,No,No,No,Yes,Very easy,Maybe,No,No,Yes,No,Yes,No,Yes,
4389,2022,31,Male,India,No,No,No,Rarely,More than 1000,Yes,Yes,Don't know,Don't know,Yes,Yes,Don't know,Don't know,No,No,No,Some of them,No,No,Don't know,No,
4390,2023,27,Male,Other,No,No,No,Often,26-100,Yes,Yes,No,No,No,No,Don't know,Very easy,Maybe,No,Some of them,Some of them,No,No,Don't know,No,Leadership support makes all the difference.
4391,2022,25,Other / Prefer not to say,United States,No,No,No,Sometimes,26-100,No,Yes,No,No,Yes,No,No,Don't know,Maybe,Maybe,No,No,Maybe,No,Don't know,No,
4392,2022,27,Other / Prefer not to say,United Kingdom,No,No,No,Never,26-100,Yes,Yes,Don't know,Don't know,Don't know,No,Don't know,Somewhat easy,No,No,Yes,Some of them,No,Maybe,No,No,Burnout is rampant in my team.
4393,2022,36,Female,United States,No,No,No,Rarely,100-500,No,No,No,Yes,Don't know,Yes,Don't know,Don't know,No,No,No,No,No,No,Don't know,No,
4394,2023,30,Male,United States,No,No,No,Sometimes,100-500,No,Yes,Don't know,Yes,Don't know,Yes,Yes,Don't know,Maybe,No,Some of them,Yes,No,No,Don't know,No,
4395,2019,23,Male,United States,Yes,No,No,Rarely,6-25,No,Yes,No,Don't know,No,No,No,Somewhat difficult,Maybe,No,Yes,Yes,No,No,Yes,Yes,Better awareness programs needed.
4396,2022,32,Male,United States,No,No,No,Never,More than 1000,No,Yes,Yes,Yes,No,Yes,Don't know,Somewhat difficult,No,Maybe,Some of them,Yes,Maybe,Maybe,Yes,No,HR resources are available but rarely used.
4397,2023,30,Female,Brazil,No,No,No,Rarely,More than 1000,No,Yes,Yes,Yes,No,Yes,No,Somewhat difficult,Yes,No,Some of them,Some of them,No,Maybe,Don't know,Yes,
4398,2024,32,Male,United States,No,No,Yes,Rarely,1-5,Yes,Yes,No,No,No,Don't know,Yes,Somewhat difficult,Yes,No,No,Yes,Maybe,No,Don't know,No,Stigma is still a major issue in my workplace.
4399,2024,18,Male,United States,Yes,No,No,Rarely,More than 1000,No,No,No,No,No,Yes,No,Don't know,No,No,Some of them,No,Maybe,No,Don't know,No,Burnout is rampant in my team.
4400,2022,36,Female,India,Yes,No,No,Rarely,100-500,Yes,Yes,Yes,Yes,Yes,Don't know,Yes,Somewhat easy,Maybe,No,Yes,No,Maybe,No,No,No,We have EAP but nobody talks about it.
4401,2022,25,Male,United States,No,No,No,Rarely,100-500,No,Yes,No,No,No,Yes,No,Somewhat easy,Maybe,No,Some of them,No,No,Maybe,Don't know,Yes,Better awareness programs needed.
4402,2022,20,Male,Netherlands,No,No,Yes,Often,6-25,Yes,Yes,Don't know,No,Yes,Don't know,Don't know,Somewhat difficult,No,Maybe,No,Some of them,No,Maybe,Don't know,Yes,Anonymous reporting would increase participation.
4403,2021,18,Male,Netherlands,No,No,No,Sometimes,26-100,Yes,Yes,No,Don't know,No,No,Don't know,Somewhat easy,Yes,Maybe,No,Yes,No,Maybe,Don't know,No,
4404,2023,38,Female,Canada,No,No,Yes,Often,26-100,Yes,Yes,Don't know,No,Yes,Yes,Don't know,Somewhat easy,No,No,Some of them,Yes,No,Maybe,Don't know,Yes,Anonymous reporting would increase participation.
4405,2019,20,Male,Germany,No,Yes,Yes,Often,26-100,No,No,Yes,Don't know,No,Yes,No,Somewhat easy,Maybe,No,No,Yes,No,No,Don't know,No,Burnout is rampant in my team.
4406,2024,30,Male,United States,No,No,No,Never,6-25,Yes,Yes,No,Don't know,Yes,No,No,Don't know,No,No,Some of them,Some of them,Maybe,No,Yes,No,Glad to see more companies taking this seriously.
4407,2024,36,Male,Canada,No,Yes,No,Often,26-100,No,Yes,Don't know,No,No,Yes,No,Don't know,Yes,No,Yes,No,Maybe,No,No,No,Open conversations help reduce stigma.
4408,2020,21,Male,United States,No,Yes,No,Rarely,500-1000,Yes,No,Yes,Yes,Yes,Yes,Don't know,Very easy,Yes,No,No,No,Yes,Maybe,Don't know,No,HR resources are available but rarely used.
4409,2021,38,Male,Germany,Yes,Yes,Yes,Rarely,More than 1000,Yes,No,No,Don't know,No,Yes,Yes,Don't know,Yes,No,Some of them,No,Yes,No,No,No,We have EAP but nobody talks about it.
4410,2023,30,Male,United States,No,No,No,Sometimes,1-5,Yes,Yes,No,No,No,Don't know,No,Don't know,Yes,No,Yes,No,No,No,Don't know,Yes,Stigma is still a major issue in my workplace.
4411,2020,29,Male,India,No,No,No,Sometimes,500-1000,No,Yes,No,Yes,No,Don't know,No,Don't know,Yes,Maybe,Yes,Yes,Yes,Maybe,Don't know,Yes,Stigma is still a major issue in my workplace.
4412,2020,39,Male,United Kingdom,No,No,Yes,Sometimes,500-1000,Yes,No,Yes,Yes,Yes,Yes,Yes,Somewhat difficult,Maybe,No,Yes,No,Maybe,Maybe,Yes,No,Better awareness programs needed.
4413,2024,29,Male,United States,No,Yes,Yes,Never,1-5,No,Yes,Yes,No,Don't know,No,Don't know,Don't know,Yes,Maybe,No,No,No,No,Don't know,Yes,Burnout is rampant in my team.
4414,2022,41,Female,United Kingdom,No,No,No,Often,1-5,Yes,Yes,Don't know,Yes,Don't know,Don't know,No,Don't know,No,No,Yes,Yes,Maybe,No,Don't know,Yes,
4415,2021,29,Male,Ireland,Yes,No,Yes,Often,More than 1000,No,Yes,Don't know,Yes,Don't know,Yes,Yes,Don't know,Maybe,No,No,Yes,No,Maybe,Yes,No,
4416,2024,28,Non-binary,United States,No,No,Yes,Sometimes,6-25,Yes,Yes,Yes,Don't know,No,No,Yes,Very easy,No,No,Some of them,No,No,No,No,No,
4417,2019,34,Female,Other,No,No,No,Rarely,More than 1000,Yes,Yes,No,No,No,Don't know,Yes,Very difficult,Yes,Maybe,No,Some of them,No,Maybe,No,Yes,
4418,2024,31,Non-binary,United States,Yes,Yes,Yes,Often,100-500,No,Yes,Yes,No,Yes,Yes,Don't know,Somewhat easy,Maybe,No,Yes,No,Maybe,No,Don't know,No,
4419,2023,27,Male,United States,No,No,Yes,Rarely,100-500,No,No,No,Yes,Yes,Yes,Don't know,Somewhat easy,Maybe,No,Yes,Some of them,No,No,Yes,No,
4420,2022,40,Female,United States,No,No,No,Sometimes,100-500,Yes,Yes,No,Yes,Yes,Yes,Yes,Somewhat easy,Maybe,No,No,Some of them,No,No,Don't know,No,
4421,2020,20,Male,United States,No,No,No,Never,6-25,Yes,No,Don't know,Don't know,No,No,Don't know,Very easy,Maybe,No,Yes,No,Maybe,Yes,Yes,Yes,Management needs training on mental health.
4422,2020,31,Male,United States,Yes,Yes,No,Sometimes,100-500,Yes,Yes,No,Yes,Yes,Don't know,Yes,Very difficult,No,No,Yes,No,Maybe,Yes,Yes,No,
4423,2023,28,Male,Canada,No,No,No,Rarely,6-25,No,Yes,Don't know,No,Don't know,Don't know,Yes,Somewhat difficult,Maybe,No,Yes,Some of them,Maybe,No,No,No,
4424,2023,18,Non-binary,United States,No,No,No,Often,26-100,Yes,Yes,Don't know,No,Yes,Don't know,Yes,Very easy,Maybe,Yes,No,Some of them,No,Yes,Yes,No,Stigma is still a major issue in my workplace.
4425,2024,52,Male,United Kingdom,No,No,No,Rarely,500-1000,No,No,Yes,Don't know,Yes,Yes,Yes,Very easy,No,No,Yes,Some of them,Maybe,No,Yes,No,Stigma is still a major issue in my workplace.
4426,2021,43,Male,Brazil,No,No,Yes,Sometimes,6-25,No,Yes,Don't know,No,No,Yes,Don't know,Very easy,No,No,No,No,No,No,No,Yes,
4427,2022,27,Male,Brazil,No,No,No,Rarely,100-500,Yes,Yes,No,Yes,Yes,Yes,Yes,Somewhat easy,Maybe,No,No,Yes,No,No,Yes,No,More anonymous support options would help.
4428,2024,30,Other / Prefer not to say,Australia,No,Yes,Yes,Often,500-1000,No,Yes,No,No,Yes,Don't know,Yes,Don't know,Maybe,No,No,Yes,Maybe,Maybe,No,No,Glad to see more companies taking this seriously.
4429,2020,20,Male,Canada,Yes,No,No,Rarely,500-1000,No,No,No,Don't know,Yes,Don't know,Don't know,Somewhat difficult,No,No,No,Some of them,No,Yes,Yes,No,Glad to see more companies taking this seriously.
4430,2023,27,Male,Brazil,Yes,Yes,Yes,Never,26-100,Yes,No,Don't know,Yes,Yes,Yes,Don't know,Somewhat easy,Maybe,No,No,No,No,No,Don't know,Yes,More anonymous support options would help.
4431,2022,34,Male,Other,No,No,No,Rarely,500-1000,Yes,Yes,Yes,Yes,No,No,Don't know,Don't know,Yes,No,No,Yes,No,No,Yes,No,
4432,2021,35,Female,United States,No,No,No,Rarely,1-5,Yes,Yes,Don't know,No,No,No,Don't know,Somewhat easy,Yes,No,No,Yes,No,No,Yes,No,Open conversations help reduce stigma.
4433,2024,19,Male,United Kingdom,Yes,No,Yes,Sometimes,100-500,Yes,Yes,Yes,Don't know,Don't know,Yes,Yes,Don't know,Yes,Yes,No,Yes,Yes,Yes,Don't know,No,
4434,2020,24,Male,United States,No,No,Yes,Sometimes,6-25,Yes,Yes,Don't know,No,Don't know,No,Yes,Very difficult,No,Maybe,Some of them,Yes,Maybe,Yes,No,No,
4435,2021,25,Female,United States,No,Yes,No,Never,1-5,Yes,Yes,Don't know,Don't know,Don't know,Yes,Yes,Don't know,No,No,Some of them,Yes,No,Maybe,Don't know,No,
4436,2023,44,Female,United States,No,No,Yes,Often,100-500,No,Yes,No,No,Don't know,Yes,Yes,Somewhat easy,Maybe,No,Yes,Yes,Yes,No,Don't know,No,
4437,2021,30,Female,United States,No,Yes,Yes,Often,6-25,No,Yes,Don't know,Don't know,No,No,Don't know,Somewhat easy,Yes,No,No,No,No,No,Yes,No,Stigma is still a major issue in my workplace.
4438,2022,30,Male,United States,No,No,No,Never,100-500,Yes,Yes,No,Don't know,Yes,Don't know,Yes,Somewhat difficult,Maybe,Maybe,No,Yes,No,No,Don't know,No,More anonymous support options would help.
4439,2023,34,Female,United States,Yes,Yes,No,Often,500-1000,Yes,No,No,Yes,Yes,Yes,Don't know,Somewhat easy,Maybe,No,No,Some of them,No,Maybe,Don't know,No,Leadership support makes all the difference.
4440,2022,23,Male,France,No,Yes,Yes,Sometimes,100-500,No,Yes,Yes,No,Yes,Yes,No,Somewhat easy,Maybe,No,No,Some of them,No,Yes,Don't know,Yes,
4441,2024,25,Female,United States,No,No,Yes,Sometimes,More than 1000,Yes,Yes,Yes,No,Yes,Don't know,Yes,Very easy,Maybe,Maybe,No,Yes,No,Maybe,No,No,We have EAP but nobody talks about it.
4442,2020,29,Female,Other,No,No,No,Rarely,More than 1000,No,No,Yes,Yes,Yes,Don't know,Don't know,Very difficult,No,No,Some of them,No,Yes,Yes,Don't know,No,
4443,2021,28,Female,United States,No,No,No,Never,More than 1000,No,No,Yes,Don't know,Yes,Yes,Don't know,Somewhat easy,Yes,Maybe,No,No,Maybe,Maybe,Don't know,No,
4444,2019,32,Female,Canada,Yes,No,Yes,Rarely,100-500,No,Yes,Yes,Yes,Yes,No,Yes,Somewhat difficult,Yes,No,Yes,No,No,Yes,Don't know,No,
4445,2024,37,Male,United States,No,No,Yes,Sometimes,500-1000,No,No,No,Don't know,Yes,No,Don't know,Somewhat difficult,Yes,Maybe,Yes,No,No,Maybe,Yes,Yes,
4446,2024,29,Female,United States,No,Yes,No,Never,100-500,Yes,Yes,Yes,Don't know,Yes,Don't know,Don't know,Very easy,No,No,Yes,No,No,No,Yes,No,Open conversations help reduce stigma.
4447,2020,30,Male,United Kingdom,Yes,No,No,Rarely,100-500,No,No,Don't know,Don't know,No,Yes,Yes,Somewhat easy,No,Maybe,Yes,Yes,No,Yes,No,No,Burnout is rampant in my team.
4448,2019,28,Female,Other,No,No,No,Never,6-25,No,No,Don't know,Don't know,Don't know,No,Yes,Don't know,Maybe,No,Some of them,No,No,No,No,No,
4449,2019,27,Female,United Kingdom,No,Yes,Yes,Often,6-25,No,No,No,No,Don't know,Yes,Yes,Somewhat easy,No,No,Yes,No,No,Yes,Yes,No,
4450,2024,31,Male,United States,Yes,No,Yes,Sometimes,6-25,No,Yes,No,Yes,No,Don't know,Yes,Don't know,No,Maybe,Some of them,Yes,Maybe,No,Don't know,No,
4451,2019,35,Male,United States,No,No,No,Never,6-25,No,Yes,Yes,No,Yes,No,Don't know,Don't know,Maybe,No,Yes,No,Maybe,No,No,No,
4452,2023,26,Male,France,No,No,No,Rarely,1-5,Yes,Yes,Yes,No,No,No,Don't know,Somewhat easy,No,Yes,No,Yes,Maybe,Maybe,Yes,No,Open conversations help reduce stigma.
4453,2020,19,Male,United States,No,Yes,No,Never,26-100,No,Yes,No,Don't know,Don't know,Don't know,No,Somewhat easy,Maybe,No,No,Yes,Maybe,No,Don't know,Yes,Management needs training on mental health.
4454,2022,19,Other / Prefer not to say,United States,No,No,No,Rarely,26-100,No,Yes,No,Yes,Yes,No,Don't know,Somewhat easy,Maybe,No,Some of them,No,No,Yes,No,No,
4455,2021,43,Female,United States,No,No,No,Rarely,100-500,Yes,Yes,No,Yes,Don't know,Yes,Don't know,Somewhat easy,Maybe,Yes,Some of them,Some of them,No,No,Don't know,No,
4456,2023,32,Male,United Kingdom,Yes,Yes,No,Never,100-500,Yes,No,No,Don't know,No,Yes,Yes,Very easy,Yes,Yes,No,No,Maybe,Maybe,Yes,No,Better awareness programs needed.
4457,2023,22,Other / Prefer not to say,United States,No,No,Yes,Sometimes,More than 1000,No,Yes,Don't know,Yes,Yes,Don't know,Don't know,Very difficult,Maybe,No,Some of them,No,Maybe,No,No,No,HR resources are available but rarely used.
4458,2022,32,Male,Brazil,No,Yes,Yes,Often,100-500,Yes,No,Yes,Don't know,No,Don't know,No,Don't know,Maybe,Maybe,Yes,Yes,No,Maybe,No,No,Open conversations help reduce stigma.
4459,2023,26,Male,United States,No,Yes,No,Never,6-25,Yes,Yes,Don't know,No,No,Yes,Don't know,Don't know,Yes,Yes,Yes,No,Yes,Yes,No,No,
4460,2020,24,Male,Canada,No,Yes,No,Often,26-100,Yes,Yes,Yes,Yes,No,Don't know,No,Somewhat easy,No,No,No,No,No,Maybe,Don't know,No,Leadership support makes all the difference.
4461,2023,20,Male,United States,No,No,No,Sometimes,100-500,No,Yes,No,Yes,No,Yes,Yes,Somewhat difficult,No,No,Yes,Yes,Maybe,Maybe,Don't know,No,Better awareness programs needed.
4462,2024,34,Female,United States,No,No,No,Never,1-5,No,No,No,Yes,No,Yes,No,Somewhat difficult,No,No,Some of them,Some of them,No,Maybe,No,Yes,HR resources are available but rarely used.
4463,2023,24,Male,Other,No,No,Yes,Often,More than 1000,Yes,Yes,Yes,Yes,Don't know,Don't know,Don't know,Very difficult,No,Maybe,Some of them,Yes,Maybe,Maybe,Yes,No,Burnout is rampant in my team.
4464,2023,31,Female,United Kingdom,No,No,No,Sometimes,More than 1000,Yes,Yes,Yes,Don't know,Yes,Don't know,No,Don't know,Yes,No,No,No,Maybe,Maybe,No,Yes,Management needs training on mental health.
4465,2024,28,Female,United States,Yes,Yes,Yes,Often,100-500,No,Yes,Yes,Yes,Yes,Don't know,Don't know,Very easy,No,No,No,No,Maybe,Maybe,No,No,We have EAP but nobody talks about it.
4466,2022,29,Female,Canada,Yes,No,No,Rarely,500-1000,Yes,Yes,No,Don't know,Don't know,Yes,Don't know,Don't know,Maybe,Maybe,No,No,No,No,No,No,
4467,2019,37,Male,Sweden,No,No,Yes,Sometimes,500-1000,No,No,No,Yes,Don't know,No,Yes,Somewhat difficult,No,No,Some of them,No,No,No,Don't know,Yes,
4468,2023,36,Male,United Kingdom,Yes,Yes,Yes,Sometimes,100-500,Yes,Yes,Yes,Yes,Don't know,No,Yes,Very difficult,Maybe,Yes,Some of them,Yes,No,Yes,No,No,Management needs training on mental health.
4469,2023,33,Male,Australia,No,No,No,Rarely,1-5,Yes,Yes,Don't know,Don't know,No,No,No,Don't know,No,No,No,No,No,No,Yes,No,Better awareness programs needed.
4470,2019,20,Other / Prefer not to say,Canada,No,No,Yes,Sometimes,6-25,No,Yes,Yes,No,Don't know,Don't know,Yes,Somewhat difficult,Yes,No,Some of them,Yes,No,Yes,No,No,Remote work has been a double-edged sword.
4471,2019,24,Male,Canada,No,No,Yes,Often,6-25,No,Yes,Don't know,No,No,No,No,Don't know,Maybe,Maybe,No,No,No,Maybe,Yes,No,Anonymous reporting would increase participation.
4472,2022,18,Female,United States,No,Yes,No,Never,100-500,Yes,Yes,No,Yes,Yes,Don't know,No,Don't know,Maybe,No,Some of them,No,No,Yes,Don't know,No,Remote work has been a double-edged sword.
4473,2020,28,Female,United Kingdom,No,No,Yes,Often,1-5,No,Yes,Yes,No,No,Don't know,Don't know,Don't know,Maybe,No,No,Some of them,No,No,Yes,Yes,
4474,2019,30,Female,Other,No,No,Yes,Rarely,26-100,Yes,Yes,Don't know,Don't know,No,Yes,Yes,Don't know,Maybe,No,Yes,No,No,Maybe,Don't know,Yes,Management needs training on mental health.
4475,2023,25,Male,India,No,Yes,Yes,Rarely,More than 1000,No,Yes,Don't know,Yes,Yes,Yes,Don't know,Somewhat easy,No,No,Some of them,Yes,No,No,Don't know,No,
4476,2020,27,Female,United Kingdom,No,No,No,Never,1-5,Yes,Yes,Don't know,Don't know,No,Yes,Don't know,Somewhat easy,Yes,No,Some of them,Some of them,No,Maybe,No,No,Stigma is still a major issue in my workplace.
4477,2019,26,Male,United States,No,No,No,Never,100-500,Yes,No,Yes,Yes,Yes,No,Don't know,Somewhat difficult,Yes,No,Yes,Yes,No,No,Yes,No,
4478,2021,32,Male,United States,Yes,No,No,Never,More than 1000,Yes,No,Yes,Yes,Yes,Don't know,Don't know,Somewhat easy,No,No,No,No,Yes,Maybe,No,No,
4479,2021,35,Male,Canada,No,Yes,No,Rarely,More than 1000,Yes,No,No,Don't know,Yes,Yes,Yes,Somewhat easy,Yes,Yes,Yes,No,Maybe,No,No,No,Burnout is rampant in my team.
4480,2023,28,Male,United Kingdom,No,No,No,Never,More than 1000,No,Yes,No,Yes,Yes,Don't know,Yes,Don't know,Yes,Yes,No,No,Maybe,Maybe,Don't know,No,
4481,2022,30,Male,United States,Yes,No,Yes,Often,26-100,No,Yes,Don't know,Yes,Don't know,Don't know,Yes,Don't know,Maybe,Maybe,Some of them,Some of them,Maybe,Maybe,No,No,Remote work has been a double-edged sword.
4482,2021,46,Male,Canada,No,No,No,Rarely,100-500,No,Yes,Don't know,Yes,No,Don't know,Yes,Don't know,Maybe,No,Yes,No,No,No,Don't know,No,
4483,2022,40,Male,Other,No,No,Yes,Rarely,26-100,Yes,Yes,Don't know,Don't know,No,No,No,Somewhat difficult,Yes,No,Yes,No,No,No,Yes,Yes,More anonymous support options would help.
4484,2023,21,Female,United States,No,No,No,Rarely,500-1000,No,No,Yes,Don't know,Yes,No,Don't know,Don't know,Maybe,No,No,No,No,No,Yes,No,Better awareness programs needed.
4485,2023,47,Female,United States,No,No,No,Never,6-25,Yes,Yes,Yes,Don't know,No,No,Don't know,Somewhat easy,No,No,Yes,Yes,No,Maybe,Yes,No,Better awareness programs needed.
4486,2020,21,Male,Other,No,No,Yes,Never,26-100,No,No,No,Yes,No,No,Don't know,Somewhat easy,No,Maybe,Yes,Yes,Maybe,Yes,Don't know,No,Open conversations help reduce stigma.
4487,2024,32,Female,United Kingdom,No,No,No,Sometimes,1-5,No,Yes,No,Don't know,Don't know,Don't know,Don't know,Somewhat easy,No,No,Yes,Some of them,Maybe,Maybe,Yes,Yes,Stigma is still a major issue in my workplace.
4488,2023,26,Male,United States,No,No,No,Sometimes,500-1000,Yes,No,Yes,Don't know,Yes,No,Don't know,Don't know,No,No,Yes,Yes,No,No,Don't know,No,Burnout is rampant in my team.
4489,2020,18,Female,Australia,No,No,Yes,Sometimes,500-1000,No,Yes,Yes,Yes,Don't know,Don't know,Yes,Don't know,No,No,Yes,No,No,No,Don't know,Yes,Open conversations help reduce stigma.
4490,2021,39,Female,Canada,No,No,No,Often,100-500,No,No,Yes,Don't know,Yes,No,Yes,Don't know,Maybe,Yes,Some of them,Yes,No,Maybe,Yes,No,
4491,2023,23,Male,United States,No,No,Yes,Sometimes,More than 1000,Yes,No,Don't know,Don't know,Yes,No,Don't know,Very difficult,No,No,Yes,Yes,No,Maybe,Yes,No,
4492,2019,32,Male,United States,No,Yes,Yes,Sometimes,More than 1000,No,No,No,Yes,Yes,Don't know,Don't know,Don't know,No,No,No,No,Maybe,Yes,Don't know,No,Better awareness programs needed.
4493,2024,22,Non-binary,United States,No,Yes,Yes,Never,26-100,Yes,No,No,No,No,Yes,Yes,Somewhat easy,Maybe,Maybe,Yes,No,Maybe,No,Don't know,No,
4494,2024,22,Male,United States,No,No,Yes,Sometimes,100-500,Yes,No,Yes,Don't know,Don't know,Yes,Don't know,Somewhat difficult,No,Yes,Some of them,Yes,No,Yes,Don't know,No,
4495,2019,26,Female,United States,No,Yes,No,Never,100-500,Yes,Yes,Yes,Yes,Don't know,Yes,Don't know,Somewhat difficult,Maybe,No,No,No,Yes,No,Yes,No,We have EAP but nobody talks about it.
4496,2021,27,Female,Ireland,No,No,Yes,Sometimes,6-25,No,No,No,Yes,Don't know,No,Don't know,Very difficult,Yes,Yes,Some of them,Some of them,No,Maybe,Don't know,No,HR resources are available but rarely used.
4497,2022,27,Male,Other,No,No,No,Often,6-25,No,No,No,Don't know,Yes,No,Yes,Very easy,No,No,Some of them,No,No,No,Yes,No,
4498,2019,29,Female,France,No,No,Yes,Rarely,26-100,No,No,Don't know,Don't know,Don't know,No,Don't know,Don't know,No,Maybe,No,Some of them,No,Yes,Don't know,No,More anonymous support options would help.
4499,2022,54,Male,United States,No,No,Yes,Sometimes,500-1000,Yes,No,Don't know,Yes,No,Yes,No,Somewhat easy,Maybe,No,Some of them,Some of them,Maybe,Yes,No,No,
4500,2022,33,Male,Ireland,Yes,Yes,Yes,Often,26-100,Yes,Yes,No,Don't know,Don't know,No,No,Somewhat difficult,Maybe,No,Yes,Yes,No,No,Yes,No,
4501,2024,28,Female,United States,No,No,Yes,Sometimes,6-25,Yes,Yes,No,No,No,No,No,Very difficult,No,Yes,No,No,No,No,Don't know,No,Open conversations help reduce stigma.
4502,2022,33,Female,United States,No,No,Yes,Sometimes,6-25,Yes,Yes,Don't know,Yes,Don't know,Don't know,No,Somewhat easy,No,No,Some of them,Yes,No,Maybe,No,No,HR resources are available but rarely used.
4503,2023,28,Male,France,Yes,Yes,No,Rarely,1-5,Yes,Yes,Don't know,Don't know,No,No,No,Somewhat easy,No,No,No,Some of them,No,No,Don't know,No,More anonymous support options would help.
4504,2020,32,Male,Canada,No,Yes,Yes,Sometimes,500-1000,No,No,No,No,Yes,Yes,Don't know,Somewhat difficult,Yes,No,Some of them,Some of them,No,Yes,Yes,No,
4505,2023,38,Male,United Kingdom,No,Yes,Yes,Sometimes,26-100,No,No,Don't know,Don't know,Don't know,No,No,Somewhat easy,Yes,No,Yes,No,No,No,Yes,No,HR resources are available but rarely used.
4506,2023,23,Male,United States,No,Yes,Yes,Sometimes,100-500,No,Yes,No,No,Yes,No,Yes,Don't know,No,No,Yes,Yes,Yes,No,No,No,
4507,2019,27,Female,Germany,No,No,Yes,Often,100-500,No,No,Yes,Don't know,Don't know,Yes,Don't know,Very easy,Yes,No,No,Some of them,Maybe,No,No,No,Leadership support makes all the difference.
4508,2023,23,Male,United States,Yes,Yes,Yes,Never,6-25,Yes,Yes,No,No,Yes,Yes,Yes,Somewhat difficult,Yes,No,Yes,No,No,Maybe,Don't know,No,Management needs training on mental health.
4509,2024,37,Female,Canada,No,Yes,No,Never,More than 1000,Yes,No,Don't know,No,Yes,No,Yes,Very difficult,No,No,No,Yes,No,No,No,No,Burnout is rampant in my team.
4510,2024,35,Male,United States,No,No,No,Never,26-100,No,Yes,No,Yes,No,Don't know,Don't know,Very easy,Maybe,Maybe,Yes,Some of them,No,Maybe,Don't know,No,
4511,2023,18,Non-binary,United States,No,No,No,Rarely,26-100,Yes,No,Don't know,Don't know,Yes,Yes,Yes,Don't know,Maybe,No,No,Yes,No,No,Yes,No,Better awareness programs needed.
4512,2021,36,Non-binary,United States,Yes,Yes,Yes,Often,500-1000,Yes,Yes,No,Don't know,Don't know,Yes,Yes,Somewhat difficult,No,Maybe,No,Yes,No,Yes,Yes,No,Open conversations help reduce stigma.
4513,2020,31,Male,United States,No,Yes,No,Rarely,6-25,No,Yes,No,Yes,Don't know,Yes,Yes,Don't know,No,Maybe,Some of them,Some of them,Maybe,Yes,Yes,No,Stigma is still a major issue in my workplace.
4514,2019,41,Female,Ireland,No,No,No,Often,100-500,No,Yes,Yes,Yes,Yes,Yes,No,Very easy,Maybe,No,Some of them,Some of them,No,Maybe,Yes,Yes,Management needs training on mental health.
4515,2024,33,Male,United States,No,No,No,Never,1-5,Yes,Yes,Don't know,Yes,No,No,Yes,Somewhat easy,Maybe,Yes,Yes,No,No,No,Yes,Yes,Open conversations help reduce stigma.
4516,2021,22,Female,United States,No,No,Yes,Sometimes,100-500,No,Yes,Don't know,Don't know,Don't know,Yes,Don't know,Somewhat easy,No,No,Some of them,Some of them,No,Yes,Yes,No,
4517,2022,26,Male,United States,No,Yes,Yes,Sometimes,100-500,Yes,No,Don't know,No,Yes,No,Yes,Very easy,No,Maybe,Some of them,No,No,No,Don't know,No,Better awareness programs needed.
4518,2019,35,Male,United States,No,No,No,Never,More than 1000,No,Yes,Yes,Yes,Don't know,No,No,Somewhat easy,No,Yes,Some of them,Yes,No,Yes,Don't know,No,Leadership support makes all the difference.
4519,2024,29,Male,United Kingdom,No,Yes,Yes,Never,6-25,No,Yes,Yes,Yes,Yes,Don't know,No,Don't know,Maybe,No,Some of them,Some of them,No,Maybe,No,No,HR resources are available but rarely used.
4520,2022,35,Female,United States,Yes,No,Yes,Rarely,1-5,Yes,Yes,Yes,Don't know,No,Don't know,Don't know,Somewhat easy,Maybe,No,Some of them,Yes,Maybe,Maybe,No,Yes,Stigma is still a major issue in my workplace.
4521,2020,34,Male,Germany,No,No,No,Rarely,More than 1000,No,Yes,Yes,Yes,Yes,Yes,Yes,Don't know,No,No,Some of them,No,No,No,No,No,Anonymous reporting would increase participation.
4522,2022,36,Male,United States,No,Yes,Yes,Rarely,More than 1000,No,No,Yes,Yes,No,Yes,Don't know,Don't know,Yes,No,No,Some of them,Maybe,Maybe,Don't know,No,Stigma is still a major issue in my workplace.
4523,2022,23,Non-binary,Canada,No,No,Yes,Sometimes,26-100,Yes,Yes,No,No,No,No,Don't know,Don't know,Yes,No,Some of them,No,No,Maybe,Don't know,No,Leadership support makes all the difference.
4524,2024,40,Male,Canada,Yes,No,No,Never,500-1000,No,No,Yes,Don't know,Yes,Don't know,No,Don't know,No,Yes,Yes,No,Maybe,No,Don't know,No,
4525,2024,19,Female,United States,No,Yes,Yes,Rarely,26-100,No,Yes,Don't know,No,No,Don't know,Yes,Somewhat difficult,Maybe,No,No,Yes,No,No,Don't know,Yes,We have EAP but nobody talks about it.
4526,2024,26,Male,United States,No,No,Yes,Often,100-500,Yes,Yes,Yes,Don't know,Don't know,Yes,Yes,Somewhat difficult,Yes,Maybe,No,Yes,No,Yes,Yes,No,
4527,2022,28,Male,United States,No,No,No,Often,6-25,Yes,Yes,No,No,Yes,Yes,No,Don't know,Maybe,No,Yes,Yes,Maybe,Yes,No,No,
4528,2020,20,Male,United States,No,No,No,Often,500-1000,Yes,Yes,Yes,Yes,No,Yes,Yes,Somewhat difficult,No,Maybe,Some of them,No,Maybe,Yes,Yes,No,Stigma is still a major issue in my workplace.
4529,2023,37,Male,United States,No,Yes,Yes,Often,100-500,No,Yes,Don't know,Don't know,Yes,Yes,No,Somewhat easy,No,No,No,Some of them,No,No,Yes,No,More anonymous support options would help.
4530,2023,27,Male,United States,No,No,No,Rarely,26-100,Yes,No,Don't know,No,Don't know,No,No,Don't know,Maybe,Yes,No,Yes,Maybe,No,Yes,No,Glad to see more companies taking this seriously.
4531,2019,23,Female,France,No,No,No,Rarely,500-1000,Yes,No,No,Don't know,No,Yes,Yes,Don't know,No,Maybe,No,No,Yes,Yes,Yes,No,More anonymous support options would help.
4532,2021,28,Male,United States,No,No,No,Never,26-100,No,Yes,No,Don't know,Don't know,Don't know,Don't know,Very easy,No,No,Some of them,Yes,No,Maybe,Don't know,No,
4533,2019,30,Female,United States,No,No,Yes,Often,100-500,Yes,No,Yes,Yes,Yes,No,Don't know,Don't know,Maybe,Yes,Some of them,No,Maybe,Maybe,Don't know,No,Open conversations help reduce stigma.
4534,2021,23,Male,United Kingdom,No,No,No,Rarely,500-1000,No,Yes,No,Yes,Yes,Yes,Don't know,Somewhat easy,No,No,No,Some of them,Maybe,No,Don't know,No,Leadership support makes all the difference.
4535,2024,35,Male,United Kingdom,Yes,Yes,Yes,Never,1-5,No,No,No,No,No,No,Yes,Somewhat easy,Maybe,No,No,No,Maybe,No,Yes,No,Anonymous reporting would increase participation.
4536,2024,24,Male,United States,No,No,No,Sometimes,500-1000,Yes,Yes,Don't know,Yes,Don't know,Don't know,No,Somewhat easy,No,No,Some of them,No,No,Maybe,No,No,
4537,2019,28,Other / Prefer not to say,United States,No,No,No,Never,More than 1000,Yes,No,Yes,Yes,Yes,Don't know,No,Somewhat difficult,No,No,No,Yes,No,No,Don't know,No,Glad to see more companies taking this seriously.
4538,2022,26,Female,United Kingdom,No,No,Yes,Rarely,26-100,Yes,Yes,No,Yes,Yes,Yes,Don't know,Somewhat easy,No,No,Some of them,Some of them,Yes,No,Yes,No,
4539,2019,24,Male,United States,No,Yes,No,Sometimes,500-1000,No,No,Yes,No,Yes,Yes,Don't know,Somewhat easy,No,No,No,No,Maybe,Yes,No,No,Stigma is still a major issue in my workplace.
4540,2022,20,Male,Other,No,No,No,Never,6-25,Yes,Yes,Yes,Don't know,No,No,Don't know,Somewhat easy,Maybe,No,Yes,No,Maybe,No,Don't know,No,
4541,2024,32,Male,Australia,No,No,No,Rarely,6-25,Yes,No,Don't know,Don't know,No,No,No,Very easy,Yes,No,No,No,No,No,Yes,No,Open conversations help reduce stigma.
4542,2023,23,Male,United Kingdom,No,No,Yes,Never,1-5,No,Yes,Yes,Yes,No,No,Don't know,Somewhat easy,No,Maybe,No,No,No,No,Don't know,No,
4543,2024,22,Male,Canada,No,No,Yes,Sometimes,26-100,Yes,Yes,No,Don't know,No,Don't know,Don't know,Somewhat difficult,Yes,No,Some of them,Yes,No,Yes,Don't know,No,More anonymous support options would help.
4544,2019,18,Male,United States,No,No,Yes,Rarely,100-500,Yes,Yes,No,No,Don't know,No,Yes,Very easy,Maybe,No,Some of them,Yes,No,No,Yes,No,Stigma is still a major issue in my workplace.
4545,2021,26,Male,India,No,Yes,No,Never,100-500,No,No,No,Yes,Yes,Yes,Don't know,Very difficult,Yes,No,Yes,Yes,No,No,No,No,Better awareness programs needed.
4546,2019,25,Male,Other,No,No,Yes,Rarely,26-100,No,Yes,Don't know,Don't know,Yes,No,No,Don't know,No,No,Yes,Yes,Maybe,No,Don't know,No,HR resources are available but rarely used.
4547,2021,30,Male,Australia,No,No,Yes,Rarely,6-25,Yes,Yes,Yes,Don't know,No,No,Don't know,Don't know,Maybe,No,No,Some of them,No,No,Yes,No,
4548,2024,30,Male,Sweden,No,No,Yes,Rarely,500-1000,No,Yes,Yes,Yes,No,Yes,Don't know,Somewhat difficult,Maybe,No,Yes,No,Maybe,No,Yes,No,
4549,2022,42,Male,United Kingdom,No,No,No,Rarely,100-500,No,Yes,No,Yes,Don't know,Yes,Yes,Don't know,No,No,Yes,No,Maybe,No,No,Yes,
4550,2023,24,Male,Other,No,No,No,Rarely,26-100,No,Yes,Yes,No,Yes,Don't know,Don't know,Somewhat easy,No,No,Some of them,No,Yes,Maybe,Don't know,Yes,
4551,2019,31,Male,Australia,Yes,Yes,Yes,Sometimes,100-500,No,No,Don't know,Yes,No,Yes,Don't know,Somewhat easy,Yes,Maybe,No,Some of them,No,No,Don't know,No,Anonymous reporting would increase participation.
4552,2024,19,Male,United States,No,No,Yes,Sometimes,1-5,Yes,Yes,Don't know,Don't know,Don't know,No,Don't know,Don't know,Yes,No,Some of them,Yes,No,Yes,Don't know,Yes,We have EAP but nobody talks about it.
4553,2020,18,Male,Canada,No,No,Yes,Sometimes,100-500,No,No,Yes,No,Yes,Yes,Don't know,Somewhat easy,No,No,No,Yes,No,No,Yes,No,HR resources are available but rarely used.
4554,2019,32,Female,United States,No,Yes,No,Rarely,500-1000,No,No,Yes,Yes,Yes,Don't know,Don't know,Don't know,No,No,Some of them,No,Yes,No,Don't know,No,Leadership support makes all the difference.
4555,2021,27,Male,Canada,Yes,No,No,Rarely,1-5,Yes,Yes,Don't know,No,Don't know,Yes,Don't know,Very difficult,No,No,No,Some of them,No,Yes,No,No,Stigma is still a major issue in my workplace.
4556,2022,34,Male,Australia,No,No,No,Often,500-1000,No,Yes,Yes,Yes,No,Yes,Don't know,Don't know,No,No,Yes,Some of them,Yes,No,Don't know,No,Open conversations help reduce stigma.
4557,2021,23,Male,Brazil,No,Yes,Yes,Often,26-100,No,No,Yes,Don't know,No,No,No,Somewhat difficult,Yes,No,Yes,Yes,Maybe,Maybe,Yes,No,
4558,2023,45,Male,Germany,No,No,No,Never,100-500,Yes,No,Don't know,Yes,Yes,Don't know,Yes,Somewhat easy,No,No,Some of them,No,No,No,No,No,Burnout is rampant in my team.
4559,2024,19,Male,Other,No,No,Yes,Often,100-500,Yes,Yes,Yes,Don't know,Don't know,No,Yes,Somewhat difficult,Maybe,No,Yes,Yes,No,No,Don't know,No,We have EAP but nobody talks about it.
4560,2023,18,Female,United States,No,Yes,Yes,Never,6-25,No,Yes,Don't know,No,Yes,No,Don't know,Somewhat difficult,No,No,No,Yes,No,No,Yes,Yes,Management needs training on mental health.
4561,2022,34,Male,Germany,Yes,No,Yes,Rarely,6-25,No,Yes,No,No,No,Don't know,No,Don't know,Yes,No,Some of them,Some of them,Maybe,No,Yes,Yes,Leadership support makes all the difference.
4562,2021,40,Male,United States,No,No,Yes,Rarely,100-500,No,Yes,Yes,Don't know,No,Yes,Yes,Somewhat easy,Maybe,No,No,No,No,No,Yes,No,We have EAP but nobody talks about it.
4563,2023,28,Female,United States,No,No,Yes,Sometimes,26-100,No,No,Yes,No,No,No,Don't know,Somewhat easy,Maybe,Maybe,Some of them,No,Maybe,No,No,No,Anonymous reporting would increase participation.
4564,2023,26,Male,Canada,No,Yes,No,Often,26-100,Yes,Yes,No,No,Yes,Don't know,Don't know,Somewhat difficult,No,No,Some of them,No,Yes,Maybe,Yes,No,Open conversations help reduce stigma.
4565,2024,25,Female,Canada,No,Yes,No,Never,6-25,No,No,Don't know,Yes,No,No,Don't know,Somewhat difficult,No,Maybe,Some of them,Yes,Maybe,No,Don't know,No,We have EAP but nobody talks about it.
4566,2023,18,Male,United States,No,No,Yes,Rarely,500-1000,Yes,No,No,Yes,Yes,Don't know,No,Don't know,Yes,No,Yes,Some of them,No,Yes,Don't know,No,Management needs training on mental health.
4567,2019,34,Male,United States,No,Yes,No,Often,100-500,Yes,No,Yes,Yes,No,Don't know,Don't know,Somewhat difficult,Maybe,No,Some of them,Yes,No,No,Don't know,No,We have EAP but nobody talks about it.
4568,2022,36,Male,United States,No,No,Yes,Sometimes,1-5,Yes,No,Don't know,Don't know,Yes,No,Don't know,Don't know,No,No,No,Yes,No,No,No,No,Open conversations help reduce stigma.
4569,2023,30,Male,United States,No,No,No,Never,100-500,No,Yes,No,Yes,No,Yes,Don't know,Somewhat easy,No,No,Yes,Some of them,No,Maybe,No,No,Management needs training on mental health.
4570,2023,44,Male,United States,No,No,Yes,Sometimes,More than 1000,Yes,Yes,Yes,Yes,No,Yes,Don't know,Somewhat easy,No,No,Yes,Some of them,Maybe,Maybe,Don't know,No,Better awareness programs needed.
4571,2019,34,Female,United Kingdom,No,No,No,Often,500-1000,No,Yes,Yes,Yes,No,No,Don't know,Somewhat difficult,No,No,No,Yes,No,No,Yes,No,Glad to see more companies taking this seriously.
4572,2020,19,Male,United Kingdom,No,No,Yes,Rarely,More than 1000,Yes,Yes,Yes,No,Yes,Yes,No,Somewhat easy,Yes,No,No,Yes,No,Maybe,Yes,Yes,
4573,2019,28,Other / Prefer not to say,United States,No,No,No,Rarely,More than 1000,Yes,Yes,Don't know,Yes,Yes,Yes,Yes,Somewhat difficult,Maybe,Maybe,No,No,No,Yes,No,No,Remote work has been a double-edged sword.
4574,2024,23,Male,Germany,No,No,Yes,Often,6-25,Yes,No,No,Don't know,Yes,No,Yes,Somewhat difficult,Yes,No,Yes,No,No,Maybe,Don't know,No,
4575,2019,21,Female,Other,No,No,No,Rarely,100-500,No,No,Yes,Don't know,Yes,Yes,No,Somewhat difficult,Maybe,No,Yes,No,No,Maybe,Yes,No,
4576,2023,21,Female,United States,No,No,Yes,Sometimes,100-500,No,Yes,Yes,Yes,No,Don't know,Yes,Somewhat easy,No,No,Some of them,Some of them,No,Maybe,Yes,Yes,More anonymous support options would help.
4577,2022,28,Male,Canada,No,No,Yes,Sometimes,26-100,Yes,Yes,Yes,No,No,No,No,Somewhat difficult,No,No,No,Some of them,No,Maybe,Don't know,Yes,HR resources are available but rarely used.
4578,2023,39,Male,Canada,No,No,No,Rarely,500-1000,Yes,Yes,Don't know,No,No,Don't know,Yes,Don't know,No,Yes,No,No,No,Yes,Yes,No,
4579,2024,25,Male,United States,No,No,Yes,Often,More than 1000,Yes,No,No,Don't know,Don't know,Yes,Don't know,Somewhat difficult,No,No,No,Yes,No,No,No,No,Open conversations help reduce stigma.
4580,2019,24,Female,United States,No,No,No,Rarely,6-25,No,Yes,Yes,No,No,Don't know,Don't know,Very easy,Maybe,No,Yes,No,Yes,Maybe,Don't know,No,Burnout is rampant in my team.
4581,2024,38,Non-binary,Australia,No,No,Yes,Never,6-25,Yes,Yes,Don't know,Don't know,Don't know,No,Yes,Very difficult,No,No,Some of them,Some of them,No,No,Yes,No,Remote work has been a double-edged sword.
4582,2024,39,Non-binary,United States,No,No,No,Never,More than 1000,No,No,Yes,No,Yes,Yes,No,Very easy,No,Maybe,Yes,No,Yes,Maybe,Yes,No,HR resources are available but rarely used.
4583,2019,32,Male,Sweden,No,Yes,Yes,Often,100-500,No,Yes,Yes,Yes,Don't know,No,Yes,Somewhat difficult,Yes,No,Yes,No,No,Maybe,No,No,
4584,2020,24,Female,United States,No,No,Yes,Never,100-500,Yes,Yes,Yes,Yes,Yes,Don't know,Yes,Somewhat easy,No,No,Some of them,Yes,Maybe,No,No,No,Burnout is rampant in my team.
4585,2021,22,Male,United States,No,Yes,No,Often,26-100,No,Yes,No,No,No,No,Yes,Very difficult,No,Yes,No,Yes,Maybe,Maybe,Don't know,No,
4586,2022,26,Male,Netherlands,No,Yes,No,Never,More than 1000,Yes,No,No,Don't know,Don't know,Yes,Yes,Don't know,No,Yes,No,Yes,No,Yes,No,Yes,Glad to see more companies taking this seriously.
4587,2021,40,Non-binary,United Kingdom,No,No,Yes,Sometimes,More than 1000,Yes,No,Yes,Yes,Don't know,Yes,Yes,Very difficult,Yes,No,Some of them,No,Yes,No,Don't know,No,We have EAP but nobody talks about it.
4588,2022,22,Male,Germany,Yes,Yes,Yes,Often,26-100,Yes,Yes,Yes,Don't know,Yes,Don't know,Don't know,Somewhat difficult,No,Yes,No,Some of them,Maybe,Yes,No,No,More anonymous support options would help.
4589,2022,23,Female,Germany,No,No,No,Never,6-25,Yes,Yes,Yes,No,No,Yes,Yes,Somewhat easy,Maybe,Maybe,Yes,Some of them,No,No,No,No,
4590,2024,33,Male,United Kingdom,No,Yes,Yes,Often,100-500,Yes,Yes,Yes,Yes,No,Yes,Don't know,Somewhat difficult,No,Yes,No,No,Maybe,No,No,No,Burnout is rampant in my team.
4591,2022,53,Male,United Kingdom,No,Yes,No,Often,100-500,Yes,Yes,No,No,Yes,Yes,Don't know,Don't know,Maybe,Maybe,Yes,Yes,No,Yes,Don't know,Yes,
4592,2020,25,Male,France,No,No,No,Never,100-500,No,No,No,Don't know,Yes,Don't know,Yes,Somewhat difficult,Yes,No,No,No,No,No,Don't know,No,HR resources are available but rarely used.
4593,2021,18,Female,United States,No,No,Yes,Often,100-500,Yes,Yes,No,Don't know,Yes,Yes,Don't know,Somewhat difficult,Yes,No,Some of them,No,Maybe,Maybe,Yes,Yes,Anonymous reporting would increase participation.
4594,2024,31,Female,Netherlands,No,Yes,Yes,Sometimes,26-100,Yes,Yes,No,No,Don't know,No,Yes,Don't know,Yes,Maybe,No,Some of them,Yes,No,Yes,No,
4595,2023,26,Male,United Kingdom,Yes,No,Yes,Rarely,More than 1000,Yes,No,No,Don't know,Yes,Yes,Yes,Don't know,No,No,No,No,No,Maybe,Don't know,No,Stigma is still a major issue in my workplace.
4596,2019,28,Male,Canada,No,Yes,Yes,Sometimes,26-100,No,Yes,No,No,No,Don't know,No,Somewhat easy,Maybe,No,Yes,No,Maybe,No,No,No,
4597,2019,25,Male,Netherlands,Yes,No,No,Rarely,100-500,Yes,No,Yes,Yes,No,Don't know,Don't know,Don't know,Yes,Maybe,No,Yes,Maybe,No,Don't know,No,
4598,2020,42,Other / Prefer not to say,Netherlands,No,No,No,Often,6-25,Yes,Yes,Don't know,No,Don't know,No,No,Somewhat easy,Maybe,No,Yes,No,No,Yes,No,Yes,
4599,2024,26,Female,Other,No,Yes,Yes,Often,500-1000,Yes,Yes,Yes,No,Yes,Yes,Don't know,Very easy,Yes,No,No,Yes,Yes,Maybe,Don't know,No,
4600,2021,40,Female,United States,No,Yes,Yes,Often,More than 1000,Yes,Yes,Yes,No,Yes,Yes,Don't know,Somewhat difficult,Maybe,Yes,Yes,Some of them,No,No,No,No,HR resources are available but rarely used.
4601,2022,36,Female,United States,No,Yes,Yes,Often,1-5,Yes,Yes,Yes,Don't know,Don't know,Yes,Don't know,Don't know,No,Maybe,Yes,No,No,Yes,No,No,
4602,2020,33,Male,United Kingdom,No,No,No,Rarely,6-25,No,Yes,Yes,Yes,Yes,No,Yes,Very easy,No,No,Yes,No,Yes,No,Don't know,No,
4603,2021,30,Male,United States,Yes,No,Yes,Sometimes,26-100,No,No,Don't know,No,No,No,Yes,Somewhat difficult,Yes,No,No,Yes,Maybe,Yes,Don't know,No,HR resources are available but rarely used.
4604,2023,38,Male,Germany,No,Yes,Yes,Sometimes,More than 1000,Yes,No,Don't know,Yes,Yes,Don't know,Don't know,Somewhat easy,Yes,No,No,No,No,Yes,Yes,No,
4605,2022,25,Male,United States,Yes,No,No,Never,6-25,Yes,Yes,Yes,No,Yes,Don't know,No,Don't know,Yes,Maybe,Some of them,Yes,Maybe,Yes,No,Yes,
4606,2024,26,Male,Other,No,No,No,Often,1-5,No,Yes,Don't know,Don't know,Don't know,No,Don't know,Somewhat difficult,No,No,No,No,No,No,Yes,No,
4607,2021,21,Male,Germany,Yes,No,Yes,Sometimes,1-5,Yes,Yes,No,Don't know,Yes,Yes,Don't know,Somewhat easy,No,No,No,Yes,No,No,No,No,
4608,2024,23,Male,Other,No,No,No,Often,100-500,Yes,Yes,Yes,Don't know,Don't know,Don't know,Don't know,Don't know,No,No,Some of them,Yes,No,No,Don't know,No,
4609,2023,44,Non-binary,United States,No,No,Yes,Sometimes,More than 1000,Yes,Yes,Don't know,Don't know,Yes,Yes,Don't know,Somewhat difficult,Yes,No,Some of them,No,Maybe,No,No,No,HR resources are available but rarely used.
4610,2024,32,Male,United Kingdom,No,No,No,Sometimes,6-25,No,No,No,No,Yes,Don't know,No,Very difficult,No,Yes,No,Yes,Maybe,No,No,No,
4611,2021,46,Male,United Kingdom,No,No,No,Rarely,26-100,No,Yes,Don't know,No,No,No,No,Very easy,No,No,Yes,Some of them,No,Yes,Don't know,No,We have EAP but nobody talks about it.
4612,2020,25,Male,United States,No,No,Yes,Often,100-500,No,Yes,Don't know,No,Yes,No,Yes,Very easy,Yes,Yes,Yes,No,Yes,Yes,Yes,No,Stigma is still a major issue in my workplace.
4613,2024,53,Male,United Kingdom,No,Yes,Yes,Rarely,100-500,No,Yes,Don't know,No,Don't know,Yes,Don't know,Don't know,No,No,Yes,No,No,Yes,Yes,No,Stigma is still a major issue in my workplace.
4614,2022,24,Male,Other,No,Yes,No,Never,More than 1000,Yes,Yes,Yes,Yes,Yes,Yes,No,Somewhat easy,No,No,Some of them,No,Maybe,Yes,No,No,Management needs training on mental health.
4615,2023,18,Male,Other,Yes,No,Yes,Rarely,26-100,Yes,Yes,No,No,No,Yes,Don't know,Somewhat easy,Yes,No,Yes,Yes,No,No,No,No,
4616,2023,26,Male,United States,Yes,No,No,Sometimes,6-25,No,Yes,Don't know,No,Don't know,Yes,Don't know,Don't know,No,No,Yes,Some of them,No,No,Yes,Yes,
4617,2022,28,Male,United States,No,No,No,Rarely,6-25,No,Yes,No,No,No,Don't know,Don't know,Somewhat easy,Yes,Maybe,Yes,Some of them,Yes,Maybe,Yes,No,
4618,2019,34,Female,United Kingdom,No,No,No,Rarely,100-500,No,Yes,Don't know,Don't know,Don't know,Yes,Yes,Don't know,Maybe,No,Yes,Some of them,Yes,No,Yes,No,We have EAP but nobody talks about it.
4619,2023,39,Male,France,No,No,No,Rarely,100-500,No,Yes,Yes,No,Don't know,Yes,Yes,Very difficult,Yes,Maybe,Some of them,Yes,No,Yes,No,No,
4620,2022,32,Male,United Kingdom,No,No,No,Rarely,100-500,No,Yes,Yes,Don't know,Don't know,Don't know,Yes,Somewhat easy,Yes,No,Some of them,Yes,No,Yes,No,No,
4621,2024,41,Female,United States,No,No,No,Sometimes,6-25,No,Yes,No,No,Don't know,Yes,Don't know,Don't know,No,No,Yes,Some of them,No,Maybe,Don't know,No,Anonymous reporting would increase participation.
4622,2021,24,Male,United States,No,Yes,No,Often,More than 1000,Yes,Yes,Yes,No,Yes,Don't know,Don't know,Somewhat easy,Maybe,Maybe,No,No,Maybe,Maybe,No,No,Remote work has been a double-edged sword.
4623,2022,27,Male,United States,No,No,No,Never,26-100,No,Yes,Yes,Don't know,No,Don't know,No,Don't know,No,Yes,Some of them,No,No,Maybe,No,No,Remote work has been a double-edged sword.
4624,2020,40,Female,India,No,No,No,Rarely,6-25,No,No,No,Yes,No,No,Don't know,Don't know,Yes,No,Yes,Some of them,Maybe,Maybe,Yes,No,Glad to see more companies taking this seriously.
4625,2024,30,Male,Other,No,No,Yes,Rarely,100-500,Yes,Yes,Don't know,Don't know,Yes,Yes,Don't know,Very easy,Maybe,Yes,No,No,No,No,No,No,Remote work has been a double-edged sword.
4626,2023,25,Male,United States,No,Yes,Yes,Often,6-25,Yes,Yes,Yes,No,No,Yes,No,Don't know,Maybe,No,Some of them,Some of them,No,No,Don't know,No,Glad to see more companies taking this seriously.
4627,2023,40,Male,Germany,No,No,No,Rarely,More than 1000,Yes,Yes,Don't know,Yes,Yes,Yes,Yes,Somewhat easy,Yes,No,No,Some of them,No,No,No,No,HR resources are available but rarely used.
4628,2021,26,Male,Netherlands,Yes,Yes,No,Rarely,More than 1000,No,Yes,Yes,Don't know,No,Yes,Yes,Somewhat difficult,No,No,Some of them,No,No,No,Don't know,No,
4629,2023,36,Female,United States,No,No,No,Rarely,26-100,Yes,Yes,Yes,Don't know,Don't know,Yes,No,Very easy,No,No,Yes,No,Maybe,No,Yes,No,
4630,2022,20,Non-binary,Canada,No,Yes,No,Rarely,More than 1000,No,No,Don't know,No,Yes,Don't know,Don't know,Somewhat difficult,Maybe,No,No,No,No,Maybe,Yes,Yes,We have EAP but nobody talks about it.
4631,2023,23,Male,Other,Yes,No,Yes,Never,6-25,Yes,Yes,No,Yes,No,No,Don't know,Don't know,Maybe,No,Yes,No,Yes,Maybe,Yes,No,
4632,2020,18,Female,Ireland,No,No,No,Never,100-500,No,Yes,Yes,Yes,Yes,Don't know,Yes,Don't know,Maybe,No,Yes,Some of them,No,No,No,No,More anonymous support options would help.
4633,2020,37,Male,Netherlands,No,No,Yes,Often,500-1000,No,Yes,Yes,Don't know,No,No,Don't know,Somewhat easy,No,No,No,Some of them,No,No,No,No,Burnout is rampant in my team.
4634,2022,18,Male,United Kingdom,No,No,Yes,Rarely,6-25,Yes,Yes,Don't know,Don't know,No,Don't know,No,Somewhat difficult,Yes,Yes,Yes,No,Maybe,Maybe,No,No,Anonymous reporting would increase participation.
4635,2019,30,Non-binary,United States,No,No,Yes,Never,6-25,No,Yes,Yes,No,No,Yes,Don't know,Very easy,Maybe,No,Yes,Yes,No,No,No,No,Anonymous reporting would increase participation.
4636,2022,28,Male,Canada,No,No,No,Never,500-1000,Yes,Yes,Yes,Yes,Yes,Yes,No,Don't know,Yes,Yes,Yes,No,Maybe,No,Don't know,Yes,
4637,2021,34,Female,United States,No,No,No,Sometimes,100-500,No,Yes,Yes,No,No,Yes,Yes,Very difficult,Maybe,No,No,Some of them,Yes,Yes,No,No,Leadership support makes all the difference.
4638,2019,42,Female,India,No,No,No,Sometimes,More than 1000,No,No,No,Yes,Yes,Don't know,Don't know,Somewhat easy,Maybe,Yes,No,No,No,Maybe,Don't know,No,Stigma is still a major issue in my workplace.
4639,2023,27,Female,United States,Yes,No,Yes,Sometimes,100-500,Yes,Yes,No,Yes,Don't know,Yes,Don't know,Don't know,No,Yes,Some of them,No,No,Maybe,Yes,No,Burnout is rampant in my team.
4640,2022,36,Male,United Kingdom,No,No,Yes,Rarely,500-1000,Yes,Yes,Yes,No,Don't know,Yes,Don't know,Don't know,Yes,No,No,Yes,No,Maybe,Don't know,Yes,More anonymous support options would help.
4641,2021,30,Female,United Kingdom,No,No,No,Rarely,26-100,Yes,Yes,Don't know,No,No,No,Don't know,Don't know,No,No,Some of them,Yes,No,Maybe,Yes,No,Anonymous reporting would increase participation.
4642,2024,20,Male,United Kingdom,No,No,No,Sometimes,26-100,No,Yes,No,Don't know,No,Don't know,Don't know,Don't know,Yes,No,No,No,No,Maybe,Don't know,No,Stigma is still a major issue in my workplace.
4643,2020,32,Female,Australia,No,No,No,Never,100-500,Yes,Yes,Yes,Yes,Don't know,Yes,Yes,Somewhat difficult,No,No,Some of them,Yes,No,Yes,Yes,No,
4644,2022,20,Female,Other,No,Yes,Yes,Rarely,100-500,Yes,Yes,No,Yes,Yes,Yes,No,Very easy,No,Maybe,Some of them,No,No,Maybe,Don't know,Yes,Remote work has been a double-edged sword.
4645,2020,28,Female,Other,No,Yes,Yes,Sometimes,100-500,Yes,Yes,Yes,Don't know,Yes,Yes,Yes,Somewhat easy,Maybe,No,Yes,No,No,No,Yes,Yes,Stigma is still a major issue in my workplace.
4646,2023,29,Male,Canada,No,Yes,No,Often,26-100,Yes,Yes,No,No,No,No,No,Somewhat easy,No,No,Some of them,Some of them,No,Maybe,Don't know,No,
4647,2023,31,Non-binary,Canada,No,No,Yes,Often,6-25,No,No,No,Don't know,No,No,Yes,Somewhat difficult,Maybe,No,Yes,No,No,No,Don't know,No,
4648,2019,38,Male,United States,No,No,Yes,Rarely,1-5,No,Yes,No,Yes,No,No,No,Somewhat difficult,Maybe,No,Some of them,No,No,No,Don't know,No,Better awareness programs needed.
4649,2021,18,Female,Netherlands,No,No,Yes,Often,500-1000,Yes,Yes,No,Don't know,No,Yes,Don't know,Don't know,No,No,Yes,No,No,Yes,No,No,Remote work has been a double-edged sword.
4650,2021,29,Male,Canada,No,No,Yes,Sometimes,6-25,No,Yes,Don't know,Don't know,No,No,No,Very difficult,Maybe,Yes,Some of them,Yes,No,No,No,No,
4651,2023,38,Male,Canada,No,Yes,Yes,Often,500-1000,Yes,Yes,Yes,No,No,No,Don't know,Don't know,Yes,No,No,Yes,No,No,Don't know,No,
4652,2021,25,Male,Canada,No,No,Yes,Often,100-500,No,No,Yes,No,Yes,No,Don't know,Don't know,No,No,Some of them,Some of them,Maybe,No,No,No,
4653,2020,36,Male,Other,No,No,No,Rarely,100-500,Yes,Yes,No,No,No,Yes,No,Don't know,Maybe,No,No,Some of them,No,No,Don't know,No,
4654,2024,23,Male,Brazil,No,Yes,No,Never,More than 1000,No,Yes,Yes,No,Yes,No,Don't know,Don't know,Yes,No,Yes,Yes,Maybe,Maybe,No,No,
4655,2023,35,Male,Other,No,No,No,Never,6-25,Yes,Yes,No,Don't know,No,No,No,Somewhat easy,No,Maybe,Some of them,No,No,Yes,Yes,No,Leadership support makes all the difference.
4656,2023,23,Female,Netherlands,No,No,Yes,Sometimes,6-25,No,Yes,Don't know,Don't know,No,Don't know,Don't know,Somewhat difficult,Yes,Maybe,Some of them,Some of them,Maybe,No,Yes,No,
4657,2024,29,Female,United States,No,No,Yes,Sometimes,500-1000,No,No,Yes,Yes,Yes,Yes,Don't know,Somewhat difficult,No,Yes,No,No,No,Maybe,Don't know,Yes,Anonymous reporting would increase participation.
4658,2021,29,Male,Germany,No,Yes,Yes,Often,100-500,Yes,No,No,No,Yes,Yes,Yes,Somewhat easy,Yes,No,Yes,Some of them,No,Yes,Don't know,No,
4659,2024,30,Male,United States,No,No,Yes,Sometimes,26-100,Yes,No,Don't know,Don't know,Don't know,No,No,Don't know,Maybe,Yes,Some of them,Yes,No,No,Don't know,No,Leadership support makes all the difference.
4660,2020,18,Female,United States,No,Yes,No,Often,6-25,Yes,Yes,No,Don't know,Don't know,Don't know,Don't know,Somewhat easy,Yes,Maybe,No,No,Maybe,No,No,Yes,
4661,2020,35,Non-binary,United Kingdom,No,No,No,Never,1-5,Yes,Yes,Don't know,No,No,Don't know,No,Don't know,No,Maybe,Some of them,No,No,Yes,No,No,Leadership support makes all the difference.
4662,2020,39,Male,United States,No,No,Yes,Sometimes,More than 1000,No,No,No,Yes,No,Yes,Don't know,Don't know,No,No,No,No,No,Yes,Yes,No,Anonymous reporting would increase participation.
4663,2021,35,Male,United States,No,No,No,Rarely,More than 1000,Yes,No,Yes,Don't know,Don't know,Yes,No,Don't know,No,No,Yes,Some of them,No,No,No,No,Leadership support makes all the difference.
4664,2019,25,Female,United States,No,No,No,Often,26-100,Yes,Yes,No,No,No,No,No,Don't know,No,Maybe,No,Yes,Maybe,No,No,No,
4665,2021,41,Non-binary,United States,Yes,No,No,Sometimes,100-500,No,Yes,No,Don't know,Yes,No,Yes,Very easy,Maybe,Yes,No,Yes,Maybe,Yes,Don't know,No,
4666,2023,19,Female,United States,No,No,No,Often,100-500,Yes,No,Yes,No,Yes,Don't know,Yes,Don't know,No,Yes,Yes,No,No,Maybe,Yes,No,Remote work has been a double-edged sword.
4667,2021,23,Male,Other,No,No,Yes,Often,26-100,Yes,Yes,Don't know,Don't know,Don't know,No,Don't know,Don't know,Maybe,No,No,No,No,Maybe,Yes,Yes,
4668,2023,32,Male,United States,No,No,Yes,Sometimes,100-500,Yes,Yes,Yes,Yes,Yes,Don't know,Don't know,Somewhat difficult,Maybe,No,Yes,Some of them,No,Yes,Yes,No,
4669,2020,24,Male,United States,No,Yes,Yes,Rarely,More than 1000,Yes,No,Yes,Don't know,Yes,Yes,Don't know,Very easy,Maybe,No,Some of them,No,Maybe,Yes,Don't know,No,
4670,2024,43,Male,Other,No,Yes,Yes,Never,500-1000,No,No,Yes,Yes,No,No,No,Very easy,No,No,Some of them,No,No,No,Don't know,No,Glad to see more companies taking this seriously.
4671,2019,40,Female,Canada,No,Yes,No,Never,More than 1000,No,Yes,Yes,No,Yes,No,No,Very difficult,No,No,Yes,Yes,Maybe,No,Don't know,Yes,
4672,2019,28,Male,Canada,No,No,No,Often,26-100,Yes,Yes,Yes,No,Don't know,Yes,Yes,Somewhat difficult,Maybe,No,No,Yes,Maybe,No,Yes,No,
4673,2023,26,Male,Other,No,No,Yes,Often,More than 1000,No,No,Don't know,Yes,Yes,Yes,Don't know,Somewhat easy,No,No,No,No,No,No,Yes,No,
4674,2024,24,Male,Canada,No,Yes,No,Never,1-5,Yes,Yes,No,No,No,Yes,No,Don't know,No,No,Some of them,No,No,Yes,Don't know,No,
4675,2022,27,Male,United States,No,No,Yes,Sometimes,26-100,No,Yes,No,No,No,No,Don't know,Somewhat easy,Maybe,Yes,Some of them,Yes,No,No,No,No,Glad to see more companies taking this seriously.
4676,2022,28,Female,Other,No,Yes,No,Never,100-500,Yes,Yes,No,Yes,Yes,Don't know,Don't know,Somewhat easy,Yes,No,No,No,No,No,No,No,
4677,2022,29,Male,United Kingdom,No,No,No,Never,100-500,No,Yes,Yes,Don't know,Don't know,No,Don't know,Don't know,No,No,No,Some of them,No,Maybe,No,No,Glad to see more companies taking this seriously.
4678,2019,28,Female,United States,No,No,No,Often,100-500,No,No,Yes,Yes,Yes,Yes,Don't know,Somewhat difficult,Yes,No,No,Yes,No,Maybe,Don't know,No,Leadership support makes all the difference.
4679,2020,20,Male,United States,Yes,No,No,Never,6-25,Yes,Yes,Don't know,Yes,No,Don't know,Yes,Somewhat difficult,Yes,No,Yes,Some of them,No,No,Yes,Yes,Leadership support makes all the difference.
4680,2021,27,Female,United Kingdom,No,No,Yes,Rarely,500-1000,Yes,Yes,Yes,Yes,Yes,Yes,Yes,Very difficult,No,Yes,No,Yes,No,No,Yes,No,Better awareness programs needed.
4681,2023,18,Other / Prefer not to say,Other,No,Yes,Yes,Often,500-1000,No,Yes,Yes,No,Don't know,Yes,Yes,Don't know,No,No,No,No,No,Yes,Yes,No,Stigma is still a major issue in my workplace.
4682,2022,30,Female,Other,No,No,No,Rarely,100-500,Yes,Yes,Don't know,No,Yes,Yes,Yes,Somewhat difficult,No,Yes,No,Yes,Maybe,No,No,No,HR resources are available but rarely used.
4683,2021,38,Female,United States,No,Yes,Yes,Sometimes,500-1000,Yes,Yes,Don't know,Yes,No,Don't know,Don't know,Don't know,Maybe,No,No,Yes,No,No,Yes,Yes,Management needs training on mental health.
4684,2023,31,Female,United Kingdom,No,Yes,No,Rarely,More than 1000,Yes,Yes,Yes,Yes,Yes,Yes,Yes,Somewhat difficult,Maybe,Yes,No,Yes,No,Maybe,Don't know,No,Anonymous reporting would increase participation.
4685,2020,18,Female,United States,No,No,No,Sometimes,26-100,Yes,Yes,Yes,No,No,No,No,Somewhat easy,Yes,No,Some of them,No,No,No,Yes,No,We have EAP but nobody talks about it.
4686,2024,40,Male,Germany,No,Yes,No,Never,More than 1000,Yes,Yes,Yes,Don't know,Don't know,Yes,No,Don't know,No,No,No,Yes,No,No,No,No,Glad to see more companies taking this seriously.
4687,2019,44,Male,Other,No,No,No,Often,500-1000,Yes,Yes,Yes,Yes,Yes,No,Yes,Somewhat easy,No,No,Yes,Yes,No,Yes,Don't know,No,
4688,2023,18,Female,United States,No,No,Yes,Rarely,More than 1000,Yes,Yes,Yes,No,Yes,Yes,Don't know,Somewhat easy,No,No,No,Yes,Maybe,Maybe,No,No,
4689,2022,34,Female,India,Yes,Yes,Yes,Often,6-25,Yes,Yes,Don't know,No,No,Don't know,No,Don't know,No,Maybe,No,Yes,No,Maybe,No,No,We have EAP but nobody talks about it.
4690,2020,45,Male,United Kingdom,No,No,Yes,Sometimes,26-100,Yes,Yes,No,No,Yes,Yes,Don't know,Very difficult,Maybe,Maybe,Some of them,Some of them,Maybe,No,No,No,
4691,2021,38,Male,Netherlands,No,Yes,No,Sometimes,26-100,No,Yes,No,Don't know,Don't know,No,Don't know,Very easy,No,No,Yes,No,No,No,Don't know,Yes,Remote work has been a double-edged sword.
4692,2023,26,Male,United Kingdom,No,Yes,Yes,Often,6-25,No,Yes,Yes,No,No,Yes,No,Somewhat difficult,Maybe,No,Yes,Yes,No,Maybe,No,Yes,
4693,2023,25,Female,Other,No,No,No,Never,6-25,Yes,Yes,No,No,No,Yes,No,Very easy,No,Yes,No,No,No,Maybe,Don't know,No,
4694,2022,26,Female,Germany,No,No,Yes,Rarely,500-1000,No,Yes,No,Yes,Yes,Don't know,Don't know,Don't know,No,No,No,No,No,Maybe,Yes,No,Leadership support makes all the difference.
4695,2021,23,Male,United States,No,No,No,Sometimes,100-500,No,Yes,Don't know,Yes,No,Yes,Don't know,Don't know,No,No,No,No,No,Yes,No,No,Management needs training on mental health.
4696,2024,33,Female,Other,Yes,No,No,Never,More than 1000,No,Yes,Yes,Don't know,Yes,Don't know,Yes,Somewhat easy,No,Yes,No,No,No,No,Yes,Yes,
4697,2021,24,Male,Australia,No,No,No,Rarely,100-500,No,Yes,Yes,Don't know,Don't know,Don't know,No,Very difficult,No,No,No,Some of them,No,No,No,No,
4698,2020,28,Female,Brazil,No,No,Yes,Often,26-100,Yes,Yes,No,Yes,Yes,No,Yes,Very easy,No,No,No,No,Maybe,Maybe,Yes,No,Anonymous reporting would increase participation.
4699,2024,33,Male,United States,No,No,No,Never,500-1000,Yes,Yes,No,Don't know,Don't know,Don't know,No,Somewhat difficult,Maybe,Yes,Some of them,Yes,Maybe,Yes,No,No,Stigma is still a major issue in my workplace.
4700,2022,37,Female,United States,No,No,Yes,Rarely,26-100,Yes,No,Yes,Don't know,Yes,Don't know,No,Don't know,No,No,Yes,Some of them,Maybe,No,Yes,No,We have EAP but nobody talks about it.
4701,2022,33,Male,Other,No,Yes,Yes,Rarely,100-500,No,Yes,No,No,Don't know,Don't know,Yes,Somewhat easy,Yes,Maybe,Some of them,Some of them,Maybe,No,Don't know,No,
4702,2022,36,Female,Ireland,No,No,Yes,Often,26-100,No,Yes,Don't know,No,No,Don't know,No,Somewhat easy,No,No,Yes,Some of them,No,Maybe,Yes,No,Burnout is rampant in my team.
4703,2022,36,Other / Prefer not to say,Germany,No,No,No,Never,500-1000,No,Yes,Don't know,Don't know,Don't know,Yes,Don't know,Somewhat easy,Maybe,No,No,Yes,Maybe,No,Don't know,No,Open conversations help reduce stigma.
4704,2023,19,Female,United States,No,No,Yes,Often,100-500,No,No,Don't know,Yes,Yes,Yes,Yes,Very difficult,No,No,No,Yes,No,No,No,Yes,
4705,2023,18,Male,United States,No,Yes,No,Rarely,More than 1000,Yes,Yes,Don't know,Don't know,Yes,Don't know,Yes,Very difficult,No,No,No,Yes,No,Maybe,Yes,Yes,Anonymous reporting would increase participation.
4706,2020,37,Male,Canada,No,No,Yes,Never,26-100,Yes,Yes,Yes,Don't know,Don't know,No,No,Somewhat difficult,Yes,No,No,No,No,Maybe,No,No,
4707,2022,29,Female,Other,No,No,Yes,Often,1-5,Yes,Yes,Don't know,No,Yes,No,No,Somewhat easy,No,Maybe,No,Some of them,No,Maybe,Yes,Yes,
4708,2022,28,Male,United Kingdom,No,No,No,Rarely,More than 1000,Yes,Yes,Yes,No,Don't know,No,Yes,Don't know,No,No,Yes,No,No,No,Don't know,Yes,We have EAP but nobody talks about it.
4709,2023,37,Male,United States,No,No,Yes,Rarely,100-500,Yes,Yes,Yes,Yes,No,No,Don't know,Somewhat easy,Maybe,Yes,Yes,Some of them,No,No,Don't know,No,Remote work has been a double-edged sword.
4710,2024,39,Other / Prefer not to say,Other,No,No,Yes,Sometimes,26-100,Yes,No,Yes,No,No,No,No,Don't know,Yes,Yes,Some of them,Some of them,No,No,Yes,Yes,
4711,2021,29,Male,United States,No,No,No,Rarely,100-500,No,Yes,Yes,Yes,Yes,Don't know,Don't know,Somewhat easy,Maybe,No,No,Some of them,No,No,Yes,No,Better awareness programs needed.
4712,2024,27,Male,Other,No,No,Yes,Sometimes,1-5,Yes,No,Don't know,Don't know,Don't know,Don't know,Don't know,Somewhat easy,Maybe,No,Yes,No,No,Yes,Don't know,No,Glad to see more companies taking this seriously.
4713,2020,25,Male,Germany,Yes,No,No,Sometimes,26-100,No,No,No,No,No,Yes,No,Very easy,Yes,No,No,No,No,Yes,Yes,No,Stigma is still a major issue in my workplace.
4714,2022,37,Male,United States,No,No,Yes,Often,6-25,No,Yes,Don't know,Don't know,Don't know,No,Don't know,Very difficult,No,Maybe,Some of them,Yes,No,No,Yes,No,
4715,2021,28,Male,United States,Yes,No,Yes,Often,100-500,Yes,Yes,Yes,Yes,Don't know,Yes,Don't know,Somewhat easy,Yes,Yes,Yes,No,No,Yes,Yes,No,HR resources are available but rarely used.
4716,2023,18,Male,Netherlands,No,No,No,Often,6-25,Yes,No,Yes,Yes,Yes,No,Yes,Don't know,No,No,Some of them,Yes,Maybe,No,Don't know,No,Better awareness programs needed.
4717,2024,33,Female,India,Yes,Yes,No,Sometimes,100-500,No,Yes,Don't know,Don't know,No,Don't know,Yes,Very difficult,Yes,Yes,Yes,Yes,Maybe,No,Yes,No,HR resources are available but rarely used.
4718,2024,38,Male,United States,No,No,No,Rarely,1-5,No,No,No,Don't know,No,Yes,No,Don't know,No,No,Some of them,Yes,Maybe,Yes,Don't know,No,
4719,2020,18,Male,United Kingdom,No,No,Yes,Often,6-25,No,Yes,No,Yes,Don't know,No,Don't know,Somewhat easy,No,No,Yes,No,Maybe,Maybe,No,Yes,
4720,2022,25,Other / Prefer not to say,United States,No,No,No,Rarely,6-25,No,Yes,Don't know,No,No,Don't know,No,Don't know,Yes,No,Yes,No,No,Maybe,Don't know,No,
4721,2023,20,Male,United States,No,No,No,Never,500-1000,No,No,Yes,Yes,No,No,Don't know,Very easy,Yes,No,No,Some of them,No,No,No,No,
4722,2023,39,Male,Canada,No,Yes,No,Never,1-5,Yes,Yes,Yes,Yes,No,Don't know,No,Don't know,Yes,Maybe,Some of them,No,No,Maybe,Yes,No,
4723,2023,18,Female,United States,No,No,No,Never,6-25,Yes,Yes,No,Don't know,No,No,No,Very easy,Maybe,Yes,Some of them,Yes,No,No,Yes,No,
4724,2021,33,Male,Other,No,No,No,Never,26-100,No,Yes,No,No,Yes,No,Yes,Somewhat easy,Maybe,No,No,Some of them,No,Yes,Yes,Yes,
4725,2024,18,Female,Ireland,Yes,No,No,Rarely,100-500,No,Yes,No,No,Yes,Yes,No,Somewhat easy,Yes,No,No,Some of them,No,No,No,No,
4726,2022,35,Male,Brazil,Yes,No,No,Never,26-100,Yes,Yes,No,Don't know,Yes,No,Don't know,Somewhat easy,Maybe,No,Yes,No,No,Yes,Don't know,No,Management needs training on mental health.
4727,2020,34,Male,United States,No,No,Yes,Rarely,26-100,Yes,Yes,Don't know,Yes,Yes,Don't know,No,Somewhat easy,Yes,No,No,Yes,Maybe,No,No,Yes,
4728,2023,35,Male,United Kingdom,No,No,Yes,Often,1-5,Yes,Yes,Don't know,No,No,Don't know,No,Don't know,Maybe,No,No,Yes,No,No,Yes,No,HR resources are available but rarely used.
4729,2021,25,Male,United States,Yes,No,No,Never,More than 1000,Yes,No,Don't know,Don't know,No,Don't know,Don't know,Somewhat easy,Yes,No,No,Yes,Maybe,No,Don't know,Yes,
4730,2019,38,Male,United States,No,No,No,Rarely,500-1000,No,Yes,Don't know,Yes,No,Yes,Yes,Somewhat difficult,Maybe,No,No,Yes,Maybe,Maybe,Don't know,No,
4731,2022,22,Female,Canada,No,No,No,Never,26-100,Yes,No,Yes,No,Don't know,Don't know,Yes,Somewhat easy,Maybe,No,No,Yes,No,No,No,No,
4732,2023,34,Male,United States,Yes,No,Yes,Sometimes,6-25,Yes,Yes,Don't know,Yes,No,Yes,Don't know,Somewhat easy,Yes,No,Some of them,Some of them,Maybe,Yes,Don't know,No,
4733,2024,18,Male,United States,Yes,No,Yes,Rarely,6-25,Yes,Yes,No,Don't know,Don't know,No,Don't know,Somewhat difficult,No,Maybe,Yes,Some of them,Maybe,Yes,No,No,Open conversations help reduce stigma.
4734,2022,21,Female,United States,No,Yes,No,Sometimes,6-25,No,No,Don't know,Yes,No,No,Yes,Don't know,Maybe,No,No,No,Maybe,Maybe,No,No,
4735,2024,23,Male,United States,No,No,Yes,Often,500-1000,No,No,Yes,Don't know,No,Don't know,No,Somewhat easy,No,No,No,Yes,No,Yes,Don't know,No,
4736,2024,24,Male,Australia,No,No,Yes,Sometimes,500-1000,Yes,No,Don't know,Yes,Yes,Yes,Don't know,Don't know,Yes,No,Some of them,Yes,No,No,Don't know,No,We have EAP but nobody talks about it.
4737,2020,27,Male,India,No,No,No,Never,6-25,No,No,No,Don't know,No,No,Don't know,Very easy,No,Maybe,Yes,No,Maybe,No,Don't know,No,More anonymous support options would help.
4738,2022,21,Male,Other,No,No,No,Rarely,500-1000,Yes,Yes,Don't know,Yes,Don't know,No,Yes,Very easy,No,Maybe,Yes,No,No,No,Don't know,No,
4739,2023,34,Female,United Kingdom,No,No,Yes,Often,500-1000,No,Yes,Yes,Yes,Don't know,Yes,Yes,Somewhat easy,Maybe,Yes,No,No,No,Yes,Yes,No,
4740,2021,32,Male,Germany,Yes,No,Yes,Sometimes,More than 1000,Yes,Yes,Don't know,Don't know,Don't know,No,Don't know,Somewhat difficult,Maybe,No,Yes,Yes,No,Maybe,Don't know,No,Glad to see more companies taking this seriously.
4741,2020,34,Other / Prefer not to say,Sweden,No,No,No,Never,100-500,No,Yes,Yes,Don't know,Don't know,Yes,Yes,Very easy,No,No,Yes,Yes,Maybe,No,Don't know,No,
4742,2021,31,Female,United States,No,No,No,Never,6-25,Yes,No,No,No,No,No,Don't know,Somewhat difficult,No,No,No,Yes,Maybe,Maybe,Yes,No,Remote work has been a double-edged sword.
4743,2022,39,Non-binary,United States,No,No,Yes,Often,1-5,No,No,No,No,No,Yes,Don't know,Very easy,Maybe,No,Some of them,Some of them,Yes,No,Don't know,No,More anonymous support options would help.
4744,2021,20,Female,United States,No,No,No,Sometimes,100-500,No,Yes,Yes,Yes,Don't know,Yes,Don't know,Somewhat easy,No,No,Yes,No,Maybe,Yes,No,No,Glad to see more companies taking this seriously.
4745,2024,31,Male,United States,No,No,Yes,Sometimes,100-500,Yes,Yes,Don't know,Yes,Yes,Yes,Yes,Somewhat easy,No,Maybe,No,Some of them,Maybe,Maybe,Yes,No,
4746,2022,33,Male,United States,No,No,No,Sometimes,500-1000,No,Yes,Don't know,Yes,Yes,No,Don't know,Somewhat easy,Maybe,No,Some of them,No,No,Yes,Don't know,Yes,HR resources are available but rarely used.
4747,2024,23,Male,United States,No,No,No,Never,1-5,Yes,Yes,Don't know,Don't know,Don't know,No,No,Very easy,No,No,Yes,No,Maybe,Maybe,Don't know,Yes,Open conversations help reduce stigma.
4748,2019,18,Male,United States,No,Yes,Yes,Sometimes,6-25,No,Yes,No,No,Yes,No,No,Very easy,No,Yes,No,Some of them,Yes,No,Yes,Yes,Stigma is still a major issue in my workplace.
4749,2021,33,Non-binary,India,No,No,No,Sometimes,6-25,No,Yes,Yes,No,Yes,Don't know,No,Very easy,Yes,Maybe,Some of them,Some of them,Maybe,Maybe,Yes,No,
4750,2021,36,Female,United States,No,No,No,Often,26-100,No,Yes,No,No,No,Yes,No,Somewhat easy,Maybe,No,No,No,Maybe,No,Yes,No,Burnout is rampant in my team.
4751,2020,37,Male,United States,No,No,No,Rarely,More than 1000,No,Yes,No,Don't know,Don't know,Yes,Don't know,Very difficult,No,Yes,No,Some of them,Maybe,Maybe,Yes,No,
4752,2023,29,Non-binary,United States,No,No,No,Often,More than 1000,Yes,Yes,Yes,No,No,No,Yes,Very difficult,Maybe,No,No,No,No,Maybe,Don't know,No,
4753,2024,47,Male,Sweden,No,Yes,No,Never,100-500,Yes,No,Don't know,Yes,Yes,Don't know,Yes,Somewhat difficult,No,No,No,No,Maybe,Yes,Don't know,Yes,
4754,2024,35,Other / Prefer not to say,Canada,No,Yes,Yes,Sometimes,500-1000,Yes,Yes,No,Yes,No,Yes,No,Somewhat difficult,No,No,No,No,No,No,Don't know,No,
4755,2023,48,Male,United States,No,Yes,No,Rarely,26-100,Yes,Yes,Don't know,No,Don't know,No,Don't know,Somewhat difficult,Yes,Maybe,Some of them,No,No,No,No,No,HR resources are available but rarely used.
4756,2021,40,Male,Brazil,No,Yes,Yes,Rarely,6-25,No,Yes,No,No,No,Yes,Don't know,Somewhat easy,Maybe,No,Some of them,Some of them,No,No,No,No,Management needs training on mental health.
4757,2019,37,Male,United States,No,No,No,Never,1-5,No,Yes,Don't know,Yes,Don't know,No,No,Very easy,No,Maybe,Some of them,No,No,No,Don't know,No,
4758,2024,23,Male,Netherlands,Yes,Yes,Yes,Sometimes,6-25,Yes,No,Don't know,Don't know,Don't know,Yes,Don't know,Don't know,No,Maybe,Some of them,No,Yes,Maybe,Don't know,No,
4759,2024,29,Female,United States,No,No,No,Never,500-1000,No,Yes,No,Don't know,No,Yes,Don't know,Somewhat easy,Maybe,No,Yes,Some of them,No,Yes,No,No,Open conversations help reduce stigma.
4760,2023,30,Male,Canada,No,No,Yes,Sometimes,26-100,Yes,Yes,No,No,No,Don't know,No,Very easy,Yes,Maybe,No,No,Yes,Yes,No,No,More anonymous support options would help.
4761,2023,24,Female,Ireland,No,Yes,No,Rarely,26-100,No,No,Don't know,No,No,No,Don't know,Very easy,Maybe,Yes,No,No,No,Yes,Yes,No,
4762,2023,34,Female,United States,No,No,No,Often,100-500,Yes,Yes,Yes,No,Don't know,Don't know,Don't know,Somewhat easy,No,No,Some of them,No,No,No,No,No,Burnout is rampant in my team.
4763,2019,34,Male,Germany,No,No,Yes,Never,100-500,No,Yes,Don't know,Don't know,Yes,Yes,Don't know,Somewhat easy,No,No,No,No,Yes,No,No,No,Management needs training on mental health.
4764,2022,37,Female,United States,No,Yes,No,Rarely,6-25,No,Yes,Don't know,No,No,Yes,No,Very easy,Yes,Maybe,Yes,Yes,No,Maybe,Don't know,No,Management needs training on mental health.
4765,2019,41,Male,Brazil,No,Yes,No,Rarely,6-25,No,Yes,Don't know,No,Don't know,No,No,Somewhat easy,Yes,Yes,Some of them,Yes,No,Maybe,Yes,No,
4766,2022,18,Other / Prefer not to say,United Kingdom,No,Yes,Yes,Often,1-5,No,No,Yes,Yes,No,Yes,Yes,Don't know,Maybe,No,Yes,Some of them,Maybe,Maybe,No,No,
4767,2021,22,Female,Australia,No,Yes,No,Rarely,More than 1000,Yes,No,Yes,Don't know,Yes,Yes,Yes,Very easy,No,No,Some of them,Yes,No,No,Don't know,Yes,Remote work has been a double-edged sword.
4768,2020,24,Male,United States,No,No,Yes,Often,100-500,No,No,No,Yes,Yes,Don't know,No,Somewhat easy,No,Maybe,Yes,Some of them,Maybe,Yes,Don't know,No,
4769,2023,33,Female,Canada,No,No,No,Rarely,26-100,No,Yes,No,No,No,Yes,No,Somewhat easy,Maybe,No,Some of them,No,Yes,No,Don't know,Yes,Glad to see more companies taking this seriously.
4770,2022,24,Female,Netherlands,No,No,Yes,Sometimes,26-100,No,No,Don't know,Don't know,Don't know,Don't know,Yes,Don't know,Yes,No,Some of them,No,No,No,Don't know,No,
4771,2020,19,Male,United States,No,No,Yes,Sometimes,26-100,Yes,Yes,Yes,No,No,Yes,Yes,Don't know,No,No,No,Yes,No,Yes,Don't know,Yes,
4772,2023,35,Male,United States,No,Yes,Yes,Sometimes,1-5,No,Yes,No,No,Yes,Don't know,Don't know,Don't know,Maybe,No,Yes,Some of them,No,No,Don't know,No,HR resources are available but rarely used.
4773,2020,35,Male,Other,No,No,No,Never,26-100,Yes,No,Yes,Don't know,No,Yes,Don't know,Don't know,No,No,No,No,Maybe,Yes,Don't know,No,We have EAP but nobody talks about it.
4774,2021,30,Female,United States,No,Yes,No,Sometimes,26-100,Yes,No,Yes,No,Don't know,No,Yes,Don't know,No,Yes,Some of them,No,No,Maybe,No,Yes,Glad to see more companies taking this seriously.
4775,2023,29,Other / Prefer not to say,Canada,No,No,No,Never,100-500,Yes,No,Yes,Don't know,Yes,Yes,Yes,Somewhat easy,No,No,No,Yes,Maybe,No,Don't know,No,
4776,2021,27,Female,India,No,No,Yes,Sometimes,More than 1000,Yes,No,Yes,Don't know,Yes,Yes,Don't know,Very easy,Maybe,No,Some of them,Some of them,No,No,Yes,No,Glad to see more companies taking this seriously.
4777,2020,31,Male,United Kingdom,No,Yes,Yes,Never,More than 1000,No,Yes,Yes,Yes,Yes,No,Don't know,Somewhat easy,No,Maybe,No,No,No,No,No,Yes,
4778,2023,26,Male,Other,No,No,No,Never,More than 1000,No,No,No,No,No,Don't know,Don't know,Somewhat difficult,Maybe,No,Yes,No,Maybe,No,Don't know,Yes,
4779,2020,27,Male,Netherlands,No,No,Yes,Often,100-500,Yes,Yes,No,Yes,No,Yes,Yes,Somewhat difficult,Yes,No,No,No,No,No,No,Yes,
4780,2021,41,Male,United States,No,No,No,Never,26-100,No,Yes,Yes,No,No,Don't know,Don't know,Don't know,No,No,No,Some of them,No,No,Don't know,No,Glad to see more companies taking this seriously.
4781,2024,31,Male,Germany,Yes,No,Yes,Rarely,1-5,No,Yes,Don't know,No,No,Yes,No,Very easy,No,Maybe,No,Some of them,No,No,No,No,Leadership support makes all the difference.
4782,2021,32,Male,United States,No,No,No,Never,26-100,No,Yes,No,No,No,Don't know,No,Don't know,Maybe,No,No,No,No,Yes,Yes,No,Management needs training on mental health.
4783,2019,33,Male,Germany,No,No,Yes,Often,More than 1000,No,Yes,Yes,Yes,Don't know,Don't know,Yes,Somewhat difficult,Yes,Yes,No,Yes,Maybe,No,Don't know,No,Management needs training on mental health.
4784,2019,38,Male,France,No,Yes,Yes,Sometimes,100-500,No,Yes,Yes,Don't know,Yes,No,Don't know,Very easy,Maybe,No,Yes,Yes,No,No,Yes,No,Management needs training on mental health.
4785,2022,22,Non-binary,Ireland,No,Yes,Yes,Sometimes,100-500,No,No,Don't know,No,No,Yes,No,Somewhat easy,No,No,Some of them,Some of them,Maybe,No,Don't know,No,Remote work has been a double-edged sword.
4786,2021,34,Female,United States,No,No,No,Never,6-25,No,Yes,Yes,Yes,Yes,No,Don't know,Somewhat difficult,No,No,No,Some of them,No,Yes,Don't know,No,
4787,2024,35,Male,United States,No,No,No,Sometimes,100-500,No,Yes,No,Yes,Don't know,Yes,No,Don't know,No,No,No,Yes,No,Maybe,Yes,No,Management needs training on mental health.
4788,2022,43,Female,United Kingdom,No,No,No,Never,100-500,Yes,Yes,Yes,Don't know,No,Yes,Yes,Very easy,Maybe,No,Yes,Yes,Maybe,Maybe,Yes,No,
4789,2022,22,Male,Canada,No,No,Yes,Rarely,1-5,No,No,Yes,Yes,No,No,Yes,Don't know,No,No,Yes,No,No,No,Yes,No,
4790,2024,18,Male,United States,Yes,No,No,Sometimes,500-1000,No,No,Yes,Yes,No,No,Don't know,Don't know,Maybe,No,No,No,Maybe,Yes,Yes,No,
4791,2024,29,Female,Netherlands,No,No,No,Rarely,500-1000,Yes,Yes,Yes,No,Yes,Don't know,Don't know,Don't know,No,No,Yes,No,No,No,No,No,Stigma is still a major issue in my workplace.
4792,2023,22,Female,United States,No,No,Yes,Never,100-500,Yes,Yes,Don't know,Don't know,Don't know,Yes,Don't know,Don't know,No,No,Yes,No,No,Yes,No,No,
4793,2020,22,Male,United States,No,No,No,Sometimes,100-500,Yes,Yes,No,Yes,No,Yes,Don't know,Don't know,Maybe,No,No,No,Maybe,No,Yes,No,Leadership support makes all the difference.
4794,2021,22,Male,United States,No,No,No,Never,1-5,No,Yes,No,Don't know,No,No,Don't know,Don't know,No,No,No,No,No,No,Don't know,No,
4795,2024,28,Non-binary,Brazil,No,No,Yes,Often,6-25,No,Yes,Don't know,No,Don't know,Don't know,Don't know,Somewhat difficult,Yes,Maybe,Yes,No,No,No,Don't know,No,More anonymous support options would help.
4796,2021,32,Female,United Kingdom,No,Yes,Yes,Sometimes,26-100,Yes,No,Yes,No,Don't know,Don't know,Don't know,Somewhat easy,Yes,Maybe,Some of them,No,No,Maybe,Yes,No,Stigma is still a major issue in my workplace.
4797,2023,30,Female,Other,No,No,No,Never,6-25,Yes,Yes,Yes,Yes,Don't know,No,Don't know,Somewhat difficult,Yes,No,Some of them,No,No,No,No,No,
4798,2023,29,Male,India,No,No,No,Rarely,More than 1000,No,No,Don't know,Yes,No,Yes,Yes,Don't know,No,No,Yes,Some of them,No,Yes,No,No,Open conversations help reduce stigma.
4799,2022,30,Female,United States,No,No,Yes,Rarely,More than 1000,Yes,Yes,No,Yes,No,Yes,Yes,Don't know,Maybe,Maybe,Some of them,No,Maybe,No,Yes,No,
4800,2020,43,Male,Other,No,No,Yes,Often,6-25,No,Yes,No,Yes,Don't know,Yes,Don't know,Somewhat easy,Maybe,No,No,No,No,Yes,Don't know,No,Open conversations help reduce stigma.
4801,2023,25,Other / Prefer not to say,United States,No,No,No,Sometimes,6-25,No,Yes,No,Yes,Don't know,Yes,No,Don't know,No,No,Some of them,Yes,No,No,Yes,Yes,Remote work has been a double-edged sword.
4802,2023,36,Male,Germany,No,No,Yes,Rarely,26-100,No,Yes,No,Don't know,No,Yes,No,Very difficult,Maybe,Maybe,Some of them,Yes,Maybe,No,Yes,Yes,
4803,2023,33,Non-binary,United States,No,No,No,Rarely,100-500,No,No,No,Don't know,Yes,Yes,Yes,Somewhat easy,Maybe,No,No,No,Maybe,No,Don't know,No,Anonymous reporting would increase participation.
4804,2024,34,Female,Germany,No,No,No,Sometimes,100-500,No,Yes,Don't know,Yes,Yes,Don't know,Yes,Don't know,No,No,Some of them,No,Maybe,Maybe,Don't know,No,Burnout is rampant in my team.
4805,2024,21,Male,United Kingdom,No,No,No,Never,100-500,No,Yes,Yes,Yes,No,Don't know,Don't know,Somewhat easy,Yes,No,No,Some of them,No,Maybe,Don't know,No,Better awareness programs needed.
4806,2022,37,Non-binary,Australia,No,No,Yes,Sometimes,26-100,Yes,No,Yes,No,No,No,Don't know,Somewhat easy,Maybe,Maybe,Some of them,Yes,No,No,Don't know,No,Open conversations help reduce stigma.
4807,2022,36,Male,Germany,No,No,No,Sometimes,100-500,Yes,Yes,No,Yes,Yes,Yes,Yes,Don't know,Maybe,Yes,No,Yes,Maybe,Yes,Yes,No,Leadership support makes all the difference.
4808,2019,37,Female,United States,No,No,Yes,Rarely,1-5,Yes,Yes,Don't know,Don't know,No,Don't know,Don't know,Don't know,No,No,Some of them,Some of them,No,Maybe,Yes,Yes,Open conversations help reduce stigma.
4809,2023,22,Female,United States,No,Yes,Yes,Sometimes,26-100,No,Yes,Don't know,Yes,Yes,Yes,No,Very difficult,Yes,No,No,Yes,No,Maybe,Don't know,No,Burnout is rampant in my team.
4810,2024,28,Male,United States,No,No,No,Never,26-100,Yes,No,Don't know,No,Yes,Yes,No,Somewhat easy,Maybe,No,Some of them,No,No,No,Yes,No,
4811,2023,32,Male,United States,No,Yes,No,Sometimes,6-25,Yes,Yes,No,Don't know,Don't know,Don't know,Don't know,Somewhat easy,Maybe,No,Yes,No,No,No,Don't know,Yes,
4812,2022,41,Female,United States,Yes,No,Yes,Sometimes,More than 1000,No,Yes,Yes,Yes,No,No,Yes,Don't know,Maybe,No,Yes,No,Maybe,No,Don't know,No,Leadership support makes all the difference.
4813,2021,18,Female,United States,No,Yes,No,Often,More than 1000,No,Yes,No,No,No,Yes,Don't know,Somewhat easy,Yes,No,Some of them,No,No,No,No,No,
4814,2023,20,Male,Ireland,Yes,Yes,Yes,Rarely,500-1000,Yes,No,Yes,No,No,No,Don't know,Somewhat easy,No,No,No,Yes,Maybe,No,Yes,No,Management needs training on mental health.
4815,2019,31,Male,United Kingdom,No,Yes,No,Never,6-25,Yes,Yes,No,No,No,No,No,Don't know,Maybe,No,Some of them,Some of them,No,No,No,No,Stigma is still a major issue in my workplace.
4816,2022,26,Male,United States,No,No,No,Rarely,100-500,Yes,Yes,Don't know,No,Don't know,No,Don't know,Somewhat easy,Maybe,No,No,No,No,No,Don't know,No,
4817,2024,33,Male,United States,No,No,Yes,Often,26-100,No,Yes,Yes,No,Yes,No,No,Don't know,Maybe,No,Yes,Yes,Maybe,No,Yes,Yes,
4818,2023,18,Female,United States,No,Yes,Yes,Often,6-25,No,Yes,No,No,Don't know,Don't know,Yes,Somewhat easy,Yes,Yes,No,No,No,No,Yes,Yes,Anonymous reporting would increase participation.
4819,2024,27,Male,Netherlands,No,No,No,Never,500-1000,No,Yes,Yes,Yes,Yes,Yes,Yes,Somewhat easy,Yes,No,Some of them,No,No,No,No,Yes,Glad to see more companies taking this seriously.
4820,2022,28,Female,United Kingdom,No,No,No,Sometimes,6-25,Yes,Yes,No,Yes,No,No,Don't know,Don't know,Maybe,No,No,Yes,No,No,Don't know,No,Open conversations help reduce stigma.
4821,2024,22,Male,Canada,No,No,Yes,Sometimes,26-100,Yes,Yes,Don't know,No,Yes,Don't know,No,Somewhat difficult,Maybe,Maybe,No,Some of them,No,Maybe,No,No,Burnout is rampant in my team.
4822,2023,34,Male,Other,No,No,No,Rarely,More than 1000,No,Yes,Don't know,Yes,Yes,Yes,Don't know,Somewhat difficult,No,No,Yes,No,No,No,Yes,Yes,Glad to see more companies taking this seriously.
4823,2023,23,Female,Other,Yes,No,No,Sometimes,100-500,Yes,Yes,Yes,Don't know,No,Yes,Yes,Don't know,Yes,Yes,Yes,No,No,No,Don't know,Yes,Open conversations help reduce stigma.
4824,2023,31,Male,Netherlands,No,No,No,Rarely,More than 1000,Yes,Yes,No,Don't know,Yes,Yes,Yes,Somewhat easy,No,No,No,Some of them,No,Maybe,Don't know,No,Glad to see more companies taking this seriously.
4825,2021,36,Female,Canada,No,No,No,Often,26-100,No,Yes,Yes,No,Yes,Don't know,Don't know,Somewhat difficult,Maybe,Maybe,Some of them,No,No,Yes,Yes,Yes,Glad to see more companies taking this seriously.
4826,2023,33,Male,United States,Yes,No,No,Rarely,6-25,Yes,Yes,Don't know,Don't know,No,Don't know,No,Somewhat difficult,Maybe,Yes,Some of them,Some of them,No,No,Yes,No,Management needs training on mental health.
4827,2023,26,Other / Prefer not to say,Germany,No,Yes,Yes,Rarely,500-1000,Yes,Yes,Yes,Don't know,Yes,Yes,No,Very difficult,Yes,Yes,Some of them,Yes,No,Yes,Yes,No,
4828,2020,43,Female,Netherlands,No,No,Yes,Rarely,6-25,No,No,Don't know,No,Don't know,Yes,Yes,Somewhat easy,No,No,No,No,No,Yes,No,No,Better awareness programs needed.
4829,2020,45,Male,United States,No,No,Yes,Sometimes,500-1000,No,Yes,Don't know,No,Yes,No,Yes,Somewhat easy,No,No,No,No,No,Yes,No,No,
4830,2023,31,Male,Netherlands,No,No,No,Often,26-100,No,Yes,No,Yes,Don't know,No,No,Don't know,No,No,No,No,No,Maybe,No,Yes,Leadership support makes all the difference.
4831,2019,35,Male,United Kingdom,No,Yes,No,Never,100-500,No,Yes,Yes,Yes,Don't know,Don't know,No,Somewhat easy,No,No,No,No,Maybe,No,Yes,No,Open conversations help reduce stigma.
4832,2019,32,Male,United States,No,Yes,Yes,Rarely,100-500,No,Yes,Don't know,Don't know,No,No,Don't know,Somewhat easy,No,No,No,Some of them,Maybe,Maybe,Don't know,No,Leadership support makes all the difference.
4833,2022,22,Female,United States,No,No,No,Rarely,1-5,No,No,Don't know,Don't know,Yes,Yes,Don't know,Very difficult,Yes,No,Yes,Yes,Maybe,Maybe,Don't know,No,Open conversations help reduce stigma.
4834,2023,22,Male,United States,No,Yes,No,Rarely,26-100,Yes,Yes,No,No,Don't know,Yes,No,Somewhat easy,No,No,No,No,Maybe,No,Don't know,No,Open conversations help reduce stigma.
4835,2020,18,Female,United States,No,No,Yes,Sometimes,100-500,Yes,Yes,Yes,Don't know,Yes,Yes,Don't know,Don't know,Maybe,Maybe,Some of them,No,Yes,Yes,Don't know,No,Leadership support makes all the difference.
4836,2019,36,Female,United States,No,No,Yes,Often,6-25,No,Yes,Yes,Yes,No,Don't know,Yes,Somewhat difficult,Yes,No,Yes,Yes,No,Yes,Don't know,No,Better awareness programs needed.
4837,2020,23,Male,United States,No,No,Yes,Sometimes,6-25,No,Yes,No,No,Don't know,No,No,Don't know,No,No,No,Some of them,Maybe,No,No,No,Burnout is rampant in my team.
4838,2022,35,Male,Ireland,No,No,Yes,Often,100-500,Yes,No,Yes,Don't know,Yes,Don't know,Yes,Somewhat difficult,Yes,No,Yes,Yes,Maybe,No,Don't know,No,Better awareness programs needed.
4839,2024,26,Male,United Kingdom,No,Yes,Yes,Never,100-500,No,Yes,Don't know,No,No,No,No,Somewhat easy,Maybe,No,Some of them,Yes,No,Yes,Don't know,Yes,Burnout is rampant in my team.
4840,2024,32,Female,Australia,No,No,No,Never,26-100,Yes,Yes,Don't know,No,Don't know,No,No,Somewhat easy,Maybe,No,Yes,Yes,No,No,Don't know,No,Leadership support makes all the difference.
4841,2024,36,Female,Canada,No,Yes,No,Never,100-500,No,No,Don't know,Yes,Yes,Don't know,No,Somewhat easy,No,No,No,No,Yes,No,No,No,
4842,2023,31,Male,United States,No,Yes,Yes,Rarely,26-100,Yes,Yes,Don't know,No,Don't know,No,Don't know,Somewhat difficult,Maybe,No,Yes,No,No,No,No,No,More anonymous support options would help.
4843,2023,38,Male,United Kingdom,No,No,Yes,Sometimes,500-1000,Yes,Yes,Yes,Don't know,Don't know,Don't know,Yes,Somewhat easy,No,Maybe,No,Yes,Maybe,Maybe,Don't know,No,Open conversations help reduce stigma.
4844,2019,28,Male,United States,No,No,Yes,Often,26-100,No,Yes,Yes,No,No,Don't know,Don't know,Somewhat easy,No,No,Yes,Yes,No,No,Don't know,Yes,Management needs training on mental health.
4845,2019,21,Female,United Kingdom,No,No,Yes,Rarely,100-500,Yes,Yes,Yes,Yes,Yes,No,Yes,Don't know,No,Yes,Some of them,No,Maybe,Yes,No,No,
4846,2021,29,Male,United States,No,No,No,Often,More than 1000,Yes,Yes,Yes,Don't know,Yes,No,Don't know,Don't know,Yes,No,Some of them,Some of them,No,No,Yes,No,
4847,2021,35,Male,United States,Yes,No,Yes,Sometimes,100-500,No,No,Yes,Yes,Yes,No,Yes,Very easy,No,No,No,Some of them,Maybe,Yes,Yes,No,Remote work has been a double-edged sword.
4848,2020,32,Male,United States,No,Yes,Yes,Sometimes,6-25,Yes,No,No,No,No,No,No,Don't know,Maybe,No,Yes,No,Maybe,Maybe,Yes,No,Anonymous reporting would increase participation.
4849,2021,40,Male,Other,No,No,No,Rarely,More than 1000,No,No,No,Yes,Yes,Don't know,Yes,Don't know,No,No,No,No,No,Maybe,Don't know,No,
4850,2024,18,Male,Australia,No,No,No,Sometimes,26-100,Yes,Yes,Yes,No,No,Yes,No,Somewhat easy,Maybe,No,No,Some of them,No,Yes,Don't know,No,Better awareness programs needed.
4851,2023,35,Female,United Kingdom,No,Yes,Yes,Sometimes,26-100,No,No,Don't know,Yes,Yes,No,Yes,Somewhat difficult,Yes,Maybe,Yes,Some of them,No,Yes,No,No,
4852,2021,18,Female,Canada,No,No,No,Often,More than 1000,No,Yes,Yes,Yes,Yes,Yes,Yes,Very difficult,No,No,Some of them,Yes,Maybe,No,Don't know,No,Open conversations help reduce stigma.
4853,2020,36,Female,United Kingdom,Yes,No,No,Rarely,100-500,No,Yes,Don't know,Yes,Yes,Yes,Yes,Somewhat difficult,No,Maybe,Some of them,Yes,No,No,Don't know,No,Open conversations help reduce stigma.
4854,2023,37,Male,United States,No,No,No,Rarely,26-100,No,Yes,No,No,No,Yes,Don't know,Somewhat easy,No,No,Yes,Some of them,Yes,No,Yes,No,
4855,2021,31,Male,United States,No,Yes,Yes,Never,100-500,Yes,Yes,Yes,Yes,Yes,No,Don't know,Somewhat easy,Maybe,No,No,Yes,No,No,Yes,No,Management needs training on mental health.
4856,2024,19,Male,United States,No,No,Yes,Sometimes,26-100,Yes,Yes,No,Yes,Yes,No,Yes,Somewhat easy,No,No,Some of them,No,No,No,Yes,No,
4857,2020,42,Female,Netherlands,No,Yes,No,Sometimes,26-100,No,Yes,No,Don't know,Yes,Yes,No,Somewhat easy,Yes,No,Yes,Yes,No,Yes,No,Yes,
4858,2023,29,Female,Australia,No,No,Yes,Never,6-25,No,Yes,Don't know,Yes,No,Yes,No,Very difficult,No,No,No,Yes,Maybe,No,Don't know,No,Leadership support makes all the difference.
4859,2023,42,Female,United States,No,No,No,Sometimes,100-500,No,No,Yes,Don't know,Yes,Yes,Don't know,Don't know,Maybe,Yes,No,Yes,Maybe,No,No,Yes,Leadership support makes all the difference.
4860,2019,19,Male,Ireland,No,Yes,No,Sometimes,500-1000,Yes,No,No,Don't know,Don't know,Don't know,Don't know,Somewhat difficult,No,No,Some of them,No,Maybe,No,No,Yes,
4861,2021,18,Other / Prefer not to say,United States,No,Yes,Yes,Sometimes,6-25,No,Yes,No,No,No,Don't know,No,Somewhat easy,Maybe,No,Some of them,No,No,Yes,No,No,More anonymous support options would help.
4862,2023,26,Male,United States,Yes,No,No,Never,6-25,Yes,No,No,No,No,No,No,Somewhat difficult,No,No,No,Yes,No,No,No,No,Remote work has been a double-edged sword.
4863,2020,24,Female,United States,No,Yes,Yes,Sometimes,More than 1000,No,Yes,Yes,Don't know,Yes,Don't know,Don't know,Somewhat difficult,Yes,No,Yes,Yes,No,No,Yes,Yes,
4864,2023,21,Male,United States,No,No,Yes,Often,6-25,Yes,Yes,Yes,No,Don't know,Yes,Don't know,Somewhat difficult,Maybe,No,No,Some of them,No,No,Don't know,No,Open conversations help reduce stigma.
4865,2023,25,Female,United States,No,No,Yes,Sometimes,26-100,Yes,Yes,Don't know,No,No,Don't know,Don't know,Somewhat difficult,Yes,No,No,Yes,No,No,Yes,No,Better awareness programs needed.
4866,2023,37,Male,United States,No,No,No,Often,100-500,Yes,Yes,Yes,Don't know,Yes,Yes,Yes,Somewhat difficult,Maybe,No,No,Yes,No,Maybe,Yes,No,Glad to see more companies taking this seriously.
4867,2021,32,Male,United States,No,Yes,Yes,Never,500-1000,Yes,Yes,Yes,Yes,Yes,Yes,Yes,Don't know,Maybe,No,Yes,No,No,No,Yes,Yes,More anonymous support options would help.
4868,2020,22,Male,Other,No,Yes,No,Rarely,26-100,Yes,Yes,No,No,No,Yes,Yes,Don't know,Maybe,No,No,Yes,No,No,Don't know,No,Burnout is rampant in my team.
4869,2021,34,Male,United Kingdom,No,Yes,Yes,Sometimes,More than 1000,No,Yes,Yes,Yes,Yes,Yes,Don't know,Very difficult,Yes,No,Some of them,No,No,No,Don't know,Yes,
4870,2023,24,Female,Canada,No,No,No,Never,6-25,Yes,Yes,No,Yes,No,No,Yes,Somewhat difficult,Yes,No,No,Yes,No,No,Don't know,No,We have EAP but nobody talks about it.
4871,2023,22,Male,United States,No,No,No,Never,More than 1000,Yes,Yes,No,Yes,No,Don't know,Don't know,Very easy,No,No,No,Yes,Maybe,Maybe,Yes,Yes,Remote work has been a double-edged sword.
4872,2021,25,Male,United States,No,Yes,Yes,Often,100-500,No,Yes,No,Yes,Don't know,Yes,Don't know,Don't know,No,No,Yes,Some of them,Maybe,No,Yes,Yes,
4873,2022,20,Male,Canada,No,Yes,Yes,Often,500-1000,Yes,Yes,Yes,Don't know,Yes,Don't know,Don't know,Don't know,Maybe,No,Some of them,Some of them,No,No,Yes,Yes,Leadership support makes all the difference.
4874,2020,38,Male,United Kingdom,No,Yes,No,Never,More than 1000,No,Yes,Don't know,Yes,Don't know,Yes,Yes,Very difficult,No,No,Some of them,Yes,Maybe,No,Don't know,Yes,Burnout is rampant in my team.
4875,2021,26,Female,Australia,No,Yes,Yes,Sometimes,100-500,Yes,Yes,Don't know,Yes,Don't know,Don't know,Yes,Somewhat easy,No,No,No,Yes,No,Maybe,No,No,Glad to see more companies taking this seriously.
4876,2022,18,Female,United States,No,No,Yes,Often,500-1000,No,Yes,Yes,Yes,Yes,No,Don't know,Very difficult,No,No,Yes,Yes,No,Yes,No,Yes,
4877,2024,20,Male,Germany,No,No,Yes,Never,26-100,Yes,No,No,Yes,No,Don't know,Yes,Somewhat difficult,No,No,Yes,Yes,No,Yes,Don't know,Yes,
4878,2021,29,Male,United States,No,No,No,Rarely,500-1000,Yes,Yes,Don't know,No,Yes,Yes,Yes,Somewhat difficult,Maybe,No,No,No,Maybe,No,Don't know,No,
4879,2022,40,Female,United States,No,No,No,Never,100-500,No,No,Yes,Don't know,No,No,Yes,Don't know,Maybe,Maybe,Some of them,No,No,No,No,No,
4880,2019,23,Male,Other,No,Yes,No,Sometimes,100-500,No,Yes,No,Don't know,Yes,No,Don't know,Somewhat difficult,No,No,No,Yes,No,No,No,No,We have EAP but nobody talks about it.
4881,2020,24,Male,United States,No,Yes,Yes,Often,26-100,Yes,Yes,No,No,Don't know,No,No,Very difficult,Maybe,No,No,No,Yes,Maybe,Yes,No,Remote work has been a double-edged sword.
4882,2024,30,Male,Germany,No,No,No,Sometimes,100-500,No,No,No,Don't know,Yes,Yes,Don't know,Somewhat difficult,Yes,No,Some of them,No,No,Yes,Don't know,No,HR resources are available but rarely used.
4883,2023,20,Non-binary,United States,No,No,No,Never,More than 1000,Yes,Yes,Yes,Yes,No,No,Yes,Don't know,Maybe,No,No,Some of them,Maybe,No,Yes,No,
4884,2021,30,Male,India,No,No,No,Never,100-500,No,Yes,Don't know,Yes,Yes,Don't know,Yes,Don't know,Maybe,No,No,Some of them,Maybe,No,Don't know,No,Stigma is still a major issue in my workplace.
4885,2019,25,Female,United States,No,No,No,Never,6-25,Yes,Yes,No,Yes,Don't know,Don't know,No,Don't know,Maybe,Maybe,Yes,No,No,Yes,Yes,No,Anonymous reporting would increase participation.
4886,2022,27,Male,United States,No,Yes,No,Rarely,100-500,Yes,Yes,No,No,Yes,Yes,Yes,Somewhat difficult,No,No,Some of them,Yes,No,No,No,No,More anonymous support options would help.
4887,2020,19,Male,United States,No,No,Yes,Rarely,100-500,No,Yes,Yes,Yes,Yes,Yes,Don't know,Somewhat easy,No,No,Some of them,No,No,No,Yes,No,
4888,2020,22,Male,United States,No,Yes,No,Never,100-500,Yes,Yes,No,Yes,Don't know,Don't know,Yes,Don't know,Maybe,No,No,Yes,No,No,Don't know,Yes,Stigma is still a major issue in my workplace.
4889,2020,29,Female,Germany,No,No,No,Rarely,26-100,No,No,Yes,Yes,Don't know,No,No,Somewhat difficult,Yes,No,Some of them,Yes,No,Yes,Don't know,No,Management needs training on mental health.
4890,2023,37,Female,United States,No,No,No,Never,6-25,Yes,Yes,Don't know,Yes,Don't know,Don't know,No,Very difficult,Yes,Maybe,Yes,No,Maybe,No,No,No,HR resources are available but rarely used.
4891,2020,37,Male,Other,No,No,Yes,Never,500-1000,Yes,Yes,Yes,Yes,Don't know,No,Yes,Don't know,No,No,No,Yes,No,Maybe,Don't know,Yes,
4892,2021,22,Male,United Kingdom,No,No,Yes,Rarely,100-500,Yes,Yes,Yes,Yes,Yes,No,Don't know,Don't know,No,No,Yes,Yes,Maybe,Maybe,No,Yes,Better awareness programs needed.
4893,2020,28,Male,India,Yes,Yes,Yes,Never,500-1000,Yes,No,No,Yes,Yes,Don't know,Yes,Very easy,Maybe,No,Some of them,Yes,No,Yes,Don't know,No,Management needs training on mental health.
4894,2020,38,Male,United States,Yes,Yes,Yes,Often,6-25,Yes,Yes,Yes,No,Don't know,Don't know,No,Somewhat easy,Maybe,No,Yes,Yes,Yes,No,Don't know,No,Stigma is still a major issue in my workplace.
4895,2021,27,Male,Other,Yes,Yes,Yes,Sometimes,More than 1000,No,Yes,Don't know,Yes,No,Don't know,Yes,Somewhat easy,Yes,Yes,No,No,Yes,Maybe,No,No,
4896,2023,27,Female,Canada,No,No,No,Never,More than 1000,No,No,Yes,Don't know,Yes,Yes,Don't know,Don't know,Maybe,No,No,Yes,Maybe,No,Yes,No,Open conversations help reduce stigma.
4897,2020,32,Male,Germany,Yes,Yes,Yes,Sometimes,More than 1000,No,Yes,Don't know,Don't know,Yes,No,No,Don't know,No,Yes,Yes,Some of them,Maybe,No,No,Yes,Anonymous reporting would increase participation.
4898,2021,33,Male,United Kingdom,Yes,No,No,Sometimes,100-500,Yes,Yes,Yes,No,No,Yes,No,Very difficult,Yes,Maybe,Yes,Yes,Maybe,Maybe,No,No,
4899,2022,56,Male,United States,No,Yes,No,Sometimes,6-25,Yes,Yes,No,Don't know,Don't know,No,Yes,Somewhat easy,No,No,Some of them,Some of them,No,No,Yes,No,Stigma is still a major issue in my workplace.
4900,2019,31,Male,United Kingdom,No,No,Yes,Rarely,More than 1000,Yes,Yes,No,Yes,Don't know,Yes,Yes,Somewhat easy,Maybe,Maybe,No,No,Maybe,No,No,No,Glad to see more companies taking this seriously.
4901,2023,40,Male,Netherlands,No,No,Yes,Rarely,More than 1000,Yes,Yes,No,Yes,No,Don't know,Don't know,Somewhat easy,Maybe,Yes,Yes,No,No,No,Yes,No,HR resources are available but rarely used.
4902,2023,32,Male,United States,No,No,No,Rarely,6-25,No,No,No,No,Don't know,No,No,Somewhat easy,No,No,No,No,No,No,No,No,
4903,2023,20,Male,United States,No,Yes,No,Sometimes,26-100,No,No,No,No,No,No,Don't know,Very easy,No,No,No,Yes,No,Yes,Don't know,No,
4904,2024,34,Male,United States,No,Yes,No,Rarely,6-25,No,Yes,No,No,No,Yes,Yes,Very difficult,Maybe,Yes,No,Yes,Maybe,Yes,No,No,More anonymous support options would help.
4905,2023,20,Male,United States,No,No,No,Never,100-500,No,Yes,Don't know,Yes,Don't know,Yes,Don't know,Very easy,Yes,Maybe,Yes,Yes,Maybe,Maybe,Don't know,Yes,Management needs training on mental health.
4906,2024,37,Female,United States,No,No,Yes,Often,More than 1000,No,Yes,Don't know,Yes,Yes,No,Don't know,Somewhat easy,Yes,No,No,Yes,Yes,No,Don't know,No,Anonymous reporting would increase participation.
4907,2023,25,Male,United Kingdom,No,No,Yes,Rarely,6-25,No,Yes,Yes,Don't know,Don't know,No,Don't know,Very easy,Maybe,Maybe,Yes,Some of them,No,No,No,Yes,Open conversations help reduce stigma.
4908,2019,45,Male,Sweden,No,Yes,No,Rarely,More than 1000,No,Yes,Yes,Don't know,Yes,Don't know,No,Don't know,Maybe,Maybe,No,Some of them,No,Yes,No,No,Management needs training on mental health.
4909,2023,25,Male,United States,No,Yes,No,Never,500-1000,Yes,Yes,No,Don't know,No,Yes,Don't know,Somewhat difficult,Yes,No,No,Yes,No,No,No,No,
4910,2022,35,Female,Canada,No,No,No,Rarely,500-1000,No,Yes,Don't know,No,Yes,Yes,Yes,Don't know,Maybe,Maybe,No,No,Maybe,No,Don't know,Yes,
4911,2021,42,Male,Germany,No,No,Yes,Often,More than 1000,Yes,Yes,Yes,Don't know,No,No,Yes,Somewhat difficult,No,No,No,Yes,No,No,Don't know,No,Better awareness programs needed.
4912,2024,32,Male,India,No,Yes,No,Never,100-500,No,Yes,Don't know,Yes,Yes,Yes,Yes,Don't know,No,No,Some of them,Yes,Maybe,No,Don't know,Yes,
4913,2024,25,Male,United Kingdom,No,No,No,Often,6-25,Yes,Yes,Yes,Don't know,Don't know,Yes,Don't know,Very easy,Yes,No,Yes,No,No,No,Don't know,No,
4914,2023,36,Male,United States,No,No,Yes,Often,26-100,Yes,Yes,Yes,No,No,Yes,Don't know,Somewhat difficult,Maybe,No,Yes,No,Yes,Maybe,Yes,No,
4915,2024,30,Female,Other,No,No,No,Rarely,More than 1000,Yes,Yes,Yes,Yes,No,Yes,No,Somewhat easy,No,No,No,No,No,Yes,No,No,
4916,2022,23,Male,United States,Yes,No,Yes,Rarely,More than 1000,No,Yes,Yes,Don't know,No,No,Don't know,Somewhat difficult,Yes,Maybe,Yes,Yes,No,Maybe,No,Yes,Leadership support makes all the difference.
4917,2024,18,Female,Other,Yes,Yes,Yes,Rarely,100-500,No,Yes,Yes,Yes,Yes,Don't know,Yes,Somewhat easy,Maybe,Maybe,Some of them,Yes,No,No,Yes,No,HR resources are available but rarely used.
4918,2023,26,Male,United States,No,No,No,Sometimes,500-1000,Yes,Yes,Don't know,Don't know,Yes,Don't know,Don't know,Very easy,No,No,No,No,No,Maybe,No,No,
4919,2023,20,Female,United States,No,No,Yes,Sometimes,26-100,Yes,Yes,Don't know,Don't know,Don't know,Don't know,Yes,Somewhat easy,No,No,No,Some of them,Maybe,No,No,No,HR resources are available but rarely used.
4920,2019,40,Male,United States,No,Yes,No,Sometimes,More than 1000,No,Yes,Yes,Yes,Yes,Yes,Don't know,Don't know,Maybe,Yes,Some of them,Some of them,No,Yes,No,No,HR resources are available but rarely used.
4921,2023,40,Male,United Kingdom,No,No,No,Never,500-1000,No,Yes,No,Yes,Yes,Yes,No,Don't know,No,No,No,Yes,No,Yes,Yes,No,
4922,2019,41,Female,United States,No,No,No,Never,100-500,Yes,No,Yes,Yes,Don't know,Yes,No,Don't know,No,No,Yes,Yes,No,Yes,Yes,Yes,Burnout is rampant in my team.
4923,2021,35,Female,United States,No,No,No,Never,6-25,Yes,Yes,No,No,No,No,Don't know,Somewhat easy,Maybe,No,No,Yes,No,No,Yes,No,Leadership support makes all the difference.
4924,2022,29,Female,United States,No,No,Yes,Often,More than 1000,Yes,Yes,Don't know,No,Yes,Yes,Don't know,Very easy,Yes,No,Yes,No,Maybe,Maybe,Yes,No,
4925,2021,41,Male,Netherlands,No,No,Yes,Sometimes,6-25,Yes,No,No,Yes,No,Yes,No,Very difficult,Maybe,Yes,No,No,No,Yes,Don't know,No,Burnout is rampant in my team.
4926,2022,24,Male,Germany,No,Yes,Yes,Rarely,26-100,Yes,No,No,No,No,Yes,Don't know,Don't know,Yes,No,No,Yes,No,Maybe,Don't know,Yes,
4927,2024,43,Male,United States,No,No,No,Rarely,26-100,No,Yes,No,Don't know,No,Yes,Don't know,Somewhat easy,No,Yes,No,No,Maybe,Yes,Don't know,No,Open conversations help reduce stigma.
4928,2024,33,Male,United States,No,Yes,Yes,Often,100-500,Yes,Yes,Don't know,Don't know,Yes,Yes,Don't know,Don't know,No,No,Yes,Yes,No,No,Don't know,Yes,HR resources are available but rarely used.
4929,2021,18,Male,United States,No,Yes,No,Rarely,100-500,Yes,Yes,Yes,Yes,Don't know,No,Yes,Don't know,Maybe,Yes,Some of them,No,No,Maybe,Yes,No,More anonymous support options would help.
4930,2023,37,Female,United Kingdom,No,No,Yes,Sometimes,6-25,Yes,No,No,No,Don't know,Yes,Yes,Somewhat easy,No,No,Yes,Yes,No,No,Don't know,No,
4931,2022,26,Female,Germany,No,No,Yes,Often,26-100,Yes,Yes,No,Yes,No,No,Yes,Somewhat easy,No,No,No,Yes,No,Maybe,Don't know,No,
4932,2020,41,Male,Brazil,No,No,No,Sometimes,6-25,Yes,Yes,Don't know,Yes,No,No,Don't know,Very easy,No,No,Some of them,No,No,No,Don't know,Yes,Better awareness programs needed.
4933,2024,35,Female,Germany,Yes,No,No,Rarely,100-500,No,No,Yes,Yes,No,Don't know,Yes,Somewhat easy,Maybe,Yes,No,No,No,Yes,No,Yes,
4934,2019,25,Male,United States,No,No,No,Rarely,6-25,No,Yes,Yes,No,Yes,No,No,Somewhat difficult,Maybe,No,Some of them,No,No,No,No,No,Remote work has been a double-edged sword.
4935,2020,35,Male,United States,No,No,Yes,Sometimes,26-100,No,Yes,No,Yes,Yes,No,No,Somewhat difficult,No,No,No,No,Maybe,Yes,Don't know,No,Remote work has been a double-edged sword.
4936,2019,36,Female,United States,No,No,No,Sometimes,100-500,No,Yes,Yes,Don't know,No,Don't know,Yes,Somewhat easy,Maybe,No,Some of them,No,No,No,No,No,
4937,2022,32,Female,United Kingdom,No,No,Yes,Never,26-100,Yes,Yes,Yes,No,No,No,No,Don't know,Maybe,No,Some of them,Yes,Maybe,Maybe,No,No,Stigma is still a major issue in my workplace.
4938,2020,27,Female,Canada,No,Yes,Yes,Rarely,1-5,No,Yes,No,No,No,Don't know,Yes,Don't know,Yes,Maybe,No,Some of them,Maybe,Maybe,Yes,No,
4939,2023,24,Male,United States,No,No,Yes,Sometimes,100-500,No,No,Yes,Don't know,Don't know,Yes,Yes,Very difficult,Maybe,No,Yes,Some of them,No,No,Yes,Yes,
4940,2021,26,Male,Sweden,No,No,Yes,Never,More than 1000,Yes,No,Yes,Yes,Don't know,No,Don't know,Somewhat difficult,No,No,Some of them,No,No,Yes,No,No,HR resources are available but rarely used.
4941,2023,34,Male,United States,No,No,No,Rarely,26-100,Yes,No,Yes,No,No,Don't know,No,Somewhat easy,Yes,Maybe,No,No,Maybe,Maybe,Yes,No,Better awareness programs needed.
4942,2024,38,Male,Other,No,Yes,No,Never,6-25,Yes,Yes,No,No,No,No,Yes,Very easy,No,No,Yes,No,Yes,No,No,No,HR resources are available but rarely used.
4943,2024,41,Female,Canada,No,Yes,Yes,Sometimes,6-25,No,Yes,Don't know,No,No,Don't know,Don't know,Somewhat difficult,Maybe,No,Some of them,No,No,No,Yes,No,Remote work has been a double-edged sword.
4944,2019,41,Other / Prefer not to say,United Kingdom,Yes,Yes,Yes,Often,1-5,No,Yes,Don't know,No,Yes,Don't know,Don't know,Somewhat difficult,No,No,Yes,Some of them,No,No,Don't know,No,Remote work has been a double-edged sword.
4945,2024,20,Male,United States,No,No,No,Sometimes,1-5,No,No,Don't know,No,Yes,Yes,No,Somewhat difficult,No,No,Yes,Some of them,No,Yes,No,No,
4946,2022,18,Male,United States,No,Yes,No,Never,500-1000,Yes,Yes,Don't know,Yes,No,Yes,Yes,Don't know,Maybe,No,Some of them,No,No,No,Yes,No,Anonymous reporting would increase participation.
4947,2023,40,Male,United States,No,No,No,Rarely,26-100,No,Yes,Yes,Don't know,No,No,Don't know,Very easy,No,No,Yes,No,No,Maybe,No,Yes,Management needs training on mental health.
4948,2021,42,Female,France,No,No,No,Rarely,100-500,Yes,Yes,Yes,Yes,Yes,Yes,Yes,Don't know,Yes,No,Some of them,Yes,No,No,Don't know,No,We have EAP but nobody talks about it.
4949,2020,35,Male,Australia,No,Yes,Yes,Never,6-25,No,Yes,No,Don't know,No,No,No,Somewhat easy,Yes,Maybe,Some of them,Yes,No,Yes,Yes,No,
4950,2024,32,Female,France,No,No,No,Often,500-1000,Yes,No,Yes,Don't know,No,Yes,Don't know,Don't know,No,Maybe,Yes,No,Maybe,Yes,Yes,No,
4951,2020,30,Female,Brazil,No,No,No,Never,100-500,Yes,Yes,Yes,Yes,No,Yes,Yes,Somewhat easy,Maybe,No,Yes,No,No,Yes,No,Yes,
4952,2024,29,Male,Ireland,Yes,Yes,Yes,Sometimes,500-1000,Yes,Yes,Yes,Yes,Don't know,Yes,No,Somewhat easy,Yes,No,No,No,Maybe,Yes,Yes,No,
4953,2024,20,Non-binary,United States,No,No,Yes,Often,6-25,No,Yes,No,No,Yes,No,No,Very easy,Yes,No,Yes,No,No,Yes,Yes,No,
4954,2019,19,Female,Australia,No,Yes,Yes,Sometimes,500-1000,No,Yes,Yes,Yes,Yes,Don't know,Yes,Don't know,Yes,Yes,Some of them,Yes,Yes,Maybe,Yes,No,
4955,2024,34,Female,Other,No,No,No,Never,1-5,Yes,Yes,No,No,No,No,No,Somewhat easy,Maybe,Maybe,No,Yes,Maybe,Maybe,Yes,Yes,Anonymous reporting would increase participation.
4956,2023,21,Male,United Kingdom,No,Yes,No,Sometimes,26-100,Yes,Yes,Don't know,Yes,Don't know,Yes,Yes,Don't know,No,No,Some of them,Some of them,No,No,Don't know,No,Glad to see more companies taking this seriously.
4957,2024,35,Male,Ireland,No,No,No,Rarely,More than 1000,Yes,Yes,No,Don't know,No,Yes,Yes,Don't know,No,Maybe,No,Some of them,No,Maybe,No,Yes,Leadership support makes all the difference.
4958,2020,40,Non-binary,United States,No,No,Yes,Often,1-5,Yes,No,No,Don't know,Yes,Don't know,No,Very easy,No,No,Some of them,Yes,No,Maybe,Don't know,No,
4959,2021,40,Male,France,No,Yes,Yes,Often,6-25,Yes,Yes,No,No,Yes,No,No,Very difficult,Maybe,No,Some of them,Some of them,Maybe,Yes,Don't know,No,Burnout is rampant in my team.
4960,2020,43,Female,Germany,No,No,Yes,Never,100-500,Yes,Yes,Yes,Yes,Yes,No,Don't know,Don't know,Yes,No,Some of them,No,Yes,No,Yes,No,HR resources are available but rarely used.
4961,2024,39,Male,United States,No,Yes,No,Never,26-100,Yes,Yes,No,Don't know,No,Yes,No,Very difficult,No,No,Some of them,No,No,Maybe,No,No,
4962,2019,34,Female,United States,No,Yes,No,Rarely,100-500,No,No,Don't know,No,Yes,Yes,Yes,Don't know,Yes,No,Some of them,Yes,No,No,Don't know,Yes,Anonymous reporting would increase participation.
4963,2023,29,Male,United States,No,No,No,Rarely,26-100,Yes,No,No,Don't know,No,Yes,Don't know,Don't know,Maybe,No,No,Yes,Maybe,Maybe,Yes,No,
4964,2022,34,Male,United States,No,No,No,Never,26-100,Yes,Yes,No,Yes,No,Yes,No,Very difficult,No,No,No,No,No,Yes,Yes,Yes,
4965,2024,18,Male,United States,Yes,No,No,Rarely,More than 1000,Yes,Yes,Yes,Yes,No,Yes,Don't know,Don't know,No,No,No,No,No,No,Don't know,Yes,
4966,2024,29,Female,Canada,No,No,Yes,Sometimes,6-25,No,Yes,Don't know,Don't know,Yes,No,Don't know,Very difficult,No,No,Yes,Yes,Maybe,No,Don't know,No,
4967,2023,36,Non-binary,United States,No,Yes,Yes,Never,More than 1000,Yes,Yes,Yes,No,Yes,Yes,Yes,Don't know,No,No,No,Yes,Maybe,No,Yes,No,
4968,2022,27,Male,France,No,No,Yes,Sometimes,26-100,No,Yes,No,No,Don't know,No,No,Don't know,Maybe,Yes,No,Some of them,No,Maybe,Yes,Yes,
4969,2024,22,Female,United Kingdom,No,No,Yes,Never,More than 1000,Yes,No,Don't know,Yes,Yes,Don't know,Yes,Somewhat difficult,Yes,Yes,Yes,No,No,Yes,Don't know,No,We have EAP but nobody talks about it.
4970,2023,19,Male,France,No,Yes,Yes,Never,1-5,Yes,Yes,Don't know,Don't know,Don't know,No,Don't know,Very easy,Maybe,No,Some of them,No,No,No,Don't know,Yes,Remote work has been a double-edged sword.
4971,2019,24,Female,United States,No,No,No,Never,100-500,Yes,Yes,Yes,No,Don't know,Yes,No,Very difficult,No,No,No,Yes,Maybe,No,Yes,Yes,Anonymous reporting would increase participation.
4972,2023,19,Male,United States,No,Yes,No,Never,26-100,No,Yes,Don't know,Don't know,No,No,No,Very easy,No,Yes,Some of them,No,Maybe,Yes,Don't know,No,
4973,2020,39,Male,Canada,No,No,Yes,Sometimes,100-500,Yes,Yes,Yes,Yes,Yes,No,Yes,Somewhat easy,Maybe,Maybe,No,Yes,No,No,Don't know,No,
4974,2022,37,Male,Other,Yes,No,No,Rarely,100-500,No,Yes,Yes,Yes,Don't know,Don't know,Don't know,Somewhat easy,Maybe,No,No,Yes,No,No,Don't know,No,Glad to see more companies taking this seriously.
4975,2023,18,Male,United States,No,Yes,No,Often,6-25,Yes,Yes,Don't know,No,Yes,No,Don't know,Don't know,No,Maybe,No,No,No,No,No,No,Better awareness programs needed.
4976,2019,34,Female,United States,No,No,Yes,Never,1-5,Yes,Yes,No,No,Don't know,Don't know,No,Very easy,No,Maybe,No,No,No,Yes,Don't know,No,
4977,2023,31,Male,Netherlands,No,No,No,Never,26-100,No,Yes,No,No,Don't know,Yes,No,Somewhat easy,Maybe,No,No,Yes,No,No,No,No,Glad to see more companies taking this seriously.
4978,2020,33,Male,United Kingdom,No,No,Yes,Often,More than 1000,No,Yes,Yes,Yes,Don't know,Yes,Yes,Very difficult,Maybe,Yes,Yes,Some of them,No,No,Yes,No,Anonymous reporting would increase participation.
4979,2024,28,Male,United States,No,Yes,No,Never,100-500,Yes,Yes,Yes,Yes,Yes,Yes,Don't know,Don't know,Yes,Maybe,Yes,No,No,Maybe,Don't know,Yes,We have EAP but nobody talks about it.
4980,2020,40,Male,United States,No,Yes,Yes,Often,1-5,Yes,Yes,Don't know,Don't know,No,Don't know,Don't know,Somewhat difficult,Yes,No,Yes,No,No,Maybe,Yes,No,Better awareness programs needed.
4981,2022,34,Male,Netherlands,Yes,No,No,Often,1-5,Yes,Yes,Yes,No,No,No,Yes,Somewhat easy,Maybe,Yes,No,No,No,No,Yes,No,
4982,2021,18,Male,United States,No,Yes,Yes,Often,500-1000,Yes,Yes,Yes,Don't know,Don't know,Don't know,No,Somewhat difficult,Maybe,Yes,Some of them,No,No,Maybe,Yes,No,Better awareness programs needed.
4983,2019,18,Male,Canada,No,No,Yes,Often,6-25,Yes,Yes,No,No,No,Yes,Don't know,Very easy,No,No,No,No,Maybe,No,Don't know,No,We have EAP but nobody talks about it.
4984,2020,23,Male,United Kingdom,No,No,No,Sometimes,100-500,Yes,Yes,Yes,No,Don't know,Don't know,Yes,Somewhat difficult,No,No,Some of them,No,Yes,No,Don't know,No,
4985,2023,38,Male,France,No,Yes,No,Never,1-5,No,Yes,No,No,Yes,No,No,Somewhat easy,Yes,No,Some of them,No,No,No,Yes,Yes,Anonymous reporting would increase participation.
4986,2022,35,Female,United States,Yes,No,No,Never,26-100,Yes,Yes,No,No,No,No,No,Somewhat easy,No,No,Yes,Yes,No,Maybe,Don't know,No,Burnout is rampant in my team.
4987,2022,27,Male,United States,No,Yes,Yes,Rarely,100-500,No,No,Yes,No,Don't know,Yes,No,Very difficult,No,No,No,Some of them,No,Yes,Don't know,No,Glad to see more companies taking this seriously.
4988,2021,30,Female,Canada,No,No,No,Never,26-100,Yes,Yes,Yes,Don't know,No,Don't know,No,Don't know,Yes,No,No,No,No,No,Yes,Yes,Glad to see more companies taking this seriously.
4989,2023,25,Male,United Kingdom,No,No,No,Rarely,100-500,Yes,Yes,Don't know,No,Don't know,No,Yes,Somewhat easy,No,No,No,No,No,No,Don't know,Yes,
4990,2022,18,Male,United States,No,No,Yes,Rarely,6-25,No,No,No,Don't know,Don't know,No,Don't know,Somewhat difficult,Maybe,No,No,Yes,Yes,No,No,No,
4991,2019,24,Male,United States,No,Yes,Yes,Sometimes,1-5,Yes,Yes,Don't know,Don't know,No,No,Don't know,Very difficult,No,No,Yes,Yes,Maybe,Maybe,No,No,
4992,2022,38,Female,Canada,No,No,Yes,Often,500-1000,Yes,Yes,Yes,Don't know,No,Yes,No,Very easy,No,No,Yes,Yes,No,Maybe,Yes,No,
4993,2024,49,Female,Netherlands,Yes,No,No,Rarely,100-500,No,Yes,Don't know,Yes,No,No,Yes,Don't know,No,No,Yes,Yes,Maybe,Yes,Don't know,No,Leadership support makes all the difference.
4994,2024,18,Male,United States,No,No,Yes,Rarely,100-500,Yes,Yes,Don't know,Yes,Yes,No,Don't know,Somewhat difficult,No,No,No,No,No,Yes,No,No,
4995,2023,38,Male,Australia,No,No,Yes,Often,100-500,No,Yes,Yes,Yes,No,Don't know,No,Somewhat easy,No,Yes,Some of them,Some of them,Yes,No,Don't know,No,
4996,2023,29,Male,United Kingdom,No,No,Yes,Often,100-500,No,Yes,No,Yes,No,Yes,Don't know,Somewhat difficult,No,Maybe,No,Yes,No,No,Don't know,No,HR resources are available but rarely used.
4997,2023,44,Non-binary,Sweden,No,No,No,Rarely,More than 1000,No,Yes,Yes,Don't know,No,Yes,Don't know,Somewhat easy,No,No,Yes,Yes,No,Maybe,Don't know,No,
4998,2021,31,Male,Canada,No,Yes,Yes,Often,More than 1000,Yes,No,Yes,No,Don't know,Yes,Yes,Very difficult,No,No,Some of them,No,No,No,Don't know,No,Stigma is still a major issue in my workplace.
4999,2019,42,Female,United States,No,Yes,Yes,Never,26-100,No,Yes,Yes,Don't know,No,No,Don't know,Somewhat difficult,Maybe,No,Yes,Yes,Maybe,No,Yes,No,
5000,2021,43,Female,United States,No,Yes,Yes,Rarely,26-100,No,No,Don't know,Yes,No,No,Don't know,Very difficult,No,No,No,No,No,No,Don't know,No,Management needs training on mental health.
